#include "home_assets.h"

#if LV_COLOR_DEPTH != 16 || LV_COLOR_16_SWAP != 0
#error "home_assets.c expects native LVGL RGB565 byte order"
#endif

/* Generated by tools/generate_home_assets.py from native Figma exports. */

static const LV_ATTRIBUTE_MEM_ALIGN LV_ATTRIBUTE_LARGE_CONST uint8_t home_icon_view_img_map[] = {
    0x3c, 0xff, 0xff, 0x3c, 0xff, 0xff, 0x3c, 0xff, 0xff, 0x3c, 0xff, 0xff, 0x3c, 0xff, 0xff, 0x3c, 0xff, 0xff, 0x3c, 0xff, 0xff, 0x3c, 0xff, 0xff,
    0x3c, 0xff, 0xff, 0x3c, 0xff, 0xff, 0x3c, 0xff, 0xff, 0x3c, 0xff, 0xff, 0x3c, 0xff, 0xff, 0x3c, 0xff, 0xff, 0x3c, 0xff, 0xff, 0x3c, 0xff, 0xff,
    0x3c, 0xff, 0xff, 0x3c, 0xff, 0xff, 0x3c, 0xff, 0xff, 0x3c, 0xff, 0xff, 0x3c, 0xff, 0xff, 0x3c, 0xff, 0xff, 0x3c, 0xff, 0xff, 0x3c, 0xff, 0xff,
    0x3c, 0xff, 0xff, 0x3c, 0xff, 0xff, 0x3c, 0xff, 0xff, 0x3c, 0xff, 0xff, 0x3c, 0xff, 0xff, 0x3c, 0xff, 0xff, 0x3c, 0xff, 0xff, 0x3c, 0xff, 0xff,
    0x3c, 0xff, 0xff, 0x3c, 0xff, 0xff, 0x3c, 0xff, 0xff, 0x3c, 0xff, 0xff, 0x3c, 0xff, 0xff, 0x3c, 0xff, 0xff, 0x3c, 0xff, 0xff, 0x3c, 0xff, 0xff,
    0x3c, 0xff, 0xff, 0x3c, 0xff, 0xff, 0x3c, 0xff, 0xff, 0x3c, 0xff, 0xff, 0x3c, 0xff, 0xff, 0x3c, 0xff, 0xff, 0x3c, 0xff, 0xff, 0x3c, 0xff, 0xff,
    0x3c, 0xff, 0xff, 0x3c, 0xff, 0xff, 0x3c, 0xff, 0xff, 0x3c, 0xff, 0xff, 0x3c, 0xff, 0xff, 0x3c, 0xff, 0xff, 0x3c, 0xff, 0xff, 0x3c, 0xff, 0xff,
    0x3c, 0xff, 0xff, 0x3c, 0xff, 0xff, 0x3c, 0xff, 0xff, 0x3c, 0xff, 0xff, 0x3c, 0xff, 0xff, 0x3c, 0xff, 0xff, 0x3c, 0xff, 0xff, 0x3c, 0xff, 0xff,
    0x3c, 0xff, 0xff, 0x3c, 0xff, 0xff, 0x3c, 0xff, 0xff, 0x3c, 0xff, 0xff, 0x3c, 0xff, 0xff, 0x3c, 0xff, 0xff, 0x3c, 0xff, 0xff, 0x3c, 0xff, 0xff,
    0x3c, 0xff, 0xff, 0x3c, 0xff, 0xff, 0x3c, 0xff, 0xff, 0x3c, 0xff, 0xff, 0x3c, 0xff, 0xff, 0x3c, 0xff, 0xff, 0x3c, 0xff, 0xff, 0x3c, 0xff, 0xff,
    0x3c, 0xff, 0xff, 0x3c, 0xff, 0xff, 0x3c, 0xff, 0xff, 0x3c, 0xff, 0xff, 0x3c, 0xff, 0xff, 0x3c, 0xff, 0xff, 0x3c, 0xff, 0xff, 0x3c, 0xff, 0xff,
    0x3c, 0xff, 0xff, 0x3c, 0xff, 0xff, 0x3c, 0xff, 0xff, 0x3c, 0xff, 0xff, 0x3c, 0xff, 0xff, 0x3c, 0xff, 0xff, 0x3c, 0xff, 0xff, 0x3c, 0xff, 0xff,
    0x3c, 0xff, 0xff, 0x3c, 0xff, 0xff, 0x3c, 0xff, 0xff, 0x3c, 0xff, 0xff, 0x3c, 0xff, 0xff, 0x3c, 0xff, 0xff, 0x3c, 0xff, 0xff, 0x3c, 0xff, 0xff,
    0x3c, 0xff, 0xff, 0x3c, 0xff, 0xff, 0x3c, 0xff, 0xff, 0x3c, 0xff, 0xff, 0x3c, 0xff, 0xff, 0x3c, 0xff, 0xff, 0x3c, 0xff, 0xff, 0x3c, 0xff, 0xff,
    0x3c, 0xff, 0xff, 0x3c, 0xff, 0xff, 0x3c, 0xff, 0xff, 0x3c, 0xff, 0xff, 0x3c, 0xff, 0xff, 0x3c, 0xff, 0xff, 0x3c, 0xff, 0xff, 0x3c, 0xff, 0xff,
    0x3c, 0xff, 0xff, 0x3c, 0xff, 0xff, 0x3c, 0xff, 0xff, 0x3c, 0xff, 0xff, 0x3c, 0xff, 0xff, 0x3c, 0xff, 0xff, 0x3c, 0xff, 0xff, 0x3c, 0xff, 0xff,
    0x3c, 0xff, 0xff, 0x3c, 0xff, 0xff, 0x3c, 0xff, 0xff, 0x3c, 0xff, 0xff, 0x3c, 0xff, 0xff, 0x3c, 0xff, 0xff, 0x3c, 0xff, 0xff, 0x3c, 0xff, 0xff,
    0x3c, 0xff, 0xff, 0x3c, 0xff, 0xff, 0x3c, 0xff, 0xff, 0x3c, 0xff, 0xff, 0x3c, 0xff, 0xff, 0x3c, 0xff, 0xff, 0x3c, 0xff, 0xff, 0x3c, 0xff, 0xff,
    0x3c, 0xff, 0xff, 0x3c, 0xff, 0xff, 0x3c, 0xff, 0xff, 0x3c, 0xff, 0xff, 0x3c, 0xff, 0xff, 0x3c, 0xff, 0xff, 0x3c, 0xff, 0xff, 0x3c, 0xff, 0xff,
    0x3c, 0xff, 0xff, 0x3c, 0xff, 0xff, 0x3c, 0xff, 0xff, 0x3c, 0xff, 0xff, 0x3c, 0xff, 0xff, 0x3c, 0xff, 0xff, 0x3c, 0xff, 0xff, 0x3c, 0xff, 0xff,
    0x3c, 0xff, 0xff, 0x3c, 0xff, 0xff, 0x3c, 0xff, 0xff, 0x3c, 0xff, 0xff, 0x3c, 0xff, 0xff, 0x3c, 0xff, 0xff, 0x3c, 0xff, 0xff, 0x3c, 0xff, 0xff,
    0x3c, 0xff, 0xff, 0x3c, 0xff, 0xff, 0x3c, 0xff, 0xff, 0x3c, 0xff, 0xff, 0x3c, 0xff, 0xff, 0x3c, 0xff, 0xff, 0x3c, 0xff, 0xff, 0x3c, 0xff, 0xff,
    0x3c, 0xff, 0xff, 0x3c, 0xff, 0xff, 0x3c, 0xff, 0xff, 0x3c, 0xff, 0xff, 0x3c, 0xff, 0xff, 0x3c, 0xff, 0xff, 0x3c, 0xff, 0xff, 0x3c, 0xff, 0xff,
    0x3c, 0xff, 0xff, 0x3c, 0xff, 0xff, 0x3c, 0xff, 0xff, 0x3c, 0xff, 0xff, 0x3c, 0xff, 0xff, 0x3c, 0xff, 0xff, 0x3c, 0xff, 0xff, 0x3c, 0xff, 0xff,
    0x3c, 0xff, 0xff, 0x3c, 0xff, 0xff, 0x3c, 0xff, 0xff, 0x3c, 0xff, 0xff, 0x3c, 0xff, 0xff, 0x3c, 0xff, 0xff, 0x3c, 0xff, 0xff, 0x3c, 0xff, 0xff,
    0x3c, 0xff, 0xff, 0x3c, 0xff, 0xff, 0x3c, 0xff, 0xff, 0x3c, 0xff, 0xff, 0x3c, 0xff, 0xff, 0x3c, 0xff, 0xff, 0x3c, 0xff, 0xff, 0x3c, 0xff, 0xff,
    0x3c, 0xff, 0xff, 0x3c, 0xff, 0xff, 0x3c, 0xff, 0xff, 0x3c, 0xff, 0xff, 0x3c, 0xff, 0xff, 0x3c, 0xff, 0xff, 0x3c, 0xff, 0xff, 0x3c, 0xff, 0xff,
    0x3c, 0xff, 0xff, 0x3c, 0xff, 0xff, 0x3c, 0xff, 0xff, 0x3c, 0xff, 0xff, 0x3c, 0xff, 0xff, 0x3c, 0xff, 0xff, 0x3c, 0xff, 0xff, 0x3c, 0xff, 0xff,
    0x3c, 0xff, 0xff, 0x3c, 0xff, 0xff, 0x3c, 0xff, 0xff, 0x3c, 0xff, 0xff, 0x3c, 0xff, 0xff, 0x3c, 0xff, 0xff, 0x3c, 0xff, 0xff, 0x3c, 0xff, 0xff,
    0x3c, 0xff, 0xff, 0x3c, 0xff, 0xff, 0x3c, 0xff, 0xff, 0x3c, 0xff, 0xff, 0x3c, 0xff, 0xff, 0x3c, 0xff, 0xff, 0x3c, 0xff, 0xff, 0x3c, 0xff, 0xff,
    0x3c, 0xff, 0xff, 0x3c, 0xff, 0xff, 0x3c, 0xff, 0xff, 0x3c, 0xff, 0xff, 0x3c, 0xff, 0xff, 0x3c, 0xff, 0xff, 0x3c, 0xff, 0xff, 0x3c, 0xff, 0xff,
    0x3c, 0xff, 0xff, 0x3c, 0xff, 0xff, 0x3c, 0xff, 0xff, 0x3c, 0xff, 0xff, 0x3c, 0xff, 0xff, 0x3c, 0xff, 0xff, 0x3c, 0xff, 0xff, 0x3c, 0xff, 0xff,
    0x3c, 0xff, 0xff, 0x3c, 0xff, 0xff, 0x3c, 0xff, 0xff, 0x3c, 0xff, 0xff, 0x3c, 0xff, 0xff, 0x3c, 0xff, 0xff, 0x3c, 0xff, 0xff, 0x3c, 0xff, 0xff,
    0x3c, 0xff, 0xff, 0x3c, 0xff, 0xff, 0x3c, 0xff, 0xff, 0x3c, 0xff, 0xff, 0x3c, 0xff, 0xff, 0x3c, 0xff, 0xff, 0x3c, 0xff, 0xff, 0x3c, 0xff, 0xff,
    0x3c, 0xff, 0xff, 0x3c, 0xff, 0xff, 0x3c, 0xff, 0xff, 0x3c, 0xff, 0xff, 0x3c, 0xff, 0xff, 0x3c, 0xff, 0xff, 0x3c, 0xff, 0xff, 0x3c, 0xff, 0xff,
    0x3c, 0xff, 0xff, 0x3c, 0xff, 0xff, 0x3c, 0xff, 0xff, 0x3c, 0xff, 0xff, 0x18, 0xfe, 0xff, 0xd3, 0xfc, 0xff, 0xd3, 0xfc, 0xff, 0xd3, 0xfc, 0xff,
    0xd3, 0xfc, 0xff, 0xd3, 0xfc, 0xff, 0xd3, 0xfc, 0xff, 0xd3, 0xfc, 0xff, 0xd3, 0xfc, 0xff, 0xd3, 0xfc, 0xff, 0xd3, 0xfc, 0xff, 0xd3, 0xfc, 0xff,
    0xd3, 0xfc, 0xff, 0xd3, 0xfc, 0xff, 0xd3, 0xfc, 0xff, 0xd3, 0xfc, 0xff, 0xd3, 0xfc, 0xff, 0xd3, 0xfc, 0xff, 0xd3, 0xfc, 0xff, 0xd3, 0xfc, 0xff,
    0xb6, 0xfd, 0xff, 0x3c, 0xff, 0xff, 0x3c, 0xff, 0xff, 0x3c, 0xff, 0xff, 0x3c, 0xff, 0xff, 0x3c, 0xff, 0xff, 0x3c, 0xff, 0xff, 0x3c, 0xff, 0xff,
    0x3c, 0xff, 0xff, 0x3c, 0xff, 0xff, 0x3c, 0xff, 0xff, 0x3c, 0xff, 0xff, 0x3c, 0xff, 0xff, 0x3c, 0xff, 0xff, 0x3c, 0xff, 0xff, 0x3c, 0xff, 0xff,
    0x3c, 0xff, 0xff, 0x3c, 0xff, 0xff, 0x9a, 0xfe, 0xff, 0x2d, 0xf3, 0xff, 0x49, 0xf2, 0xff, 0x49, 0xf2, 0xff, 0x49, 0xf2, 0xff, 0x49, 0xf2, 0xff,
    0x49, 0xf2, 0xff, 0x49, 0xf2, 0xff, 0x49, 0xf2, 0xff, 0x49, 0xf2, 0xff, 0x49, 0xf2, 0xff, 0x49, 0xf2, 0xff, 0x49, 0xf2, 0xff, 0x49, 0xf2, 0xff,
    0x49, 0xf2, 0xff, 0x49, 0xf2, 0xff, 0x49, 0xf2, 0xff, 0x49, 0xf2, 0xff, 0x49, 0xf2, 0xff, 0x49, 0xf2, 0xff, 0x49, 0xf2, 0xff, 0x49, 0xf2, 0xff,
    0x49, 0xf2, 0xff, 0xeb, 0xf2, 0xff, 0xba, 0xfe, 0xff, 0x3c, 0xff, 0xff, 0x3c, 0xff, 0xff, 0x3c, 0xff, 0xff, 0x3c, 0xff, 0xff, 0x3c, 0xff, 0xff,
    0x3c, 0xff, 0xff, 0x3c, 0xff, 0xff, 0x3c, 0xff, 0xff, 0x3c, 0xff, 0xff, 0x3c, 0xff, 0xff, 0x3c, 0xff, 0xff, 0x3c, 0xff, 0xff, 0x3c, 0xff, 0xff,
    0x3c, 0xff, 0xff, 0x3c, 0xff, 0xff, 0x30, 0xfc, 0xff, 0x49, 0xf2, 0xff, 0x49, 0xf2, 0xff, 0x49, 0xf2, 0xff, 0x49, 0xf2, 0xff, 0x49, 0xf2, 0xff,
    0x49, 0xf2, 0xff, 0x49, 0xf2, 0xff, 0x49, 0xf2, 0xff, 0x49, 0xf2, 0xff, 0x49, 0xf2, 0xff, 0x49, 0xf2, 0xff, 0x49, 0xf2, 0xff, 0x49, 0xf2, 0xff,
    0x49, 0xf2, 0xff, 0x49, 0xf2, 0xff, 0x49, 0xf2, 0xff, 0x49, 0xf2, 0xff, 0x49, 0xf2, 0xff, 0x49, 0xf2, 0xff, 0x49, 0xf2, 0xff, 0x49, 0xf2, 0xff,
    0x49, 0xf2, 0xff, 0x49, 0xf2, 0xff, 0x8e, 0xf3, 0xff, 0x3c, 0xff, 0xff, 0x3c, 0xff, 0xff, 0x3c, 0xff, 0xff, 0x3c, 0xff, 0xff, 0x3c, 0xff, 0xff,
    0x3c, 0xff, 0xff, 0x3c, 0xff, 0xff, 0x3c, 0xff, 0xff, 0x3c, 0xff, 0xff, 0x3c, 0xff, 0xff, 0x3c, 0xff, 0xff, 0x3c, 0xff, 0xff, 0x3c, 0xff, 0xff,
    0x3c, 0xff, 0xff, 0xfb, 0xfe, 0xff, 0x49, 0xf2, 0xff, 0x49, 0xf2, 0xff, 0x49, 0xf2, 0xff, 0x49, 0xf2, 0xff, 0x49, 0xf2, 0xff, 0x49, 0xf2, 0xff,
    0x49, 0xf2, 0xff, 0x49, 0xf2, 0xff, 0x49, 0xf2, 0xff, 0x49, 0xf2, 0xff, 0x49, 0xf2, 0xff, 0x49, 0xf2, 0xff, 0x49, 0xf2, 0xff, 0x49, 0xf2, 0xff,
    0x49, 0xf2, 0xff, 0x49, 0xf2, 0xff, 0x49, 0xf2, 0xff, 0x49, 0xf2, 0xff, 0x49, 0xf2, 0xff, 0x49, 0xf2, 0xff, 0x49, 0xf2, 0xff, 0x49, 0xf2, 0xff,
    0x49, 0xf2, 0xff, 0x49, 0xf2, 0xff, 0x49, 0xf2, 0xff, 0xba, 0xfe, 0xff, 0x3c, 0xff, 0xff, 0x3c, 0xff, 0xff, 0x3c, 0xff, 0xff, 0x3c, 0xff, 0xff,
    0x3c, 0xff, 0xff, 0x3c, 0xff, 0xff, 0xfb, 0xfe, 0xff, 0x18, 0xfe, 0xff, 0x3c, 0xff, 0xff, 0x3c, 0xff, 0xff, 0x3c, 0xff, 0xff, 0x3c, 0xff, 0xff,
    0x3c, 0xff, 0xff, 0x9a, 0xfe, 0xff, 0x49, 0xf2, 0xff, 0x49, 0xf2, 0xff, 0x49, 0xf2, 0xff, 0x49, 0xf2, 0xff, 0x49, 0xf2, 0xff, 0x49, 0xf2, 0xff,
    0x49, 0xf2, 0xff, 0x49, 0xf2, 0xff, 0x49, 0xf2, 0xff, 0x49, 0xf2, 0xff, 0x49, 0xf2, 0xff, 0x49, 0xf2, 0xff, 0x49, 0xf2, 0xff, 0x49, 0xf2, 0xff,
    0x49, 0xf2, 0xff, 0x49, 0xf2, 0xff, 0x49, 0xf2, 0xff, 0x49, 0xf2, 0xff, 0x49, 0xf2, 0xff, 0x49, 0xf2, 0xff, 0x49, 0xf2, 0xff, 0x49, 0xf2, 0xff,
    0x49, 0xf2, 0xff, 0x49, 0xf2, 0xff, 0x49, 0xf2, 0xff, 0xf8, 0xfd, 0xff, 0x3c, 0xff, 0xff, 0x3c, 0xff, 0xff, 0x3c, 0xff, 0xff, 0x3c, 0xff, 0xff,
    0x3c, 0xff, 0xff, 0x14, 0xfd, 0xff, 0x8a, 0xf2, 0xff, 0x49, 0xf2, 0xff, 0xeb, 0xf2, 0xff, 0xba, 0xfe, 0xff, 0x3c, 0xff, 0xff, 0x3c, 0xff, 0xff,
    0x3c, 0xff, 0xff, 0x9a, 0xfe, 0xff, 0x49, 0xf2, 0xff, 0x49, 0xf2, 0xff, 0x49, 0xf2, 0xff, 0x49, 0xf2, 0xff, 0x49, 0xf2, 0xff, 0x49, 0xf2, 0xff,
    0x49, 0xf2, 0xff, 0x49, 0xf2, 0xff, 0x49, 0xf2, 0xff, 0x49, 0xf2, 0xff, 0x49, 0xf2, 0xff, 0x49, 0xf2, 0xff, 0x49, 0xf2, 0xff, 0x49, 0xf2, 0xff,
    0x49, 0xf2, 0xff, 0x49, 0xf2, 0xff, 0x49, 0xf2, 0xff, 0x49, 0xf2, 0xff, 0x49, 0xf2, 0xff, 0x49, 0xf2, 0xff, 0x49, 0xf2, 0xff, 0x49, 0xf2, 0xff,
    0x49, 0xf2, 0xff, 0x49, 0xf2, 0xff, 0x49, 0xf2, 0xff, 0xf8, 0xfd, 0xff, 0x3c, 0xff, 0xff, 0x3c, 0xff, 0xff, 0x3c, 0xff, 0xff, 0x9a, 0xfe, 0xff,
    0x8e, 0xf3, 0xff, 0x49, 0xf2, 0xff, 0x49, 0xf2, 0xff, 0x49, 0xf2, 0xff, 0x49, 0xf2, 0xff, 0x8e, 0xf3, 0xff, 0x3c, 0xff, 0xff, 0x3c, 0xff, 0xff,
    0x3c, 0xff, 0xff, 0x9a, 0xfe, 0xff, 0x49, 0xf2, 0xff, 0x49, 0xf2, 0xff, 0x49, 0xf2, 0xff, 0x49, 0xf2, 0xff, 0x49, 0xf2, 0xff, 0x49, 0xf2, 0xff,
    0x49, 0xf2, 0xff, 0x49, 0xf2, 0xff, 0x49, 0xf2, 0xff, 0x49, 0xf2, 0xff, 0x49, 0xf2, 0xff, 0x49, 0xf2, 0xff, 0x49, 0xf2, 0xff, 0x49, 0xf2, 0xff,
    0x49, 0xf2, 0xff, 0x49, 0xf2, 0xff, 0x49, 0xf2, 0xff, 0x49, 0xf2, 0xff, 0x49, 0xf2, 0xff, 0x49, 0xf2, 0xff, 0x49, 0xf2, 0xff, 0x49, 0xf2, 0xff,
    0x49, 0xf2, 0xff, 0x49, 0xf2, 0xff, 0x49, 0xf2, 0xff, 0xf8, 0xfd, 0xff, 0x3c, 0xff, 0xff, 0x3c, 0xff, 0xff, 0xb6, 0xfd, 0xff, 0x8a, 0xf2, 0xff,
    0x49, 0xf2, 0xff, 0x49, 0xf2, 0xff, 0x49, 0xf2, 0xff, 0x49, 0xf2, 0xff, 0x49, 0xf2, 0xff, 0xeb, 0xf2, 0xff, 0x3c, 0xff, 0xff, 0x3c, 0xff, 0xff,
    0x3c, 0xff, 0xff, 0x9a, 0xfe, 0xff, 0x49, 0xf2, 0xff, 0x49, 0xf2, 0xff, 0x49, 0xf2, 0xff, 0x49, 0xf2, 0xff, 0x49, 0xf2, 0xff, 0x49, 0xf2, 0xff,
    0x49, 0xf2, 0xff, 0x49, 0xf2, 0xff, 0x49, 0xf2, 0xff, 0x49, 0xf2, 0xff, 0x49, 0xf2, 0xff, 0x49, 0xf2, 0xff, 0x49, 0xf2, 0xff, 0x49, 0xf2, 0xff,
    0x49, 0xf2, 0xff, 0x49, 0xf2, 0xff, 0x49, 0xf2, 0xff, 0x49, 0xf2, 0xff, 0x49, 0xf2, 0xff, 0x49, 0xf2, 0xff, 0x49, 0xf2, 0xff, 0x49, 0xf2, 0xff,
    0x49, 0xf2, 0xff, 0x49, 0xf2, 0xff, 0x49, 0xf2, 0xff, 0xf8, 0xfd, 0xff, 0xfb, 0xfe, 0xff, 0x72, 0xfc, 0xff, 0x49, 0xf2, 0xff, 0x49, 0xf2, 0xff,
    0x49, 0xf2, 0xff, 0x49, 0xf2, 0xff, 0x49, 0xf2, 0xff, 0x49, 0xf2, 0xff, 0x49, 0xf2, 0xff, 0xeb, 0xf2, 0xff, 0x3c, 0xff, 0xff, 0x3c, 0xff, 0xff,
    0x3c, 0xff, 0xff, 0x9a, 0xfe, 0xff, 0x49, 0xf2, 0xff, 0x49, 0xf2, 0xff, 0x49, 0xf2, 0xff, 0x49, 0xf2, 0xff, 0x49, 0xf2, 0xff, 0x49, 0xf2, 0xff,
    0x49, 0xf2, 0xff, 0x49, 0xf2, 0xff, 0x49, 0xf2, 0xff, 0x49, 0xf2, 0xff, 0x49, 0xf2, 0xff, 0x49, 0xf2, 0xff, 0x49, 0xf2, 0xff, 0x49, 0xf2, 0xff,
    0x49, 0xf2, 0xff, 0x49, 0xf2, 0xff, 0x49, 0xf2, 0xff, 0x49, 0xf2, 0xff, 0x49, 0xf2, 0xff, 0x49, 0xf2, 0xff, 0x49, 0xf2, 0xff, 0x49, 0xf2, 0xff,
    0x49, 0xf2, 0xff, 0x49, 0xf2, 0xff, 0x49, 0xf2, 0xff, 0xb3, 0xf4, 0xff, 0xcb, 0xf2, 0xff, 0x49, 0xf2, 0xff, 0x49, 0xf2, 0xff, 0x49, 0xf2, 0xff,
    0x49, 0xf2, 0xff, 0x49, 0xf2, 0xff, 0x49, 0xf2, 0xff, 0x49, 0xf2, 0xff, 0x49, 0xf2, 0xff, 0xeb, 0xf2, 0xff, 0x3c, 0xff, 0xff, 0x3c, 0xff, 0xff,
    0x3c, 0xff, 0xff, 0x9a, 0xfe, 0xff, 0x49, 0xf2, 0xff, 0x49, 0xf2, 0xff, 0x49, 0xf2, 0xff, 0x49, 0xf2, 0xff, 0x49, 0xf2, 0xff, 0x49, 0xf2, 0xff,
    0x49, 0xf2, 0xff, 0x49, 0xf2, 0xff, 0x49, 0xf2, 0xff, 0x49, 0xf2, 0xff, 0x49, 0xf2, 0xff, 0x49, 0xf2, 0xff, 0x49, 0xf2, 0xff, 0x49, 0xf2, 0xff,
    0x49, 0xf2, 0xff, 0x49, 0xf2, 0xff, 0x49, 0xf2, 0xff, 0x49, 0xf2, 0xff, 0x49, 0xf2, 0xff, 0x49, 0xf2, 0xff, 0x49, 0xf2, 0xff, 0x49, 0xf2, 0xff,
    0x49, 0xf2, 0xff, 0x49, 0xf2, 0xff, 0x49, 0xf2, 0xff, 0x49, 0xf2, 0xff, 0x49, 0xf2, 0xff, 0x49, 0xf2, 0xff, 0x49, 0xf2, 0xff, 0x49, 0xf2, 0xff,
    0x49, 0xf2, 0xff, 0x49, 0xf2, 0xff, 0x49, 0xf2, 0xff, 0x49, 0xf2, 0xff, 0x49, 0xf2, 0xff, 0xeb, 0xf2, 0xff, 0x3c, 0xff, 0xff, 0x3c, 0xff, 0xff,
    0x3c, 0xff, 0xff, 0x9a, 0xfe, 0xff, 0x49, 0xf2, 0xff, 0x49, 0xf2, 0xff, 0x49, 0xf2, 0xff, 0x49, 0xf2, 0xff, 0x49, 0xf2, 0xff, 0x49, 0xf2, 0xff,
    0x49, 0xf2, 0xff, 0x49, 0xf2, 0xff, 0x49, 0xf2, 0xff, 0x49, 0xf2, 0xff, 0x49, 0xf2, 0xff, 0x49, 0xf2, 0xff, 0x49, 0xf2, 0xff, 0x49, 0xf2, 0xff,
    0x49, 0xf2, 0xff, 0x49, 0xf2, 0xff, 0x49, 0xf2, 0xff, 0x49, 0xf2, 0xff, 0x49, 0xf2, 0xff, 0x49, 0xf2, 0xff, 0x49, 0xf2, 0xff, 0x49, 0xf2, 0xff,
    0x49, 0xf2, 0xff, 0x49, 0xf2, 0xff, 0x49, 0xf2, 0xff, 0x49, 0xf2, 0xff, 0x49, 0xf2, 0xff, 0x49, 0xf2, 0xff, 0x49, 0xf2, 0xff, 0x49, 0xf2, 0xff,
    0x49, 0xf2, 0xff, 0x49, 0xf2, 0xff, 0x49, 0xf2, 0xff, 0x49, 0xf2, 0xff, 0x49, 0xf2, 0xff, 0xeb, 0xf2, 0xff, 0x3c, 0xff, 0xff, 0x3c, 0xff, 0xff,
    0x3c, 0xff, 0xff, 0x9a, 0xfe, 0xff, 0x49, 0xf2, 0xff, 0x49, 0xf2, 0xff, 0x49, 0xf2, 0xff, 0x49, 0xf2, 0xff, 0x49, 0xf2, 0xff, 0x49, 0xf2, 0xff,
    0x49, 0xf2, 0xff, 0x49, 0xf2, 0xff, 0x49, 0xf2, 0xff, 0x49, 0xf2, 0xff, 0x49, 0xf2, 0xff, 0x49, 0xf2, 0xff, 0x49, 0xf2, 0xff, 0x49, 0xf2, 0xff,
    0x49, 0xf2, 0xff, 0x49, 0xf2, 0xff, 0x49, 0xf2, 0xff, 0x49, 0xf2, 0xff, 0x49, 0xf2, 0xff, 0x49, 0xf2, 0xff, 0x49, 0xf2, 0xff, 0x49, 0xf2, 0xff,
    0x49, 0xf2, 0xff, 0x49, 0xf2, 0xff, 0x49, 0xf2, 0xff, 0x49, 0xf2, 0xff, 0x49, 0xf2, 0xff, 0x49, 0xf2, 0xff, 0x49, 0xf2, 0xff, 0x49, 0xf2, 0xff,
    0x49, 0xf2, 0xff, 0x49, 0xf2, 0xff, 0x49, 0xf2, 0xff, 0x49, 0xf2, 0xff, 0x49, 0xf2, 0xff, 0xeb, 0xf2, 0xff, 0x3c, 0xff, 0xff, 0x3c, 0xff, 0xff,
    0x3c, 0xff, 0xff, 0x9a, 0xfe, 0xff, 0x49, 0xf2, 0xff, 0x49, 0xf2, 0xff, 0x49, 0xf2, 0xff, 0x49, 0xf2, 0xff, 0x49, 0xf2, 0xff, 0x49, 0xf2, 0xff,
    0x49, 0xf2, 0xff, 0x49, 0xf2, 0xff, 0x49, 0xf2, 0xff, 0x49, 0xf2, 0xff, 0x49, 0xf2, 0xff, 0x49, 0xf2, 0xff, 0x49, 0xf2, 0xff, 0x49, 0xf2, 0xff,
    0x49, 0xf2, 0xff, 0x49, 0xf2, 0xff, 0x49, 0xf2, 0xff, 0x49, 0xf2, 0xff, 0x49, 0xf2, 0xff, 0x49, 0xf2, 0xff, 0x49, 0xf2, 0xff, 0x49, 0xf2, 0xff,
    0x49, 0xf2, 0xff, 0x49, 0xf2, 0xff, 0x49, 0xf2, 0xff, 0x49, 0xf2, 0xff, 0x49, 0xf2, 0xff, 0x49, 0xf2, 0xff, 0x49, 0xf2, 0xff, 0x49, 0xf2, 0xff,
    0x49, 0xf2, 0xff, 0x49, 0xf2, 0xff, 0x49, 0xf2, 0xff, 0x49, 0xf2, 0xff, 0x49, 0xf2, 0xff, 0xeb, 0xf2, 0xff, 0x3c, 0xff, 0xff, 0x3c, 0xff, 0xff,
    0x3c, 0xff, 0xff, 0x9a, 0xfe, 0xff, 0x49, 0xf2, 0xff, 0x49, 0xf2, 0xff, 0x49, 0xf2, 0xff, 0x49, 0xf2, 0xff, 0x49, 0xf2, 0xff, 0x49, 0xf2, 0xff,
    0x49, 0xf2, 0xff, 0x49, 0xf2, 0xff, 0x49, 0xf2, 0xff, 0x49, 0xf2, 0xff, 0x49, 0xf2, 0xff, 0x49, 0xf2, 0xff, 0x49, 0xf2, 0xff, 0x49, 0xf2, 0xff,
    0x49, 0xf2, 0xff, 0x49, 0xf2, 0xff, 0x49, 0xf2, 0xff, 0x49, 0xf2, 0xff, 0x49, 0xf2, 0xff, 0x49, 0xf2, 0xff, 0x49, 0xf2, 0xff, 0x49, 0xf2, 0xff,
    0x49, 0xf2, 0xff, 0x49, 0xf2, 0xff, 0x49, 0xf2, 0xff, 0x49, 0xf2, 0xff, 0x49, 0xf2, 0xff, 0x49, 0xf2, 0xff, 0x49, 0xf2, 0xff, 0x49, 0xf2, 0xff,
    0x49, 0xf2, 0xff, 0x49, 0xf2, 0xff, 0x49, 0xf2, 0xff, 0x49, 0xf2, 0xff, 0x49, 0xf2, 0xff, 0xeb, 0xf2, 0xff, 0x3c, 0xff, 0xff, 0x3c, 0xff, 0xff,
    0x3c, 0xff, 0xff, 0x9a, 0xfe, 0xff, 0x49, 0xf2, 0xff, 0x49, 0xf2, 0xff, 0x49, 0xf2, 0xff, 0x49, 0xf2, 0xff, 0x49, 0xf2, 0xff, 0x49, 0xf2, 0xff,
    0x49, 0xf2, 0xff, 0x49, 0xf2, 0xff, 0x49, 0xf2, 0xff, 0x49, 0xf2, 0xff, 0x49, 0xf2, 0xff, 0x49, 0xf2, 0xff, 0x49, 0xf2, 0xff, 0x49, 0xf2, 0xff,
    0x49, 0xf2, 0xff, 0x49, 0xf2, 0xff, 0x49, 0xf2, 0xff, 0x49, 0xf2, 0xff, 0x49, 0xf2, 0xff, 0x49, 0xf2, 0xff, 0x49, 0xf2, 0xff, 0x49, 0xf2, 0xff,
    0x49, 0xf2, 0xff, 0x49, 0xf2, 0xff, 0x49, 0xf2, 0xff, 0x49, 0xf2, 0xff, 0x49, 0xf2, 0xff, 0x49, 0xf2, 0xff, 0x49, 0xf2, 0xff, 0x49, 0xf2, 0xff,
    0x49, 0xf2, 0xff, 0x49, 0xf2, 0xff, 0x49, 0xf2, 0xff, 0x49, 0xf2, 0xff, 0x49, 0xf2, 0xff, 0xeb, 0xf2, 0xff, 0x3c, 0xff, 0xff, 0x3c, 0xff, 0xff,
    0x3c, 0xff, 0xff, 0x9a, 0xfe, 0xff, 0x49, 0xf2, 0xff, 0x49, 0xf2, 0xff, 0x49, 0xf2, 0xff, 0x49, 0xf2, 0xff, 0x49, 0xf2, 0xff, 0x49, 0xf2, 0xff,
    0x49, 0xf2, 0xff, 0x49, 0xf2, 0xff, 0x49, 0xf2, 0xff, 0x49, 0xf2, 0xff, 0x49, 0xf2, 0xff, 0x49, 0xf2, 0xff, 0x49, 0xf2, 0xff, 0x49, 0xf2, 0xff,
    0x49, 0xf2, 0xff, 0x49, 0xf2, 0xff, 0x49, 0xf2, 0xff, 0x49, 0xf2, 0xff, 0x49, 0xf2, 0xff, 0x49, 0xf2, 0xff, 0x49, 0xf2, 0xff, 0x49, 0xf2, 0xff,
    0x49, 0xf2, 0xff, 0x49, 0xf2, 0xff, 0x49, 0xf2, 0xff, 0x75, 0xfd, 0xff, 0xeb, 0xf2, 0xff, 0x49, 0xf2, 0xff, 0x49, 0xf2, 0xff, 0x49, 0xf2, 0xff,
    0x49, 0xf2, 0xff, 0x49, 0xf2, 0xff, 0x49, 0xf2, 0xff, 0x49, 0xf2, 0xff, 0x49, 0xf2, 0xff, 0xeb, 0xf2, 0xff, 0x3c, 0xff, 0xff, 0x3c, 0xff, 0xff,
    0x3c, 0xff, 0xff, 0x9a, 0xfe, 0xff, 0x49, 0xf2, 0xff, 0x49, 0xf2, 0xff, 0x49, 0xf2, 0xff, 0x49, 0xf2, 0xff, 0x49, 0xf2, 0xff, 0x49, 0xf2, 0xff,
    0x49, 0xf2, 0xff, 0x49, 0xf2, 0xff, 0x49, 0xf2, 0xff, 0x49, 0xf2, 0xff, 0x49, 0xf2, 0xff, 0x49, 0xf2, 0xff, 0x49, 0xf2, 0xff, 0x49, 0xf2, 0xff,
    0x49, 0xf2, 0xff, 0x49, 0xf2, 0xff, 0x49, 0xf2, 0xff, 0x49, 0xf2, 0xff, 0x49, 0xf2, 0xff, 0x49, 0xf2, 0xff, 0x49, 0xf2, 0xff, 0x49, 0xf2, 0xff,
    0x49, 0xf2, 0xff, 0x49, 0xf2, 0xff, 0x49, 0xf2, 0xff, 0xf8, 0xfd, 0xff, 0x9a, 0xfe, 0xff, 0xcf, 0xfb, 0xff, 0x49, 0xf2, 0xff, 0x49, 0xf2, 0xff,
    0x49, 0xf2, 0xff, 0x49, 0xf2, 0xff, 0x49, 0xf2, 0xff, 0x49, 0xf2, 0xff, 0x49, 0xf2, 0xff, 0x49, 0xf2, 0xff, 0x3c, 0xff, 0xff, 0x3c, 0xff, 0xff,
    0x3c, 0xff, 0xff, 0x9a, 0xfe, 0xff, 0x49, 0xf2, 0xff, 0x49, 0xf2, 0xff, 0x49, 0xf2, 0xff, 0x49, 0xf2, 0xff, 0x49, 0xf2, 0xff, 0x49, 0xf2, 0xff,
    0x49, 0xf2, 0xff, 0x49, 0xf2, 0xff, 0x49, 0xf2, 0xff, 0x49, 0xf2, 0xff, 0x49, 0xf2, 0xff, 0x49, 0xf2, 0xff, 0x49, 0xf2, 0xff, 0x49, 0xf2, 0xff,
    0x49, 0xf2, 0xff, 0x49, 0xf2, 0xff, 0x49, 0xf2, 0xff, 0x49, 0xf2, 0xff, 0x49, 0xf2, 0xff, 0x49, 0xf2, 0xff, 0x49, 0xf2, 0xff, 0x49, 0xf2, 0xff,
    0x49, 0xf2, 0xff, 0x49, 0xf2, 0xff, 0x49, 0xf2, 0xff, 0xf8, 0xfd, 0xff, 0x3c, 0xff, 0xff, 0x3c, 0xff, 0xff, 0xd3, 0xfc, 0xff, 0x49, 0xf2, 0xff,
    0x49, 0xf2, 0xff, 0x49, 0xf2, 0xff, 0x49, 0xf2, 0xff, 0x49, 0xf2, 0xff, 0x49, 0xf2, 0xff, 0x49, 0xf2, 0xff, 0x3c, 0xff, 0xff, 0x3c, 0xff, 0xff,
    0x3c, 0xff, 0xff, 0x9a, 0xfe, 0xff, 0x49, 0xf2, 0xff, 0x49, 0xf2, 0xff, 0x49, 0xf2, 0xff, 0x49, 0xf2, 0xff, 0x49, 0xf2, 0xff, 0x49, 0xf2, 0xff,
    0x49, 0xf2, 0xff, 0x49, 0xf2, 0xff, 0x49, 0xf2, 0xff, 0x49, 0xf2, 0xff, 0x49, 0xf2, 0xff, 0x49, 0xf2, 0xff, 0x49, 0xf2, 0xff, 0x49, 0xf2, 0xff,
    0x49, 0xf2, 0xff, 0x49, 0xf2, 0xff, 0x49, 0xf2, 0xff, 0x49, 0xf2, 0xff, 0x49, 0xf2, 0xff, 0x49, 0xf2, 0xff, 0x49, 0xf2, 0xff, 0x49, 0xf2, 0xff,
    0x49, 0xf2, 0xff, 0x49, 0xf2, 0xff, 0x49, 0xf2, 0xff, 0xf8, 0xfd, 0xff, 0x3c, 0xff, 0xff, 0x3c, 0xff, 0xff, 0x3c, 0xff, 0xff, 0x59, 0xfe, 0xff,
    0xeb, 0xf2, 0xff, 0x49, 0xf2, 0xff, 0x49, 0xf2, 0xff, 0x49, 0xf2, 0xff, 0x49, 0xf2, 0xff, 0x8a, 0xf2, 0xff, 0x3c, 0xff, 0xff, 0x3c, 0xff, 0xff,
    0x3c, 0xff, 0xff, 0x9a, 0xfe, 0xff, 0x49, 0xf2, 0xff, 0x49, 0xf2, 0xff, 0x49, 0xf2, 0xff, 0x49, 0xf2, 0xff, 0x49, 0xf2, 0xff, 0x49, 0xf2, 0xff,
    0x49, 0xf2, 0xff, 0x49, 0xf2, 0xff, 0x49, 0xf2, 0xff, 0x49, 0xf2, 0xff, 0x49, 0xf2, 0xff, 0x49, 0xf2, 0xff, 0x49, 0xf2, 0xff, 0x49, 0xf2, 0xff,
    0x49, 0xf2, 0xff, 0x49, 0xf2, 0xff, 0x49, 0xf2, 0xff, 0x49, 0xf2, 0xff, 0x49, 0xf2, 0xff, 0x49, 0xf2, 0xff, 0x49, 0xf2, 0xff, 0x49, 0xf2, 0xff,
    0x49, 0xf2, 0xff, 0x49, 0xf2, 0xff, 0x49, 0xf2, 0xff, 0xf8, 0xfd, 0xff, 0x3c, 0xff, 0xff, 0x3c, 0xff, 0xff, 0x3c, 0xff, 0xff, 0x3c, 0xff, 0xff,
    0x9a, 0xfe, 0xff, 0x8e, 0xfb, 0xff, 0x49, 0xf2, 0xff, 0x49, 0xf2, 0xff, 0x49, 0xf2, 0xff, 0xb3, 0xf4, 0xff, 0x3c, 0xff, 0xff, 0x3c, 0xff, 0xff,
    0x3c, 0xff, 0xff, 0x9a, 0xfe, 0xff, 0x49, 0xf2, 0xff, 0x49, 0xf2, 0xff, 0x49, 0xf2, 0xff, 0x49, 0xf2, 0xff, 0x49, 0xf2, 0xff, 0x49, 0xf2, 0xff,
    0x49, 0xf2, 0xff, 0x49, 0xf2, 0xff, 0x49, 0xf2, 0xff, 0x49, 0xf2, 0xff, 0x49, 0xf2, 0xff, 0x49, 0xf2, 0xff, 0x49, 0xf2, 0xff, 0x49, 0xf2, 0xff,
    0x49, 0xf2, 0xff, 0x49, 0xf2, 0xff, 0x49, 0xf2, 0xff, 0x49, 0xf2, 0xff, 0x49, 0xf2, 0xff, 0x49, 0xf2, 0xff, 0x49, 0xf2, 0xff, 0x49, 0xf2, 0xff,
    0x49, 0xf2, 0xff, 0x49, 0xf2, 0xff, 0x49, 0xf2, 0xff, 0xf8, 0xfd, 0xff, 0x3c, 0xff, 0xff, 0x3c, 0xff, 0xff, 0x3c, 0xff, 0xff, 0x3c, 0xff, 0xff,
    0x3c, 0xff, 0xff, 0x3c, 0xff, 0xff, 0x55, 0xfd, 0xff, 0x30, 0xfc, 0xff, 0x75, 0xfd, 0xff, 0x3c, 0xff, 0xff, 0x3c, 0xff, 0xff, 0x3c, 0xff, 0xff,
    0x3c, 0xff, 0xff, 0xfb, 0xfe, 0xff, 0x8a, 0xf2, 0xff, 0x49, 0xf2, 0xff, 0x49, 0xf2, 0xff, 0x49, 0xf2, 0xff, 0x49, 0xf2, 0xff, 0x49, 0xf2, 0xff,
    0x49, 0xf2, 0xff, 0x49, 0xf2, 0xff, 0x49, 0xf2, 0xff, 0x49, 0xf2, 0xff, 0x49, 0xf2, 0xff, 0x49, 0xf2, 0xff, 0x49, 0xf2, 0xff, 0x49, 0xf2, 0xff,
    0x49, 0xf2, 0xff, 0x49, 0xf2, 0xff, 0x49, 0xf2, 0xff, 0x49, 0xf2, 0xff, 0x49, 0xf2, 0xff, 0x49, 0xf2, 0xff, 0x49, 0xf2, 0xff, 0x49, 0xf2, 0xff,
    0x49, 0xf2, 0xff, 0x49, 0xf2, 0xff, 0x49, 0xf2, 0xff, 0xfb, 0xfe, 0xff, 0x3c, 0xff, 0xff, 0x3c, 0xff, 0xff, 0x3c, 0xff, 0xff, 0x3c, 0xff, 0xff,
    0x3c, 0xff, 0xff, 0x3c, 0xff, 0xff, 0x3c, 0xff, 0xff, 0x3c, 0xff, 0xff, 0x3c, 0xff, 0xff, 0x3c, 0xff, 0xff, 0x3c, 0xff, 0xff, 0x3c, 0xff, 0xff,
    0x3c, 0xff, 0xff, 0x3c, 0xff, 0xff, 0xd3, 0xfc, 0xff, 0x49, 0xf2, 0xff, 0x49, 0xf2, 0xff, 0x49, 0xf2, 0xff, 0x49, 0xf2, 0xff, 0x49, 0xf2, 0xff,
    0x49, 0xf2, 0xff, 0x49, 0xf2, 0xff, 0x49, 0xf2, 0xff, 0x49, 0xf2, 0xff, 0x49, 0xf2, 0xff, 0x49, 0xf2, 0xff, 0x49, 0xf2, 0xff, 0x49, 0xf2, 0xff,
    0x49, 0xf2, 0xff, 0x49, 0xf2, 0xff, 0x49, 0xf2, 0xff, 0x49, 0xf2, 0xff, 0x49, 0xf2, 0xff, 0x49, 0xf2, 0xff, 0x49, 0xf2, 0xff, 0x49, 0xf2, 0xff,
    0x49, 0xf2, 0xff, 0x49, 0xf2, 0xff, 0x30, 0xf4, 0xff, 0x3c, 0xff, 0xff, 0x3c, 0xff, 0xff, 0x3c, 0xff, 0xff, 0x3c, 0xff, 0xff, 0x3c, 0xff, 0xff,
    0x3c, 0xff, 0xff, 0x3c, 0xff, 0xff, 0x3c, 0xff, 0xff, 0x3c, 0xff, 0xff, 0x3c, 0xff, 0xff, 0x3c, 0xff, 0xff, 0x3c, 0xff, 0xff, 0x3c, 0xff, 0xff,
    0x3c, 0xff, 0xff, 0x3c, 0xff, 0xff, 0x3c, 0xff, 0xff, 0x72, 0xfc, 0xff, 0x49, 0xf2, 0xff, 0x49, 0xf2, 0xff, 0x49, 0xf2, 0xff, 0x49, 0xf2, 0xff,
    0x49, 0xf2, 0xff, 0x49, 0xf2, 0xff, 0x49, 0xf2, 0xff, 0x49, 0xf2, 0xff, 0x49, 0xf2, 0xff, 0x49, 0xf2, 0xff, 0x49, 0xf2, 0xff, 0x49, 0xf2, 0xff,
    0x49, 0xf2, 0xff, 0x49, 0xf2, 0xff, 0x49, 0xf2, 0xff, 0x49, 0xf2, 0xff, 0x49, 0xf2, 0xff, 0x49, 0xf2, 0xff, 0x49, 0xf2, 0xff, 0x49, 0xf2, 0xff,
    0x49, 0xf2, 0xff, 0x8e, 0xf3, 0xff, 0xfb, 0xfe, 0xff, 0x3c, 0xff, 0xff, 0x3c, 0xff, 0xff, 0x3c, 0xff, 0xff, 0x3c, 0xff, 0xff, 0x3c, 0xff, 0xff,
    0x3c, 0xff, 0xff, 0x3c, 0xff, 0xff, 0x3c, 0xff, 0xff, 0x3c, 0xff, 0xff, 0x3c, 0xff, 0xff, 0x3c, 0xff, 0xff, 0x3c, 0xff, 0xff, 0x3c, 0xff, 0xff,
    0x3c, 0xff, 0xff, 0x3c, 0xff, 0xff, 0x3c, 0xff, 0xff, 0x3c, 0xff, 0xff, 0x9a, 0xfe, 0xff, 0xf8, 0xfd, 0xff, 0xf8, 0xfd, 0xff, 0xf8, 0xfd, 0xff,
    0xf8, 0xfd, 0xff, 0xf8, 0xfd, 0xff, 0xf8, 0xfd, 0xff, 0xf8, 0xfd, 0xff, 0xf8, 0xfd, 0xff, 0xf8, 0xfd, 0xff, 0xf8, 0xfd, 0xff, 0xf8, 0xfd, 0xff,
    0xf8, 0xfd, 0xff, 0xf8, 0xfd, 0xff, 0xf8, 0xfd, 0xff, 0xf8, 0xfd, 0xff, 0xf8, 0xfd, 0xff, 0xf8, 0xfd, 0xff, 0xf8, 0xfd, 0xff, 0xf8, 0xfd, 0xff,
    0x9a, 0xfe, 0xff, 0x3c, 0xff, 0xff, 0x3c, 0xff, 0xff, 0x3c, 0xff, 0xff, 0x3c, 0xff, 0xff, 0x3c, 0xff, 0xff, 0x3c, 0xff, 0xff, 0x3c, 0xff, 0xff,
    0x3c, 0xff, 0xff, 0x3c, 0xff, 0xff, 0x3c, 0xff, 0xff, 0x3c, 0xff, 0xff, 0x3c, 0xff, 0xff, 0x3c, 0xff, 0xff, 0x3c, 0xff, 0xff, 0x3c, 0xff, 0xff,
    0x3c, 0xff, 0xff, 0x3c, 0xff, 0xff, 0x3c, 0xff, 0xff, 0x3c, 0xff, 0xff, 0x3c, 0xff, 0xff, 0x3c, 0xff, 0xff, 0x3c, 0xff, 0xff, 0x3c, 0xff, 0xff,
    0x3c, 0xff, 0xff, 0x3c, 0xff, 0xff, 0x3c, 0xff, 0xff, 0x3c, 0xff, 0xff, 0x3c, 0xff, 0xff, 0x3c, 0xff, 0xff, 0x3c, 0xff, 0xff, 0x3c, 0xff, 0xff,
    0x3c, 0xff, 0xff, 0x3c, 0xff, 0xff, 0x3c, 0xff, 0xff, 0x3c, 0xff, 0xff, 0x3c, 0xff, 0xff, 0x3c, 0xff, 0xff, 0x3c, 0xff, 0xff, 0x3c, 0xff, 0xff,
    0x3c, 0xff, 0xff, 0x3c, 0xff, 0xff, 0x3c, 0xff, 0xff, 0x3c, 0xff, 0xff, 0x3c, 0xff, 0xff, 0x3c, 0xff, 0xff, 0x3c, 0xff, 0xff, 0x3c, 0xff, 0xff,
    0x3c, 0xff, 0xff, 0x3c, 0xff, 0xff, 0x3c, 0xff, 0xff, 0x3c, 0xff, 0xff, 0x3c, 0xff, 0xff, 0x3c, 0xff, 0xff, 0x3c, 0xff, 0xff, 0x3c, 0xff, 0xff,
    0x3c, 0xff, 0xff, 0x3c, 0xff, 0xff, 0x3c, 0xff, 0xff, 0x3c, 0xff, 0xff, 0x3c, 0xff, 0xff, 0x3c, 0xff, 0xff, 0x3c, 0xff, 0xff, 0x3c, 0xff, 0xff,
    0x3c, 0xff, 0xff, 0x3c, 0xff, 0xff, 0x3c, 0xff, 0xff, 0x3c, 0xff, 0xff, 0x3c, 0xff, 0xff, 0x3c, 0xff, 0xff, 0x3c, 0xff, 0xff, 0x3c, 0xff, 0xff,
    0x3c, 0xff, 0xff, 0x3c, 0xff, 0xff, 0x3c, 0xff, 0xff, 0x3c, 0xff, 0xff, 0x3c, 0xff, 0xff, 0x3c, 0xff, 0xff, 0x3c, 0xff, 0xff, 0x3c, 0xff, 0xff,
    0x3c, 0xff, 0xff, 0x3c, 0xff, 0xff, 0x3c, 0xff, 0xff, 0x3c, 0xff, 0xff, 0x3c, 0xff, 0xff, 0x3c, 0xff, 0xff, 0x3c, 0xff, 0xff, 0x3c, 0xff, 0xff,
    0x3c, 0xff, 0xff, 0x3c, 0xff, 0xff, 0x3c, 0xff, 0xff, 0x3c, 0xff, 0xff, 0x3c, 0xff, 0xff, 0x3c, 0xff, 0xff, 0x3c, 0xff, 0xff, 0x3c, 0xff, 0xff,
    0x3c, 0xff, 0xff, 0x3c, 0xff, 0xff, 0x3c, 0xff, 0xff, 0x3c, 0xff, 0xff, 0x3c, 0xff, 0xff, 0x3c, 0xff, 0xff, 0x3c, 0xff, 0xff, 0x3c, 0xff, 0xff,
    0x3c, 0xff, 0xff, 0x3c, 0xff, 0xff, 0x3c, 0xff, 0xff, 0x3c, 0xff, 0xff, 0x3c, 0xff, 0xff, 0x3c, 0xff, 0xff, 0x3c, 0xff, 0xff, 0x3c, 0xff, 0xff,
    0x3c, 0xff, 0xff, 0x3c, 0xff, 0xff, 0x3c, 0xff, 0xff, 0x3c, 0xff, 0xff, 0x3c, 0xff, 0xff, 0x3c, 0xff, 0xff, 0x3c, 0xff, 0xff, 0x3c, 0xff, 0xff,
    0x3c, 0xff, 0xff, 0x3c, 0xff, 0xff, 0x3c, 0xff, 0xff, 0x3c, 0xff, 0xff, 0x3c, 0xff, 0xff, 0x3c, 0xff, 0xff, 0x3c, 0xff, 0xff, 0x3c, 0xff, 0xff,
    0x3c, 0xff, 0xff, 0x3c, 0xff, 0xff, 0x3c, 0xff, 0xff, 0x3c, 0xff, 0xff, 0x3c, 0xff, 0xff, 0x3c, 0xff, 0xff, 0x3c, 0xff, 0xff, 0x3c, 0xff, 0xff,
    0x3c, 0xff, 0xff, 0x3c, 0xff, 0xff, 0x3c, 0xff, 0xff, 0x3c, 0xff, 0xff, 0x3c, 0xff, 0xff, 0x3c, 0xff, 0xff, 0x3c, 0xff, 0xff, 0x3c, 0xff, 0xff,
    0x3c, 0xff, 0xff, 0x3c, 0xff, 0xff, 0x3c, 0xff, 0xff, 0x3c, 0xff, 0xff, 0x3c, 0xff, 0xff, 0x3c, 0xff, 0xff, 0x3c, 0xff, 0xff, 0x3c, 0xff, 0xff,
    0x3c, 0xff, 0xff, 0x3c, 0xff, 0xff, 0x3c, 0xff, 0xff, 0x3c, 0xff, 0xff, 0x3c, 0xff, 0xff, 0x3c, 0xff, 0xff, 0x3c, 0xff, 0xff, 0x3c, 0xff, 0xff,
    0x3c, 0xff, 0xff, 0x3c, 0xff, 0xff, 0x3c, 0xff, 0xff, 0x3c, 0xff, 0xff, 0x3c, 0xff, 0xff, 0x3c, 0xff, 0xff, 0x3c, 0xff, 0xff, 0x3c, 0xff, 0xff,
    0x3c, 0xff, 0xff, 0x3c, 0xff, 0xff, 0x3c, 0xff, 0xff, 0x3c, 0xff, 0xff, 0x3c, 0xff, 0xff, 0x3c, 0xff, 0xff, 0x3c, 0xff, 0xff, 0x3c, 0xff, 0xff,
    0x3c, 0xff, 0xff, 0x3c, 0xff, 0xff, 0x3c, 0xff, 0xff, 0x3c, 0xff, 0xff, 0x3c, 0xff, 0xff, 0x3c, 0xff, 0xff, 0x3c, 0xff, 0xff, 0x3c, 0xff, 0xff,
    0x3c, 0xff, 0xff, 0x3c, 0xff, 0xff, 0x3c, 0xff, 0xff, 0x3c, 0xff, 0xff, 0x3c, 0xff, 0xff, 0x3c, 0xff, 0xff, 0x3c, 0xff, 0xff, 0x3c, 0xff, 0xff,
    0x3c, 0xff, 0xff, 0x3c, 0xff, 0xff, 0x3c, 0xff, 0xff, 0x3c, 0xff, 0xff, 0x3c, 0xff, 0xff, 0x3c, 0xff, 0xff, 0x3c, 0xff, 0xff, 0x3c, 0xff, 0xff,
    0x3c, 0xff, 0xff, 0x3c, 0xff, 0xff, 0x3c, 0xff, 0xff, 0x3c, 0xff, 0xff, 0x3c, 0xff, 0xff, 0x3c, 0xff, 0xff, 0x3c, 0xff, 0xff, 0x3c, 0xff, 0xff,
    0x3c, 0xff, 0xff, 0x3c, 0xff, 0xff, 0x3c, 0xff, 0xff, 0x3c, 0xff, 0xff, 0x3c, 0xff, 0xff, 0x3c, 0xff, 0xff, 0x3c, 0xff, 0xff, 0x3c, 0xff, 0xff,
    0x3c, 0xff, 0xff, 0x3c, 0xff, 0xff, 0x3c, 0xff, 0xff, 0x3c, 0xff, 0xff, 0x3c, 0xff, 0xff, 0x3c, 0xff, 0xff, 0x3c, 0xff, 0xff, 0x3c, 0xff, 0xff,
    0x3c, 0xff, 0xff, 0x3c, 0xff, 0xff, 0x3c, 0xff, 0xff, 0x3c, 0xff, 0xff, 0x3c, 0xff, 0xff, 0x3c, 0xff, 0xff, 0x3c, 0xff, 0xff, 0x3c, 0xff, 0xff,
    0x3c, 0xff, 0xff, 0x3c, 0xff, 0xff, 0x3c, 0xff, 0xff, 0x3c, 0xff, 0xff, 0x3c, 0xff, 0xff, 0x3c, 0xff, 0xff, 0x3c, 0xff, 0xff, 0x3c, 0xff, 0xff,
    0x3c, 0xff, 0xff, 0x3c, 0xff, 0xff, 0x3c, 0xff, 0xff, 0x3c, 0xff, 0xff, 0x3c, 0xff, 0xff, 0x3c, 0xff, 0xff, 0x3c, 0xff, 0xff, 0x3c, 0xff, 0xff,
    0x3c, 0xff, 0xff, 0x3c, 0xff, 0xff, 0x3c, 0xff, 0xff, 0x3c, 0xff, 0xff, 0x3c, 0xff, 0xff, 0x3c, 0xff, 0xff, 0x3c, 0xff, 0xff, 0x3c, 0xff, 0xff,
    0x3c, 0xff, 0xff, 0x3c, 0xff, 0xff, 0x3c, 0xff, 0xff, 0x3c, 0xff, 0xff, 0x3c, 0xff, 0xff, 0x3c, 0xff, 0xff, 0x3c, 0xff, 0xff, 0x3c, 0xff, 0xff,
    0x3c, 0xff, 0xff, 0x3c, 0xff, 0xff, 0x3c, 0xff, 0xff, 0x3c, 0xff, 0xff, 0x3c, 0xff, 0xff, 0x3c, 0xff, 0xff, 0x3c, 0xff, 0xff, 0x3c, 0xff, 0xff,
    0x3c, 0xff, 0xff, 0x3c, 0xff, 0xff, 0x3c, 0xff, 0xff, 0x3c, 0xff, 0xff, 0x3c, 0xff, 0xff, 0x3c, 0xff, 0xff, 0x3c, 0xff, 0xff, 0x3c, 0xff, 0xff,
    0x3c, 0xff, 0xff, 0x3c, 0xff, 0xff, 0x3c, 0xff, 0xff, 0x3c, 0xff, 0xff, 0x3c, 0xff, 0xff, 0x3c, 0xff, 0xff, 0x3c, 0xff, 0xff, 0x3c, 0xff, 0xff,
    0x3c, 0xff, 0xff, 0x3c, 0xff, 0xff, 0x3c, 0xff, 0xff, 0x3c, 0xff, 0xff, 0x3c, 0xff, 0xff, 0x3c, 0xff, 0xff, 0x3c, 0xff, 0xff, 0x3c, 0xff, 0xff,
    0x3c, 0xff, 0xff, 0x3c, 0xff, 0xff, 0x3c, 0xff, 0xff, 0x3c, 0xff, 0xff, 0x3c, 0xff, 0xff, 0x3c, 0xff, 0xff, 0x3c, 0xff, 0xff, 0x3c, 0xff, 0xff,
    0x3c, 0xff, 0xff, 0x3c, 0xff, 0xff, 0x3c, 0xff, 0xff, 0x3c, 0xff, 0xff, 0x3c, 0xff, 0xff, 0x3c, 0xff, 0xff, 0x3c, 0xff, 0xff, 0x3c, 0xff, 0xff,
    0x3c, 0xff, 0xff, 0x3c, 0xff, 0xff, 0x3c, 0xff, 0xff, 0x3c, 0xff, 0xff, 0x3c, 0xff, 0xff, 0x3c, 0xff, 0xff, 0x3c, 0xff, 0xff, 0x3c, 0xff, 0xff,
    0x3c, 0xff, 0xff, 0x3c, 0xff, 0xff, 0x3c, 0xff, 0xff, 0x3c, 0xff, 0xff, 0x3c, 0xff, 0xff, 0x3c, 0xff, 0xff, 0x3c, 0xff, 0xff, 0x3c, 0xff, 0xff,
    0x3c, 0xff, 0xff, 0x3c, 0xff, 0xff, 0x3c, 0xff, 0xff, 0x3c, 0xff, 0xff, 0x3c, 0xff, 0xff, 0x3c, 0xff, 0xff, 0x3c, 0xff, 0xff, 0x3c, 0xff, 0xff,
};

const lv_img_dsc_t home_icon_view_img = {
    .header.cf = LV_IMG_CF_TRUE_COLOR_ALPHA,
    .header.always_zero = 0,
    .header.reserved = 0,
    .header.w = 40,
    .header.h = 40,
    .data_size = 40 * 40 * LV_IMG_PX_SIZE_ALPHA_BYTE,
    .data = home_icon_view_img_map,
};

static const LV_ATTRIBUTE_MEM_ALIGN LV_ATTRIBUTE_LARGE_CONST uint8_t home_icon_call_img_map[] = {
    0x9f, 0xe7, 0xff, 0x9f, 0xe7, 0xff, 0x9f, 0xe7, 0xff, 0x9f, 0xe7, 0xff, 0x9f, 0xe7, 0xff, 0x9f, 0xe7, 0xff, 0x9f, 0xe7, 0xff, 0x9f, 0xe7, 0xff,
    0x9f, 0xe7, 0xff, 0x9f, 0xe7, 0xff, 0x9f, 0xe7, 0xff, 0x9f, 0xe7, 0xff, 0x9f, 0xe7, 0xff, 0x9f, 0xe7, 0xff, 0x9f, 0xe7, 0xff, 0x9f, 0xe7, 0xff,
    0x9f, 0xe7, 0xff, 0x9f, 0xe7, 0xff, 0x9f, 0xe7, 0xff, 0x9f, 0xe7, 0xff, 0x9f, 0xe7, 0xff, 0x9f, 0xe7, 0xff, 0x9f, 0xe7, 0xff, 0x9f, 0xe7, 0xff,
    0x9f, 0xe7, 0xff, 0x9f, 0xe7, 0xff, 0x9f, 0xe7, 0xff, 0x9f, 0xe7, 0xff, 0x9f, 0xe7, 0xff, 0x9f, 0xe7, 0xff, 0x9f, 0xe7, 0xff, 0x9f, 0xe7, 0xff,
    0x9f, 0xe7, 0xff, 0x9f, 0xe7, 0xff, 0x9f, 0xe7, 0xff, 0x9f, 0xe7, 0xff, 0x9f, 0xe7, 0xff, 0x9f, 0xe7, 0xff, 0x9f, 0xe7, 0xff, 0x9f, 0xe7, 0xff,
    0x9f, 0xe7, 0xff, 0x9f, 0xe7, 0xff, 0x9f, 0xe7, 0xff, 0x9f, 0xe7, 0xff, 0x9f, 0xe7, 0xff, 0x9f, 0xe7, 0xff, 0x9f, 0xe7, 0xff, 0x9f, 0xe7, 0xff,
    0x9f, 0xe7, 0xff, 0x9f, 0xe7, 0xff, 0x9f, 0xe7, 0xff, 0x9f, 0xe7, 0xff, 0x9f, 0xe7, 0xff, 0x9f, 0xe7, 0xff, 0x9f, 0xe7, 0xff, 0x9f, 0xe7, 0xff,
    0x9f, 0xe7, 0xff, 0x9f, 0xe7, 0xff, 0x9f, 0xe7, 0xff, 0x9f, 0xe7, 0xff, 0x9f, 0xe7, 0xff, 0x9f, 0xe7, 0xff, 0x9f, 0xe7, 0xff, 0x9f, 0xe7, 0xff,
    0x9f, 0xe7, 0xff, 0x9f, 0xe7, 0xff, 0x9f, 0xe7, 0xff, 0x9f, 0xe7, 0xff, 0x9f, 0xe7, 0xff, 0x9f, 0xe7, 0xff, 0x9f, 0xe7, 0xff, 0x9f, 0xe7, 0xff,
    0x9f, 0xe7, 0xff, 0x9f, 0xe7, 0xff, 0x9f, 0xe7, 0xff, 0x9f, 0xe7, 0xff, 0x9f, 0xe7, 0xff, 0x9f, 0xe7, 0xff, 0x9f, 0xe7, 0xff, 0x9f, 0xe7, 0xff,
    0x9f, 0xe7, 0xff, 0x9f, 0xe7, 0xff, 0x9f, 0xe7, 0xff, 0x9f, 0xe7, 0xff, 0x9f, 0xe7, 0xff, 0x9f, 0xe7, 0xff, 0x9f, 0xe7, 0xff, 0x9f, 0xe7, 0xff,
    0x9f, 0xe7, 0xff, 0x9f, 0xe7, 0xff, 0x9f, 0xe7, 0xff, 0x9f, 0xe7, 0xff, 0x9f, 0xe7, 0xff, 0x9f, 0xe7, 0xff, 0x9f, 0xe7, 0xff, 0x9f, 0xe7, 0xff,
    0x9f, 0xe7, 0xff, 0x9f, 0xe7, 0xff, 0x9f, 0xe7, 0xff, 0x9f, 0xe7, 0xff, 0x9f, 0xe7, 0xff, 0x9f, 0xe7, 0xff, 0x9f, 0xe7, 0xff, 0x9f, 0xe7, 0xff,
    0x9f, 0xe7, 0xff, 0x9f, 0xe7, 0xff, 0x9f, 0xe7, 0xff, 0x9f, 0xe7, 0xff, 0x9f, 0xe7, 0xff, 0x9f, 0xe7, 0xff, 0x9f, 0xe7, 0xff, 0x9f, 0xe7, 0xff,
    0x9f, 0xe7, 0xff, 0x9f, 0xe7, 0xff, 0x9f, 0xe7, 0xff, 0x9f, 0xe7, 0xff, 0x9f, 0xe7, 0xff, 0x9f, 0xe7, 0xff, 0x9f, 0xe7, 0xff, 0x9f, 0xe7, 0xff,
    0x9f, 0xe7, 0xff, 0x9f, 0xe7, 0xff, 0x9f, 0xe7, 0xff, 0x9f, 0xe7, 0xff, 0x9f, 0xe7, 0xff, 0x9f, 0xe7, 0xff, 0x9f, 0xe7, 0xff, 0x9f, 0xe7, 0xff,
    0x9f, 0xe7, 0xff, 0x9f, 0xe7, 0xff, 0x9f, 0xe7, 0xff, 0x9f, 0xe7, 0xff, 0x9f, 0xe7, 0xff, 0x9f, 0xe7, 0xff, 0x9f, 0xe7, 0xff, 0x9f, 0xe7, 0xff,
    0x9f, 0xe7, 0xff, 0x9f, 0xe7, 0xff, 0x9f, 0xe7, 0xff, 0x9f, 0xe7, 0xff, 0x9f, 0xe7, 0xff, 0x9f, 0xe7, 0xff, 0x9f, 0xe7, 0xff, 0x9f, 0xe7, 0xff,
    0x9f, 0xe7, 0xff, 0x9f, 0xe7, 0xff, 0x9f, 0xe7, 0xff, 0x9f, 0xe7, 0xff, 0x9f, 0xe7, 0xff, 0x9f, 0xe7, 0xff, 0x9f, 0xe7, 0xff, 0x9f, 0xe7, 0xff,
    0x9f, 0xe7, 0xff, 0x9f, 0xe7, 0xff, 0x9f, 0xe7, 0xff, 0x9f, 0xe7, 0xff, 0x9f, 0xe7, 0xff, 0x9f, 0xe7, 0xff, 0x9f, 0xe7, 0xff, 0x9f, 0xe7, 0xff,
    0x9f, 0xe7, 0xff, 0x9f, 0xe7, 0xff, 0x9f, 0xe7, 0xff, 0x9f, 0xe7, 0xff, 0x9f, 0xe7, 0xff, 0x9f, 0xe7, 0xff, 0x9f, 0xe7, 0xff, 0x9f, 0xe7, 0xff,
    0x9f, 0xe7, 0xff, 0x9f, 0xe7, 0xff, 0x9f, 0xe7, 0xff, 0x9f, 0xe7, 0xff, 0x9f, 0xe7, 0xff, 0x9f, 0xe7, 0xff, 0x9f, 0xe7, 0xff, 0x9f, 0xe7, 0xff,
    0x9f, 0xe7, 0xff, 0x9f, 0xe7, 0xff, 0x9f, 0xe7, 0xff, 0x9f, 0xe7, 0xff, 0x9f, 0xe7, 0xff, 0x9f, 0xe7, 0xff, 0x9f, 0xe7, 0xff, 0x9f, 0xe7, 0xff,
    0x9f, 0xe7, 0xff, 0x9f, 0xe7, 0xff, 0x9f, 0xe7, 0xff, 0x9f, 0xe7, 0xff, 0x9f, 0xe7, 0xff, 0x9f, 0xe7, 0xff, 0x9f, 0xe7, 0xff, 0x9f, 0xe7, 0xff,
    0x9f, 0xe7, 0xff, 0x9f, 0xe7, 0xff, 0x9f, 0xe7, 0xff, 0x9f, 0xe7, 0xff, 0x9f, 0xe7, 0xff, 0x9f, 0xe7, 0xff, 0x9f, 0xe7, 0xff, 0x9f, 0xe7, 0xff,
    0x9f, 0xe7, 0xff, 0x9f, 0xe7, 0xff, 0x9f, 0xe7, 0xff, 0x9f, 0xe7, 0xff, 0x9f, 0xe7, 0xff, 0x9f, 0xe7, 0xff, 0x9f, 0xe7, 0xff, 0x9f, 0xe7, 0xff,
    0x9f, 0xe7, 0xff, 0x9f, 0xe7, 0xff, 0x9f, 0xe7, 0xff, 0x9f, 0xe7, 0xff, 0x9f, 0xe7, 0xff, 0x9f, 0xe7, 0xff, 0x9f, 0xe7, 0xff, 0x9f, 0xe7, 0xff,
    0x9f, 0xe7, 0xff, 0x9f, 0xe7, 0xff, 0x9f, 0xe7, 0xff, 0x9f, 0xe7, 0xff, 0x9f, 0xe7, 0xff, 0x9f, 0xe7, 0xff, 0x9f, 0xe7, 0xff, 0x9f, 0xe7, 0xff,
    0x9f, 0xe7, 0xff, 0x9f, 0xe7, 0xff, 0x9f, 0xe7, 0xff, 0x9f, 0xe7, 0xff, 0x9f, 0xe7, 0xff, 0x9f, 0xe7, 0xff, 0x9f, 0xe7, 0xff, 0x9f, 0xe7, 0xff,
    0x9f, 0xe7, 0xff, 0x9f, 0xe7, 0xff, 0x9f, 0xe7, 0xff, 0x9f, 0xe7, 0xff, 0x9f, 0xe7, 0xff, 0x9f, 0xe7, 0xff, 0x9f, 0xe7, 0xff, 0x9f, 0xe7, 0xff,
    0x9f, 0xe7, 0xff, 0x9f, 0xe7, 0xff, 0x9f, 0xe7, 0xff, 0x9f, 0xe7, 0xff, 0x9f, 0xe7, 0xff, 0x9f, 0xe7, 0xff, 0x9f, 0xe7, 0xff, 0x9f, 0xe7, 0xff,
    0x9f, 0xe7, 0xff, 0x9f, 0xe7, 0xff, 0x9f, 0xe7, 0xff, 0x9f, 0xe7, 0xff, 0x9f, 0xe7, 0xff, 0x9f, 0xe7, 0xff, 0x9f, 0xe7, 0xff, 0x9f, 0xe7, 0xff,
    0x9f, 0xe7, 0xff, 0x9f, 0xe7, 0xff, 0x9f, 0xe7, 0xff, 0x9f, 0xe7, 0xff, 0x9f, 0xe7, 0xff, 0x9f, 0xe7, 0xff, 0x9f, 0xe7, 0xff, 0x9f, 0xe7, 0xff,
    0x9f, 0xe7, 0xff, 0x9f, 0xe7, 0xff, 0x9f, 0xe7, 0xff, 0x9f, 0xe7, 0xff, 0x9f, 0xe7, 0xff, 0x9f, 0xe7, 0xff, 0x9f, 0xe7, 0xff, 0x9f, 0xe7, 0xff,
    0x9f, 0xe7, 0xff, 0x9f, 0xe7, 0xff, 0x9f, 0xe7, 0xff, 0x9f, 0xe7, 0xff, 0x9f, 0xe7, 0xff, 0x9f, 0xe7, 0xff, 0x9f, 0xe7, 0xff, 0x9f, 0xe7, 0xff,
    0x9f, 0xe7, 0xff, 0x9f, 0xe7, 0xff, 0x9f, 0xe7, 0xff, 0x9f, 0xe7, 0xff, 0x9f, 0xe7, 0xff, 0x9f, 0xe7, 0xff, 0x9f, 0xe7, 0xff, 0x9f, 0xe7, 0xff,
    0x9f, 0xe7, 0xff, 0x9f, 0xe7, 0xff, 0x9f, 0xe7, 0xff, 0x9f, 0xe7, 0xff, 0x9f, 0xe7, 0xff, 0x9f, 0xe7, 0xff, 0x9f, 0xe7, 0xff, 0x9f, 0xe7, 0xff,
    0x9f, 0xe7, 0xff, 0x9f, 0xe7, 0xff, 0x9f, 0xe7, 0xff, 0x9f, 0xe7, 0xff, 0x9f, 0xe7, 0xff, 0x9f, 0xe7, 0xff, 0x9f, 0xe7, 0xff, 0x9f, 0xe7, 0xff,
    0x9f, 0xe7, 0xff, 0x9f, 0xe7, 0xff, 0x9f, 0xe7, 0xff, 0x9f, 0xe7, 0xff, 0x9f, 0xe7, 0xff, 0x9f, 0xe7, 0xff, 0x9f, 0xe7, 0xff, 0x9f, 0xe7, 0xff,
    0x9f, 0xe7, 0xff, 0x9f, 0xe7, 0xff, 0x9f, 0xe7, 0xff, 0x9f, 0xe7, 0xff, 0x9f, 0xe7, 0xff, 0x9f, 0xe7, 0xff, 0x9f, 0xe7, 0xff, 0x9f, 0xe7, 0xff,
    0x9f, 0xe7, 0xff, 0x9f, 0xe7, 0xff, 0x9f, 0xe7, 0xff, 0x9f, 0xe7, 0xff, 0x9f, 0xe7, 0xff, 0x9f, 0xe7, 0xff, 0x9f, 0xe7, 0xff, 0x9f, 0xe7, 0xff,
    0x9f, 0xe7, 0xff, 0x9f, 0xe7, 0xff, 0x9f, 0xe7, 0xff, 0x9f, 0xe7, 0xff, 0x9f, 0xe7, 0xff, 0xde, 0xb6, 0xff, 0x1d, 0x7e, 0xff, 0xde, 0xb6, 0xff,
    0x9f, 0xe7, 0xff, 0x9f, 0xe7, 0xff, 0x9f, 0xe7, 0xff, 0x9f, 0xe7, 0xff, 0x9f, 0xe7, 0xff, 0x9f, 0xe7, 0xff, 0x9f, 0xe7, 0xff, 0x9f, 0xe7, 0xff,
    0x9f, 0xe7, 0xff, 0x9f, 0xe7, 0xff, 0x9f, 0xe7, 0xff, 0x9f, 0xe7, 0xff, 0x9f, 0xe7, 0xff, 0x9f, 0xe7, 0xff, 0x9f, 0xe7, 0xff, 0x9f, 0xe7, 0xff,
    0x9f, 0xe7, 0xff, 0x9f, 0xe7, 0xff, 0x9f, 0xe7, 0xff, 0x9f, 0xe7, 0xff, 0x9f, 0xe7, 0xff, 0x9f, 0xe7, 0xff, 0x9f, 0xe7, 0xff, 0x9f, 0xe7, 0xff,
    0x9f, 0xe7, 0xff, 0x9f, 0xe7, 0xff, 0x9f, 0xe7, 0xff, 0x9f, 0xe7, 0xff, 0x9f, 0xe7, 0xff, 0x9f, 0xe7, 0xff, 0x9f, 0xe7, 0xff, 0x9f, 0xe7, 0xff,
    0x9f, 0xe7, 0xff, 0x9f, 0xe7, 0xff, 0x9f, 0xe7, 0xff, 0xde, 0xb6, 0xff, 0x1c, 0x2d, 0xff, 0xbb, 0x14, 0xff, 0xbb, 0x14, 0xff, 0xdb, 0x1c, 0xff,
    0x5f, 0xdf, 0xff, 0x9f, 0xe7, 0xff, 0x9f, 0xe7, 0xff, 0x9f, 0xe7, 0xff, 0x9f, 0xe7, 0xff, 0x9f, 0xe7, 0xff, 0x9f, 0xe7, 0xff, 0x9f, 0xe7, 0xff,
    0x9f, 0xe7, 0xff, 0x9f, 0xe7, 0xff, 0x9f, 0xe7, 0xff, 0x9f, 0xe7, 0xff, 0x9f, 0xe7, 0xff, 0x9f, 0xe7, 0xff, 0x9f, 0xe7, 0xff, 0x9f, 0xe7, 0xff,
    0x9f, 0xe7, 0xff, 0x9f, 0xe7, 0xff, 0x9f, 0xe7, 0xff, 0x9f, 0xe7, 0xff, 0x9f, 0xe7, 0xff, 0x9f, 0xe7, 0xff, 0x9f, 0xe7, 0xff, 0x9f, 0xe7, 0xff,
    0x9f, 0xe7, 0xff, 0x9f, 0xe7, 0xff, 0x9f, 0xe7, 0xff, 0x9f, 0xe7, 0xff, 0x9f, 0xe7, 0xff, 0x9f, 0xe7, 0xff, 0x9f, 0xe7, 0xff, 0x9f, 0xe7, 0xff,
    0x9f, 0xe7, 0xff, 0x9f, 0xe7, 0xff, 0x1e, 0xbf, 0xff, 0xbb, 0x14, 0xff, 0xbb, 0x14, 0xff, 0xbb, 0x14, 0xff, 0xbb, 0x14, 0xff, 0xbb, 0x14, 0xff,
    0x1d, 0x7e, 0xff, 0x9f, 0xe7, 0xff, 0x9f, 0xe7, 0xff, 0x9f, 0xe7, 0xff, 0x9f, 0xe7, 0xff, 0x9f, 0xe7, 0xff, 0x9f, 0xe7, 0xff, 0x9f, 0xe7, 0xff,
    0x9f, 0xe7, 0xff, 0x9f, 0xe7, 0xff, 0x9f, 0xe7, 0xff, 0x9f, 0xe7, 0xff, 0x9f, 0xe7, 0xff, 0x9f, 0xe7, 0xff, 0x9f, 0xe7, 0xff, 0x9f, 0xe7, 0xff,
    0x9f, 0xe7, 0xff, 0x9f, 0xe7, 0xff, 0x9f, 0xe7, 0xff, 0x9f, 0xe7, 0xff, 0x9f, 0xe7, 0xff, 0x9f, 0xe7, 0xff, 0x9f, 0xe7, 0xff, 0x9f, 0xe7, 0xff,
    0x9f, 0xe7, 0xff, 0x9f, 0xe7, 0xff, 0x9f, 0xe7, 0xff, 0x9f, 0xe7, 0xff, 0x9f, 0xe7, 0xff, 0x9f, 0xe7, 0xff, 0x9f, 0xe7, 0xff, 0x9f, 0xe7, 0xff,
    0x9f, 0xe7, 0xff, 0x9f, 0xe7, 0xff, 0x3c, 0x3d, 0xff, 0xbb, 0x14, 0xff, 0xbb, 0x14, 0xff, 0xbb, 0x14, 0xff, 0xbb, 0x14, 0xff, 0xbb, 0x14, 0xff,
    0x3c, 0x3d, 0xff, 0x9f, 0xe7, 0xff, 0x9f, 0xe7, 0xff, 0x9f, 0xe7, 0xff, 0x9f, 0xe7, 0xff, 0x9f, 0xe7, 0xff, 0x9f, 0xe7, 0xff, 0x9f, 0xe7, 0xff,
    0x9f, 0xe7, 0xff, 0x9f, 0xe7, 0xff, 0x9f, 0xe7, 0xff, 0x9f, 0xe7, 0xff, 0x9f, 0xe7, 0xff, 0x9f, 0xe7, 0xff, 0x9f, 0xe7, 0xff, 0x9f, 0xe7, 0xff,
    0x9f, 0xe7, 0xff, 0x9f, 0xe7, 0xff, 0x9f, 0xe7, 0xff, 0x9f, 0xe7, 0xff, 0x9f, 0xe7, 0xff, 0x9f, 0xe7, 0xff, 0x9f, 0xe7, 0xff, 0x9f, 0xe7, 0xff,
    0x9f, 0xe7, 0xff, 0x9f, 0xe7, 0xff, 0x9f, 0xe7, 0xff, 0x9f, 0xe7, 0xff, 0x9f, 0xe7, 0xff, 0x9f, 0xe7, 0xff, 0x9f, 0xe7, 0xff, 0x9f, 0xe7, 0xff,
    0x9f, 0xe7, 0xff, 0x9f, 0xe7, 0xff, 0xbb, 0x14, 0xff, 0xbb, 0x14, 0xff, 0xbb, 0x14, 0xff, 0xbb, 0x14, 0xff, 0xbb, 0x14, 0xff, 0xbb, 0x14, 0xff,
    0xbb, 0x14, 0xff, 0xde, 0xb6, 0xff, 0x9f, 0xe7, 0xff, 0x9f, 0xe7, 0xff, 0x9f, 0xe7, 0xff, 0x9f, 0xe7, 0xff, 0x9f, 0xe7, 0xff, 0x9f, 0xe7, 0xff,
    0x9f, 0xe7, 0xff, 0x9f, 0xe7, 0xff, 0x9f, 0xe7, 0xff, 0x9f, 0xe7, 0xff, 0x9f, 0xe7, 0xff, 0x9f, 0xe7, 0xff, 0x9f, 0xe7, 0xff, 0x9f, 0xe7, 0xff,
    0x9f, 0xe7, 0xff, 0x9f, 0xe7, 0xff, 0x9f, 0xe7, 0xff, 0x9f, 0xe7, 0xff, 0x9f, 0xe7, 0xff, 0x9f, 0xe7, 0xff, 0x9f, 0xe7, 0xff, 0x9f, 0xe7, 0xff,
    0x9f, 0xe7, 0xff, 0x9f, 0xe7, 0xff, 0x9f, 0xe7, 0xff, 0x9f, 0xe7, 0xff, 0x9f, 0xe7, 0xff, 0x9f, 0xe7, 0xff, 0x9f, 0xe7, 0xff, 0x9f, 0xe7, 0xff,
    0x9f, 0xe7, 0xff, 0x9f, 0xe7, 0xff, 0xfb, 0x24, 0xff, 0xbb, 0x14, 0xff, 0xbb, 0x14, 0xff, 0xbb, 0x14, 0xff, 0xbb, 0x14, 0xff, 0xbb, 0x14, 0xff,
    0xbb, 0x14, 0xff, 0xfd, 0x6d, 0xff, 0x9f, 0xe7, 0xff, 0x9f, 0xe7, 0xff, 0x9f, 0xe7, 0xff, 0x9f, 0xe7, 0xff, 0x9f, 0xe7, 0xff, 0x9f, 0xe7, 0xff,
    0x9f, 0xe7, 0xff, 0x9f, 0xe7, 0xff, 0x9f, 0xe7, 0xff, 0x9f, 0xe7, 0xff, 0x9f, 0xe7, 0xff, 0x9f, 0xe7, 0xff, 0x9f, 0xe7, 0xff, 0x9f, 0xe7, 0xff,
    0x9f, 0xe7, 0xff, 0x9f, 0xe7, 0xff, 0x9f, 0xe7, 0xff, 0x9f, 0xe7, 0xff, 0x9f, 0xe7, 0xff, 0x9f, 0xe7, 0xff, 0x9f, 0xe7, 0xff, 0x9f, 0xe7, 0xff,
    0x9f, 0xe7, 0xff, 0x9f, 0xe7, 0xff, 0x9f, 0xe7, 0xff, 0x9f, 0xe7, 0xff, 0x9f, 0xe7, 0xff, 0x9f, 0xe7, 0xff, 0x9f, 0xe7, 0xff, 0x9f, 0xe7, 0xff,
    0x9f, 0xe7, 0xff, 0x9f, 0xe7, 0xff, 0x3c, 0x3d, 0xff, 0xbb, 0x14, 0xff, 0xbb, 0x14, 0xff, 0xbb, 0x14, 0xff, 0xbb, 0x14, 0xff, 0xbb, 0x14, 0xff,
    0xbb, 0x14, 0xff, 0x9c, 0x55, 0xff, 0x9f, 0xe7, 0xff, 0x9f, 0xe7, 0xff, 0x9f, 0xe7, 0xff, 0x9f, 0xe7, 0xff, 0x9f, 0xe7, 0xff, 0x9f, 0xe7, 0xff,
    0x9f, 0xe7, 0xff, 0x9f, 0xe7, 0xff, 0x9f, 0xe7, 0xff, 0x9f, 0xe7, 0xff, 0x9f, 0xe7, 0xff, 0x9f, 0xe7, 0xff, 0x9f, 0xe7, 0xff, 0x9f, 0xe7, 0xff,
    0x9f, 0xe7, 0xff, 0x9f, 0xe7, 0xff, 0x9f, 0xe7, 0xff, 0x9f, 0xe7, 0xff, 0x9f, 0xe7, 0xff, 0x9f, 0xe7, 0xff, 0x9f, 0xe7, 0xff, 0x9f, 0xe7, 0xff,
    0x9f, 0xe7, 0xff, 0x9f, 0xe7, 0xff, 0x9f, 0xe7, 0xff, 0x9f, 0xe7, 0xff, 0x9f, 0xe7, 0xff, 0x9f, 0xe7, 0xff, 0x9f, 0xe7, 0xff, 0x9f, 0xe7, 0xff,
    0x9f, 0xe7, 0xff, 0x9f, 0xe7, 0xff, 0x1d, 0x7e, 0xff, 0xbb, 0x14, 0xff, 0xbb, 0x14, 0xff, 0xbb, 0x14, 0xff, 0xbb, 0x14, 0xff, 0xbb, 0x14, 0xff,
    0x7c, 0x45, 0xff, 0x3e, 0xcf, 0xff, 0x9f, 0xe7, 0xff, 0x9f, 0xe7, 0xff, 0x9f, 0xe7, 0xff, 0x9f, 0xe7, 0xff, 0x9f, 0xe7, 0xff, 0x9f, 0xe7, 0xff,
    0x9f, 0xe7, 0xff, 0x9f, 0xe7, 0xff, 0x9f, 0xe7, 0xff, 0x9f, 0xe7, 0xff, 0x9f, 0xe7, 0xff, 0x9f, 0xe7, 0xff, 0x9f, 0xe7, 0xff, 0x9f, 0xe7, 0xff,
    0x9f, 0xe7, 0xff, 0x9f, 0xe7, 0xff, 0x9f, 0xe7, 0xff, 0x9f, 0xe7, 0xff, 0x9f, 0xe7, 0xff, 0x9f, 0xe7, 0xff, 0x9f, 0xe7, 0xff, 0x9f, 0xe7, 0xff,
    0x9f, 0xe7, 0xff, 0x9f, 0xe7, 0xff, 0x9f, 0xe7, 0xff, 0x9f, 0xe7, 0xff, 0x9f, 0xe7, 0xff, 0x9f, 0xe7, 0xff, 0x9f, 0xe7, 0xff, 0x9f, 0xe7, 0xff,
    0x9f, 0xe7, 0xff, 0x9f, 0xe7, 0xff, 0xde, 0xb6, 0xff, 0xbb, 0x14, 0xff, 0xbb, 0x14, 0xff, 0xbb, 0x14, 0xff, 0xbb, 0x14, 0xff, 0xdb, 0x1c, 0xff,
    0x9f, 0xe7, 0xff, 0x9f, 0xe7, 0xff, 0x9f, 0xe7, 0xff, 0x9f, 0xe7, 0xff, 0x9f, 0xe7, 0xff, 0x9f, 0xe7, 0xff, 0x9f, 0xe7, 0xff, 0x9f, 0xe7, 0xff,
    0x9f, 0xe7, 0xff, 0x9f, 0xe7, 0xff, 0x9f, 0xe7, 0xff, 0x9f, 0xe7, 0xff, 0x9f, 0xe7, 0xff, 0x9f, 0xe7, 0xff, 0x9f, 0xe7, 0xff, 0x9f, 0xe7, 0xff,
    0x9f, 0xe7, 0xff, 0x9f, 0xe7, 0xff, 0x9f, 0xe7, 0xff, 0x9f, 0xe7, 0xff, 0x9f, 0xe7, 0xff, 0x9f, 0xe7, 0xff, 0x9f, 0xe7, 0xff, 0x9f, 0xe7, 0xff,
    0x9f, 0xe7, 0xff, 0x9f, 0xe7, 0xff, 0x9f, 0xe7, 0xff, 0x9f, 0xe7, 0xff, 0x9f, 0xe7, 0xff, 0x9f, 0xe7, 0xff, 0x9f, 0xe7, 0xff, 0x9f, 0xe7, 0xff,
    0x9f, 0xe7, 0xff, 0x9f, 0xe7, 0xff, 0x9f, 0xe7, 0xff, 0x7c, 0x45, 0xff, 0xbb, 0x14, 0xff, 0xbb, 0x14, 0xff, 0xbb, 0x14, 0xff, 0xbb, 0x14, 0xff,
    0x3e, 0xcf, 0xff, 0x9f, 0xe7, 0xff, 0x9f, 0xe7, 0xff, 0x9f, 0xe7, 0xff, 0x9f, 0xe7, 0xff, 0x9f, 0xe7, 0xff, 0x9f, 0xe7, 0xff, 0x9f, 0xe7, 0xff,
    0x9f, 0xe7, 0xff, 0x9f, 0xe7, 0xff, 0x9f, 0xe7, 0xff, 0x9f, 0xe7, 0xff, 0x9f, 0xe7, 0xff, 0x9f, 0xe7, 0xff, 0x9f, 0xe7, 0xff, 0x9f, 0xe7, 0xff,
    0x9f, 0xe7, 0xff, 0x9f, 0xe7, 0xff, 0x9f, 0xe7, 0xff, 0x9f, 0xe7, 0xff, 0x9f, 0xe7, 0xff, 0x9f, 0xe7, 0xff, 0x9f, 0xe7, 0xff, 0x9f, 0xe7, 0xff,
    0x9f, 0xe7, 0xff, 0x9f, 0xe7, 0xff, 0x9f, 0xe7, 0xff, 0x9f, 0xe7, 0xff, 0x9f, 0xe7, 0xff, 0x9f, 0xe7, 0xff, 0x9f, 0xe7, 0xff, 0x9f, 0xe7, 0xff,
    0x9f, 0xe7, 0xff, 0x9f, 0xe7, 0xff, 0x9f, 0xe7, 0xff, 0xde, 0xb6, 0xff, 0xbb, 0x14, 0xff, 0xbb, 0x14, 0xff, 0xbb, 0x14, 0xff, 0xbb, 0x14, 0xff,
    0x7c, 0x45, 0xff, 0x9f, 0xe7, 0xff, 0x9f, 0xe7, 0xff, 0x9f, 0xe7, 0xff, 0x9f, 0xe7, 0xff, 0x9f, 0xe7, 0xff, 0x9f, 0xe7, 0xff, 0x9f, 0xe7, 0xff,
    0x9f, 0xe7, 0xff, 0x9f, 0xe7, 0xff, 0x9f, 0xe7, 0xff, 0x9f, 0xe7, 0xff, 0x9f, 0xe7, 0xff, 0x9f, 0xe7, 0xff, 0x9f, 0xe7, 0xff, 0x9f, 0xe7, 0xff,
    0x9f, 0xe7, 0xff, 0x9f, 0xe7, 0xff, 0x9f, 0xe7, 0xff, 0x9f, 0xe7, 0xff, 0x9f, 0xe7, 0xff, 0x9f, 0xe7, 0xff, 0x9f, 0xe7, 0xff, 0x9f, 0xe7, 0xff,
    0x9f, 0xe7, 0xff, 0x9f, 0xe7, 0xff, 0x9f, 0xe7, 0xff, 0x9f, 0xe7, 0xff, 0x9f, 0xe7, 0xff, 0x9f, 0xe7, 0xff, 0x9f, 0xe7, 0xff, 0x9f, 0xe7, 0xff,
    0x9f, 0xe7, 0xff, 0x9f, 0xe7, 0xff, 0x9f, 0xe7, 0xff, 0x9f, 0xe7, 0xff, 0x9c, 0x55, 0xff, 0xbb, 0x14, 0xff, 0xbb, 0x14, 0xff, 0xbb, 0x14, 0xff,
    0xbb, 0x14, 0xff, 0x5d, 0x8e, 0xff, 0x9f, 0xe7, 0xff, 0x9f, 0xe7, 0xff, 0x9f, 0xe7, 0xff, 0x9f, 0xe7, 0xff, 0x9f, 0xe7, 0xff, 0x9f, 0xe7, 0xff,
    0x9f, 0xe7, 0xff, 0x9f, 0xe7, 0xff, 0x9f, 0xe7, 0xff, 0x9f, 0xe7, 0xff, 0x9f, 0xe7, 0xff, 0x9f, 0xe7, 0xff, 0x9f, 0xe7, 0xff, 0x9f, 0xe7, 0xff,
    0x9f, 0xe7, 0xff, 0x9f, 0xe7, 0xff, 0x9f, 0xe7, 0xff, 0x9f, 0xe7, 0xff, 0x9f, 0xe7, 0xff, 0x9f, 0xe7, 0xff, 0x9f, 0xe7, 0xff, 0x9f, 0xe7, 0xff,
    0x9f, 0xe7, 0xff, 0x9f, 0xe7, 0xff, 0x9f, 0xe7, 0xff, 0x9f, 0xe7, 0xff, 0x9f, 0xe7, 0xff, 0x9f, 0xe7, 0xff, 0x9f, 0xe7, 0xff, 0x9f, 0xe7, 0xff,
    0x9f, 0xe7, 0xff, 0x9f, 0xe7, 0xff, 0x9f, 0xe7, 0xff, 0x9f, 0xe7, 0xff, 0x3f, 0xcf, 0xff, 0xfb, 0x24, 0xff, 0xbb, 0x14, 0xff, 0xbb, 0x14, 0xff,
    0xbb, 0x14, 0xff, 0xbb, 0x14, 0xff, 0xfe, 0xbe, 0xff, 0x9f, 0xe7, 0xff, 0x9f, 0xe7, 0xff, 0x9f, 0xe7, 0xff, 0x9f, 0xe7, 0xff, 0x9f, 0xe7, 0xff,
    0x9f, 0xe7, 0xff, 0x9f, 0xe7, 0xff, 0x9f, 0xe7, 0xff, 0x9f, 0xe7, 0xff, 0x9f, 0xe7, 0xff, 0x9f, 0xe7, 0xff, 0x9f, 0xe7, 0xff, 0x9f, 0xe7, 0xff,
    0x9f, 0xe7, 0xff, 0x9f, 0xe7, 0xff, 0x9f, 0xe7, 0xff, 0x9f, 0xe7, 0xff, 0x9f, 0xe7, 0xff, 0x9f, 0xe7, 0xff, 0x9f, 0xe7, 0xff, 0x9f, 0xe7, 0xff,
    0x9f, 0xe7, 0xff, 0x9f, 0xe7, 0xff, 0x9f, 0xe7, 0xff, 0x9f, 0xe7, 0xff, 0x9f, 0xe7, 0xff, 0x9f, 0xe7, 0xff, 0x9f, 0xe7, 0xff, 0x9f, 0xe7, 0xff,
    0x9f, 0xe7, 0xff, 0x9f, 0xe7, 0xff, 0x9f, 0xe7, 0xff, 0x9f, 0xe7, 0xff, 0x9f, 0xe7, 0xff, 0x7d, 0x96, 0xff, 0xbb, 0x14, 0xff, 0xbb, 0x14, 0xff,
    0xbb, 0x14, 0xff, 0xbb, 0x14, 0xff, 0x1b, 0x2d, 0xff, 0x3e, 0xcf, 0xff, 0x9f, 0xe7, 0xff, 0x9f, 0xe7, 0xff, 0x9f, 0xe7, 0xff, 0x9f, 0xe7, 0xff,
    0x9f, 0xe7, 0xff, 0x9f, 0xe7, 0xff, 0x9f, 0xe7, 0xff, 0x9f, 0xe7, 0xff, 0x9f, 0xe7, 0xff, 0x9f, 0xe7, 0xff, 0x9f, 0xe7, 0xff, 0x9f, 0xe7, 0xff,
    0x9f, 0xe7, 0xff, 0x9f, 0xe7, 0xff, 0x9f, 0xe7, 0xff, 0x9f, 0xe7, 0xff, 0x9f, 0xe7, 0xff, 0x9f, 0xe7, 0xff, 0x9f, 0xe7, 0xff, 0x9f, 0xe7, 0xff,
    0x9f, 0xe7, 0xff, 0x9f, 0xe7, 0xff, 0x9f, 0xe7, 0xff, 0x9f, 0xe7, 0xff, 0x9f, 0xe7, 0xff, 0x9f, 0xe7, 0xff, 0x9f, 0xe7, 0xff, 0x9f, 0xe7, 0xff,
    0x9f, 0xe7, 0xff, 0x9f, 0xe7, 0xff, 0x9f, 0xe7, 0xff, 0x9f, 0xe7, 0xff, 0x9f, 0xe7, 0xff, 0x9f, 0xe7, 0xff, 0xfd, 0x6d, 0xff, 0xbb, 0x14, 0xff,
    0xbb, 0x14, 0xff, 0xbb, 0x14, 0xff, 0xbb, 0x14, 0xff, 0x3c, 0x3d, 0xff, 0x5f, 0xdf, 0xff, 0x9f, 0xe7, 0xff, 0x9f, 0xe7, 0xff, 0x9f, 0xe7, 0xff,
    0x9f, 0xe7, 0xff, 0x9f, 0xe7, 0xff, 0x9f, 0xe7, 0xff, 0x9f, 0xe7, 0xff, 0x9f, 0xe7, 0xff, 0x9f, 0xe7, 0xff, 0x9f, 0xe7, 0xff, 0x9f, 0xe7, 0xff,
    0x9f, 0xe7, 0xff, 0x9f, 0xe7, 0xff, 0x9f, 0xe7, 0xff, 0x9f, 0xe7, 0xff, 0x9f, 0xe7, 0xff, 0x9f, 0xe7, 0xff, 0x9f, 0xe7, 0xff, 0x9f, 0xe7, 0xff,
    0x9f, 0xe7, 0xff, 0x9f, 0xe7, 0xff, 0x9f, 0xe7, 0xff, 0x9f, 0xe7, 0xff, 0x9f, 0xe7, 0xff, 0x9f, 0xe7, 0xff, 0x9f, 0xe7, 0xff, 0x9f, 0xe7, 0xff,
    0x9f, 0xe7, 0xff, 0x9f, 0xe7, 0xff, 0x9f, 0xe7, 0xff, 0x9f, 0xe7, 0xff, 0x9f, 0xe7, 0xff, 0x9f, 0xe7, 0xff, 0x7f, 0xdf, 0xff, 0x3c, 0x3d, 0xff,
    0xbb, 0x14, 0xff, 0xbb, 0x14, 0xff, 0xbb, 0x14, 0xff, 0xbb, 0x14, 0xff, 0xdc, 0x65, 0xff, 0x9f, 0xe7, 0xff, 0x9f, 0xe7, 0xff, 0x3f, 0xcf, 0xff,
    0xfd, 0x6d, 0xff, 0x7d, 0x96, 0xff, 0x9f, 0xe7, 0xff, 0x9f, 0xe7, 0xff, 0x9f, 0xe7, 0xff, 0x9f, 0xe7, 0xff, 0x9f, 0xe7, 0xff, 0x9f, 0xe7, 0xff,
    0x9f, 0xe7, 0xff, 0x9f, 0xe7, 0xff, 0x9f, 0xe7, 0xff, 0x9f, 0xe7, 0xff, 0x9f, 0xe7, 0xff, 0x9f, 0xe7, 0xff, 0x9f, 0xe7, 0xff, 0x9f, 0xe7, 0xff,
    0x9f, 0xe7, 0xff, 0x9f, 0xe7, 0xff, 0x9f, 0xe7, 0xff, 0x9f, 0xe7, 0xff, 0x9f, 0xe7, 0xff, 0x9f, 0xe7, 0xff, 0x9f, 0xe7, 0xff, 0x9f, 0xe7, 0xff,
    0x9f, 0xe7, 0xff, 0x9f, 0xe7, 0xff, 0x9f, 0xe7, 0xff, 0x9f, 0xe7, 0xff, 0x9f, 0xe7, 0xff, 0x9f, 0xe7, 0xff, 0x9f, 0xe7, 0xff, 0x3f, 0xcf, 0xff,
    0x1c, 0x2d, 0xff, 0xbb, 0x14, 0xff, 0xbb, 0x14, 0xff, 0xbb, 0x14, 0xff, 0xbb, 0x14, 0xff, 0x9c, 0x55, 0xff, 0xbe, 0xa6, 0xff, 0x1c, 0x2d, 0xff,
    0xbb, 0x14, 0xff, 0xbb, 0x14, 0xff, 0x1b, 0x2d, 0xff, 0x3e, 0xcf, 0xff, 0x9f, 0xe7, 0xff, 0x9f, 0xe7, 0xff, 0x9f, 0xe7, 0xff, 0x9f, 0xe7, 0xff,
    0x9f, 0xe7, 0xff, 0x9f, 0xe7, 0xff, 0x9f, 0xe7, 0xff, 0x9f, 0xe7, 0xff, 0x9f, 0xe7, 0xff, 0x9f, 0xe7, 0xff, 0x9f, 0xe7, 0xff, 0x9f, 0xe7, 0xff,
    0x9f, 0xe7, 0xff, 0x9f, 0xe7, 0xff, 0x9f, 0xe7, 0xff, 0x9f, 0xe7, 0xff, 0x9f, 0xe7, 0xff, 0x9f, 0xe7, 0xff, 0x9f, 0xe7, 0xff, 0x9f, 0xe7, 0xff,
    0x9f, 0xe7, 0xff, 0x9f, 0xe7, 0xff, 0x9f, 0xe7, 0xff, 0x9f, 0xe7, 0xff, 0x9f, 0xe7, 0xff, 0x9f, 0xe7, 0xff, 0x9f, 0xe7, 0xff, 0x9f, 0xe7, 0xff,
    0x1e, 0xbf, 0xff, 0xfb, 0x24, 0xff, 0xbb, 0x14, 0xff, 0xbb, 0x14, 0xff, 0xbb, 0x14, 0xff, 0xbb, 0x14, 0xff, 0xbb, 0x14, 0xff, 0xbb, 0x14, 0xff,
    0xbb, 0x14, 0xff, 0xbb, 0x14, 0xff, 0xbb, 0x14, 0xff, 0xbb, 0x14, 0xff, 0x1d, 0x7e, 0xff, 0x9f, 0xe7, 0xff, 0x9f, 0xe7, 0xff, 0x9f, 0xe7, 0xff,
    0x9f, 0xe7, 0xff, 0x9f, 0xe7, 0xff, 0x9f, 0xe7, 0xff, 0x9f, 0xe7, 0xff, 0x9f, 0xe7, 0xff, 0x9f, 0xe7, 0xff, 0x9f, 0xe7, 0xff, 0x9f, 0xe7, 0xff,
    0x9f, 0xe7, 0xff, 0x9f, 0xe7, 0xff, 0x9f, 0xe7, 0xff, 0x9f, 0xe7, 0xff, 0x9f, 0xe7, 0xff, 0x9f, 0xe7, 0xff, 0x9f, 0xe7, 0xff, 0x9f, 0xe7, 0xff,
    0x9f, 0xe7, 0xff, 0x9f, 0xe7, 0xff, 0x9f, 0xe7, 0xff, 0x9f, 0xe7, 0xff, 0x9f, 0xe7, 0xff, 0x9f, 0xe7, 0xff, 0x9f, 0xe7, 0xff, 0x9f, 0xe7, 0xff,
    0x9f, 0xe7, 0xff, 0x7d, 0x96, 0xff, 0xbb, 0x14, 0xff, 0xbb, 0x14, 0xff, 0xbb, 0x14, 0xff, 0xbb, 0x14, 0xff, 0xbb, 0x14, 0xff, 0xbb, 0x14, 0xff,
    0xbb, 0x14, 0xff, 0xbb, 0x14, 0xff, 0xbb, 0x14, 0xff, 0xbb, 0x14, 0xff, 0xbb, 0x14, 0xff, 0xfd, 0x6d, 0xff, 0x9f, 0xe7, 0xff, 0x9f, 0xe7, 0xff,
    0x9f, 0xe7, 0xff, 0x9f, 0xe7, 0xff, 0x9f, 0xe7, 0xff, 0x9f, 0xe7, 0xff, 0x9f, 0xe7, 0xff, 0x9f, 0xe7, 0xff, 0x9f, 0xe7, 0xff, 0x9f, 0xe7, 0xff,
    0x9f, 0xe7, 0xff, 0x9f, 0xe7, 0xff, 0x9f, 0xe7, 0xff, 0x9f, 0xe7, 0xff, 0x9f, 0xe7, 0xff, 0x9f, 0xe7, 0xff, 0x9f, 0xe7, 0xff, 0x9f, 0xe7, 0xff,
    0x9f, 0xe7, 0xff, 0x9f, 0xe7, 0xff, 0x9f, 0xe7, 0xff, 0x9f, 0xe7, 0xff, 0x9f, 0xe7, 0xff, 0x9f, 0xe7, 0xff, 0x9f, 0xe7, 0xff, 0x9f, 0xe7, 0xff,
    0x9f, 0xe7, 0xff, 0x9f, 0xe7, 0xff, 0x7d, 0x96, 0xff, 0xbb, 0x14, 0xff, 0xbb, 0x14, 0xff, 0xbb, 0x14, 0xff, 0xbb, 0x14, 0xff, 0xbb, 0x14, 0xff,
    0xbb, 0x14, 0xff, 0xbb, 0x14, 0xff, 0xbb, 0x14, 0xff, 0xbb, 0x14, 0xff, 0xbb, 0x14, 0xff, 0xbb, 0x14, 0xff, 0x9f, 0xe7, 0xff, 0x9f, 0xe7, 0xff,
    0x9f, 0xe7, 0xff, 0x9f, 0xe7, 0xff, 0x9f, 0xe7, 0xff, 0x9f, 0xe7, 0xff, 0x9f, 0xe7, 0xff, 0x9f, 0xe7, 0xff, 0x9f, 0xe7, 0xff, 0x9f, 0xe7, 0xff,
    0x9f, 0xe7, 0xff, 0x9f, 0xe7, 0xff, 0x9f, 0xe7, 0xff, 0x9f, 0xe7, 0xff, 0x9f, 0xe7, 0xff, 0x9f, 0xe7, 0xff, 0x9f, 0xe7, 0xff, 0x9f, 0xe7, 0xff,
    0x9f, 0xe7, 0xff, 0x9f, 0xe7, 0xff, 0x9f, 0xe7, 0xff, 0x9f, 0xe7, 0xff, 0x9f, 0xe7, 0xff, 0x9f, 0xe7, 0xff, 0x9f, 0xe7, 0xff, 0x9f, 0xe7, 0xff,
    0x9f, 0xe7, 0xff, 0x9f, 0xe7, 0xff, 0x9f, 0xe7, 0xff, 0xbe, 0xa6, 0xff, 0xfb, 0x24, 0xff, 0xbb, 0x14, 0xff, 0xbb, 0x14, 0xff, 0xbb, 0x14, 0xff,
    0xbb, 0x14, 0xff, 0xbb, 0x14, 0xff, 0xbb, 0x14, 0xff, 0xbb, 0x14, 0xff, 0xbb, 0x14, 0xff, 0xbc, 0x65, 0xff, 0x9f, 0xe7, 0xff, 0x9f, 0xe7, 0xff,
    0x9f, 0xe7, 0xff, 0x9f, 0xe7, 0xff, 0x9f, 0xe7, 0xff, 0x9f, 0xe7, 0xff, 0x9f, 0xe7, 0xff, 0x9f, 0xe7, 0xff, 0x9f, 0xe7, 0xff, 0x9f, 0xe7, 0xff,
    0x9f, 0xe7, 0xff, 0x9f, 0xe7, 0xff, 0x9f, 0xe7, 0xff, 0x9f, 0xe7, 0xff, 0x9f, 0xe7, 0xff, 0x9f, 0xe7, 0xff, 0x9f, 0xe7, 0xff, 0x9f, 0xe7, 0xff,
    0x9f, 0xe7, 0xff, 0x9f, 0xe7, 0xff, 0x9f, 0xe7, 0xff, 0x9f, 0xe7, 0xff, 0x9f, 0xe7, 0xff, 0x9f, 0xe7, 0xff, 0x9f, 0xe7, 0xff, 0x9f, 0xe7, 0xff,
    0x9f, 0xe7, 0xff, 0x9f, 0xe7, 0xff, 0x9f, 0xe7, 0xff, 0x9f, 0xe7, 0xff, 0x3f, 0xcf, 0xff, 0x1c, 0x2d, 0xff, 0xbb, 0x14, 0xff, 0xbb, 0x14, 0xff,
    0xbb, 0x14, 0xff, 0xbb, 0x14, 0xff, 0xbb, 0x14, 0xff, 0xbb, 0x14, 0xff, 0x1b, 0x2d, 0xff, 0x3e, 0xcf, 0xff, 0x9f, 0xe7, 0xff, 0x9f, 0xe7, 0xff,
    0x9f, 0xe7, 0xff, 0x9f, 0xe7, 0xff, 0x9f, 0xe7, 0xff, 0x9f, 0xe7, 0xff, 0x9f, 0xe7, 0xff, 0x9f, 0xe7, 0xff, 0x9f, 0xe7, 0xff, 0x9f, 0xe7, 0xff,
    0x9f, 0xe7, 0xff, 0x9f, 0xe7, 0xff, 0x9f, 0xe7, 0xff, 0x9f, 0xe7, 0xff, 0x9f, 0xe7, 0xff, 0x9f, 0xe7, 0xff, 0x9f, 0xe7, 0xff, 0x9f, 0xe7, 0xff,
    0x9f, 0xe7, 0xff, 0x9f, 0xe7, 0xff, 0x9f, 0xe7, 0xff, 0x9f, 0xe7, 0xff, 0x9f, 0xe7, 0xff, 0x9f, 0xe7, 0xff, 0x9f, 0xe7, 0xff, 0x9f, 0xe7, 0xff,
    0x9f, 0xe7, 0xff, 0x9f, 0xe7, 0xff, 0x9f, 0xe7, 0xff, 0x9f, 0xe7, 0xff, 0x9f, 0xe7, 0xff, 0x9f, 0xe7, 0xff, 0x1d, 0x7e, 0xff, 0x1c, 0x2d, 0xff,
    0xbb, 0x14, 0xff, 0xbb, 0x14, 0xff, 0xbb, 0x14, 0xff, 0x1b, 0x2d, 0xff, 0x3e, 0xcf, 0xff, 0x9f, 0xe7, 0xff, 0x9f, 0xe7, 0xff, 0x9f, 0xe7, 0xff,
    0x9f, 0xe7, 0xff, 0x9f, 0xe7, 0xff, 0x9f, 0xe7, 0xff, 0x9f, 0xe7, 0xff, 0x9f, 0xe7, 0xff, 0x9f, 0xe7, 0xff, 0x9f, 0xe7, 0xff, 0x9f, 0xe7, 0xff,
    0x9f, 0xe7, 0xff, 0x9f, 0xe7, 0xff, 0x9f, 0xe7, 0xff, 0x9f, 0xe7, 0xff, 0x9f, 0xe7, 0xff, 0x9f, 0xe7, 0xff, 0x9f, 0xe7, 0xff, 0x9f, 0xe7, 0xff,
    0x9f, 0xe7, 0xff, 0x9f, 0xe7, 0xff, 0x9f, 0xe7, 0xff, 0x9f, 0xe7, 0xff, 0x9f, 0xe7, 0xff, 0x9f, 0xe7, 0xff, 0x9f, 0xe7, 0xff, 0x9f, 0xe7, 0xff,
    0x9f, 0xe7, 0xff, 0x9f, 0xe7, 0xff, 0x9f, 0xe7, 0xff, 0x9f, 0xe7, 0xff, 0x9f, 0xe7, 0xff, 0x9f, 0xe7, 0xff, 0x9f, 0xe7, 0xff, 0x9f, 0xe7, 0xff,
    0xbe, 0xa6, 0xff, 0x1d, 0x7e, 0xff, 0x5d, 0x8e, 0xff, 0x5f, 0xdf, 0xff, 0x9f, 0xe7, 0xff, 0x9f, 0xe7, 0xff, 0x9f, 0xe7, 0xff, 0x9f, 0xe7, 0xff,
    0x9f, 0xe7, 0xff, 0x9f, 0xe7, 0xff, 0x9f, 0xe7, 0xff, 0x9f, 0xe7, 0xff, 0x9f, 0xe7, 0xff, 0x9f, 0xe7, 0xff, 0x9f, 0xe7, 0xff, 0x9f, 0xe7, 0xff,
    0x9f, 0xe7, 0xff, 0x9f, 0xe7, 0xff, 0x9f, 0xe7, 0xff, 0x9f, 0xe7, 0xff, 0x9f, 0xe7, 0xff, 0x9f, 0xe7, 0xff, 0x9f, 0xe7, 0xff, 0x9f, 0xe7, 0xff,
    0x9f, 0xe7, 0xff, 0x9f, 0xe7, 0xff, 0x9f, 0xe7, 0xff, 0x9f, 0xe7, 0xff, 0x9f, 0xe7, 0xff, 0x9f, 0xe7, 0xff, 0x9f, 0xe7, 0xff, 0x9f, 0xe7, 0xff,
    0x9f, 0xe7, 0xff, 0x9f, 0xe7, 0xff, 0x9f, 0xe7, 0xff, 0x9f, 0xe7, 0xff, 0x9f, 0xe7, 0xff, 0x9f, 0xe7, 0xff, 0x9f, 0xe7, 0xff, 0x9f, 0xe7, 0xff,
    0x9f, 0xe7, 0xff, 0x9f, 0xe7, 0xff, 0x9f, 0xe7, 0xff, 0x9f, 0xe7, 0xff, 0x9f, 0xe7, 0xff, 0x9f, 0xe7, 0xff, 0x9f, 0xe7, 0xff, 0x9f, 0xe7, 0xff,
    0x9f, 0xe7, 0xff, 0x9f, 0xe7, 0xff, 0x9f, 0xe7, 0xff, 0x9f, 0xe7, 0xff, 0x9f, 0xe7, 0xff, 0x9f, 0xe7, 0xff, 0x9f, 0xe7, 0xff, 0x9f, 0xe7, 0xff,
    0x9f, 0xe7, 0xff, 0x9f, 0xe7, 0xff, 0x9f, 0xe7, 0xff, 0x9f, 0xe7, 0xff, 0x9f, 0xe7, 0xff, 0x9f, 0xe7, 0xff, 0x9f, 0xe7, 0xff, 0x9f, 0xe7, 0xff,
    0x9f, 0xe7, 0xff, 0x9f, 0xe7, 0xff, 0x9f, 0xe7, 0xff, 0x9f, 0xe7, 0xff, 0x9f, 0xe7, 0xff, 0x9f, 0xe7, 0xff, 0x9f, 0xe7, 0xff, 0x9f, 0xe7, 0xff,
    0x9f, 0xe7, 0xff, 0x9f, 0xe7, 0xff, 0x9f, 0xe7, 0xff, 0x9f, 0xe7, 0xff, 0x9f, 0xe7, 0xff, 0x9f, 0xe7, 0xff, 0x9f, 0xe7, 0xff, 0x9f, 0xe7, 0xff,
    0x9f, 0xe7, 0xff, 0x9f, 0xe7, 0xff, 0x9f, 0xe7, 0xff, 0x9f, 0xe7, 0xff, 0x9f, 0xe7, 0xff, 0x9f, 0xe7, 0xff, 0x9f, 0xe7, 0xff, 0x9f, 0xe7, 0xff,
    0x9f, 0xe7, 0xff, 0x9f, 0xe7, 0xff, 0x9f, 0xe7, 0xff, 0x9f, 0xe7, 0xff, 0x9f, 0xe7, 0xff, 0x9f, 0xe7, 0xff, 0x9f, 0xe7, 0xff, 0x9f, 0xe7, 0xff,
    0x9f, 0xe7, 0xff, 0x9f, 0xe7, 0xff, 0x9f, 0xe7, 0xff, 0x9f, 0xe7, 0xff, 0x9f, 0xe7, 0xff, 0x9f, 0xe7, 0xff, 0x9f, 0xe7, 0xff, 0x9f, 0xe7, 0xff,
    0x9f, 0xe7, 0xff, 0x9f, 0xe7, 0xff, 0x9f, 0xe7, 0xff, 0x9f, 0xe7, 0xff, 0x9f, 0xe7, 0xff, 0x9f, 0xe7, 0xff, 0x9f, 0xe7, 0xff, 0x9f, 0xe7, 0xff,
    0x9f, 0xe7, 0xff, 0x9f, 0xe7, 0xff, 0x9f, 0xe7, 0xff, 0x9f, 0xe7, 0xff, 0x9f, 0xe7, 0xff, 0x9f, 0xe7, 0xff, 0x9f, 0xe7, 0xff, 0x9f, 0xe7, 0xff,
    0x9f, 0xe7, 0xff, 0x9f, 0xe7, 0xff, 0x9f, 0xe7, 0xff, 0x9f, 0xe7, 0xff, 0x9f, 0xe7, 0xff, 0x9f, 0xe7, 0xff, 0x9f, 0xe7, 0xff, 0x9f, 0xe7, 0xff,
    0x9f, 0xe7, 0xff, 0x9f, 0xe7, 0xff, 0x9f, 0xe7, 0xff, 0x9f, 0xe7, 0xff, 0x9f, 0xe7, 0xff, 0x9f, 0xe7, 0xff, 0x9f, 0xe7, 0xff, 0x9f, 0xe7, 0xff,
    0x9f, 0xe7, 0xff, 0x9f, 0xe7, 0xff, 0x9f, 0xe7, 0xff, 0x9f, 0xe7, 0xff, 0x9f, 0xe7, 0xff, 0x9f, 0xe7, 0xff, 0x9f, 0xe7, 0xff, 0x9f, 0xe7, 0xff,
    0x9f, 0xe7, 0xff, 0x9f, 0xe7, 0xff, 0x9f, 0xe7, 0xff, 0x9f, 0xe7, 0xff, 0x9f, 0xe7, 0xff, 0x9f, 0xe7, 0xff, 0x9f, 0xe7, 0xff, 0x9f, 0xe7, 0xff,
    0x9f, 0xe7, 0xff, 0x9f, 0xe7, 0xff, 0x9f, 0xe7, 0xff, 0x9f, 0xe7, 0xff, 0x9f, 0xe7, 0xff, 0x9f, 0xe7, 0xff, 0x9f, 0xe7, 0xff, 0x9f, 0xe7, 0xff,
    0x9f, 0xe7, 0xff, 0x9f, 0xe7, 0xff, 0x9f, 0xe7, 0xff, 0x9f, 0xe7, 0xff, 0x9f, 0xe7, 0xff, 0x9f, 0xe7, 0xff, 0x9f, 0xe7, 0xff, 0x9f, 0xe7, 0xff,
    0x9f, 0xe7, 0xff, 0x9f, 0xe7, 0xff, 0x9f, 0xe7, 0xff, 0x9f, 0xe7, 0xff, 0x9f, 0xe7, 0xff, 0x9f, 0xe7, 0xff, 0x9f, 0xe7, 0xff, 0x9f, 0xe7, 0xff,
    0x9f, 0xe7, 0xff, 0x9f, 0xe7, 0xff, 0x9f, 0xe7, 0xff, 0x9f, 0xe7, 0xff, 0x9f, 0xe7, 0xff, 0x9f, 0xe7, 0xff, 0x9f, 0xe7, 0xff, 0x9f, 0xe7, 0xff,
    0x9f, 0xe7, 0xff, 0x9f, 0xe7, 0xff, 0x9f, 0xe7, 0xff, 0x9f, 0xe7, 0xff, 0x9f, 0xe7, 0xff, 0x9f, 0xe7, 0xff, 0x9f, 0xe7, 0xff, 0x9f, 0xe7, 0xff,
    0x9f, 0xe7, 0xff, 0x9f, 0xe7, 0xff, 0x9f, 0xe7, 0xff, 0x9f, 0xe7, 0xff, 0x9f, 0xe7, 0xff, 0x9f, 0xe7, 0xff, 0x9f, 0xe7, 0xff, 0x9f, 0xe7, 0xff,
    0x9f, 0xe7, 0xff, 0x9f, 0xe7, 0xff, 0x9f, 0xe7, 0xff, 0x9f, 0xe7, 0xff, 0x9f, 0xe7, 0xff, 0x9f, 0xe7, 0xff, 0x9f, 0xe7, 0xff, 0x9f, 0xe7, 0xff,
    0x9f, 0xe7, 0xff, 0x9f, 0xe7, 0xff, 0x9f, 0xe7, 0xff, 0x9f, 0xe7, 0xff, 0x9f, 0xe7, 0xff, 0x9f, 0xe7, 0xff, 0x9f, 0xe7, 0xff, 0x9f, 0xe7, 0xff,
    0x9f, 0xe7, 0xff, 0x9f, 0xe7, 0xff, 0x9f, 0xe7, 0xff, 0x9f, 0xe7, 0xff, 0x9f, 0xe7, 0xff, 0x9f, 0xe7, 0xff, 0x9f, 0xe7, 0xff, 0x9f, 0xe7, 0xff,
    0x9f, 0xe7, 0xff, 0x9f, 0xe7, 0xff, 0x9f, 0xe7, 0xff, 0x9f, 0xe7, 0xff, 0x9f, 0xe7, 0xff, 0x9f, 0xe7, 0xff, 0x9f, 0xe7, 0xff, 0x9f, 0xe7, 0xff,
    0x9f, 0xe7, 0xff, 0x9f, 0xe7, 0xff, 0x9f, 0xe7, 0xff, 0x9f, 0xe7, 0xff, 0x9f, 0xe7, 0xff, 0x9f, 0xe7, 0xff, 0x9f, 0xe7, 0xff, 0x9f, 0xe7, 0xff,
    0x9f, 0xe7, 0xff, 0x9f, 0xe7, 0xff, 0x9f, 0xe7, 0xff, 0x9f, 0xe7, 0xff, 0x9f, 0xe7, 0xff, 0x9f, 0xe7, 0xff, 0x9f, 0xe7, 0xff, 0x9f, 0xe7, 0xff,
    0x9f, 0xe7, 0xff, 0x9f, 0xe7, 0xff, 0x9f, 0xe7, 0xff, 0x9f, 0xe7, 0xff, 0x9f, 0xe7, 0xff, 0x9f, 0xe7, 0xff, 0x9f, 0xe7, 0xff, 0x9f, 0xe7, 0xff,
    0x9f, 0xe7, 0xff, 0x9f, 0xe7, 0xff, 0x9f, 0xe7, 0xff, 0x9f, 0xe7, 0xff, 0x9f, 0xe7, 0xff, 0x9f, 0xe7, 0xff, 0x9f, 0xe7, 0xff, 0x9f, 0xe7, 0xff,
    0x9f, 0xe7, 0xff, 0x9f, 0xe7, 0xff, 0x9f, 0xe7, 0xff, 0x9f, 0xe7, 0xff, 0x9f, 0xe7, 0xff, 0x9f, 0xe7, 0xff, 0x9f, 0xe7, 0xff, 0x9f, 0xe7, 0xff,
    0x9f, 0xe7, 0xff, 0x9f, 0xe7, 0xff, 0x9f, 0xe7, 0xff, 0x9f, 0xe7, 0xff, 0x9f, 0xe7, 0xff, 0x9f, 0xe7, 0xff, 0x9f, 0xe7, 0xff, 0x9f, 0xe7, 0xff,
    0x9f, 0xe7, 0xff, 0x9f, 0xe7, 0xff, 0x9f, 0xe7, 0xff, 0x9f, 0xe7, 0xff, 0x9f, 0xe7, 0xff, 0x9f, 0xe7, 0xff, 0x9f, 0xe7, 0xff, 0x9f, 0xe7, 0xff,
    0x9f, 0xe7, 0xff, 0x9f, 0xe7, 0xff, 0x9f, 0xe7, 0xff, 0x9f, 0xe7, 0xff, 0x9f, 0xe7, 0xff, 0x9f, 0xe7, 0xff, 0x9f, 0xe7, 0xff, 0x9f, 0xe7, 0xff,
    0x9f, 0xe7, 0xff, 0x9f, 0xe7, 0xff, 0x9f, 0xe7, 0xff, 0x9f, 0xe7, 0xff, 0x9f, 0xe7, 0xff, 0x9f, 0xe7, 0xff, 0x9f, 0xe7, 0xff, 0x9f, 0xe7, 0xff,
    0x9f, 0xe7, 0xff, 0x9f, 0xe7, 0xff, 0x9f, 0xe7, 0xff, 0x9f, 0xe7, 0xff, 0x9f, 0xe7, 0xff, 0x9f, 0xe7, 0xff, 0x9f, 0xe7, 0xff, 0x9f, 0xe7, 0xff,
    0x9f, 0xe7, 0xff, 0x9f, 0xe7, 0xff, 0x9f, 0xe7, 0xff, 0x9f, 0xe7, 0xff, 0x9f, 0xe7, 0xff, 0x9f, 0xe7, 0xff, 0x9f, 0xe7, 0xff, 0x9f, 0xe7, 0xff,
    0x9f, 0xe7, 0xff, 0x9f, 0xe7, 0xff, 0x9f, 0xe7, 0xff, 0x9f, 0xe7, 0xff, 0x9f, 0xe7, 0xff, 0x9f, 0xe7, 0xff, 0x9f, 0xe7, 0xff, 0x9f, 0xe7, 0xff,
    0x9f, 0xe7, 0xff, 0x9f, 0xe7, 0xff, 0x9f, 0xe7, 0xff, 0x9f, 0xe7, 0xff, 0x9f, 0xe7, 0xff, 0x9f, 0xe7, 0xff, 0x9f, 0xe7, 0xff, 0x9f, 0xe7, 0xff,
};

const lv_img_dsc_t home_icon_call_img = {
    .header.cf = LV_IMG_CF_TRUE_COLOR_ALPHA,
    .header.always_zero = 0,
    .header.reserved = 0,
    .header.w = 40,
    .header.h = 40,
    .data_size = 40 * 40 * LV_IMG_PX_SIZE_ALPHA_BYTE,
    .data = home_icon_call_img_map,
};

static const LV_ATTRIBUTE_MEM_ALIGN LV_ATTRIBUTE_LARGE_CONST uint8_t home_icon_wechat_img_map[] = {
    0xfb, 0xef, 0xff, 0xfb, 0xef, 0xff, 0xfb, 0xef, 0xff, 0xfb, 0xef, 0xff, 0xfb, 0xef, 0xff, 0xfb, 0xef, 0xff, 0xfb, 0xef, 0xff, 0xfb, 0xef, 0xff,
    0xfb, 0xef, 0xff, 0xfb, 0xef, 0xff, 0xfb, 0xef, 0xff, 0xfb, 0xef, 0xff, 0xfb, 0xef, 0xff, 0xfb, 0xef, 0xff, 0xfb, 0xef, 0xff, 0xfb, 0xef, 0xff,
    0xfb, 0xef, 0xff, 0xfb, 0xef, 0xff, 0xfb, 0xef, 0xff, 0xfb, 0xef, 0xff, 0xfb, 0xef, 0xff, 0xfb, 0xef, 0xff, 0xfb, 0xef, 0xff, 0xfb, 0xef, 0xff,
    0xfb, 0xef, 0xff, 0xfb, 0xef, 0xff, 0xfb, 0xef, 0xff, 0xfb, 0xef, 0xff, 0xfb, 0xef, 0xff, 0xfb, 0xef, 0xff, 0xfb, 0xef, 0xff, 0xfb, 0xef, 0xff,
    0xfb, 0xef, 0xff, 0xfb, 0xef, 0xff, 0xfb, 0xef, 0xff, 0xfb, 0xef, 0xff, 0xfb, 0xef, 0xff, 0xfb, 0xef, 0xff, 0xfb, 0xef, 0xff, 0xfb, 0xef, 0xff,
    0xfb, 0xef, 0xff, 0xfb, 0xef, 0xff, 0xfb, 0xef, 0xff, 0xfb, 0xef, 0xff, 0xfb, 0xef, 0xff, 0xfb, 0xef, 0xff, 0xfb, 0xef, 0xff, 0xfb, 0xef, 0xff,
    0xfb, 0xef, 0xff, 0xfb, 0xef, 0xff, 0xfb, 0xef, 0xff, 0xfb, 0xef, 0xff, 0xfb, 0xef, 0xff, 0xfb, 0xef, 0xff, 0xfb, 0xef, 0xff, 0xfb, 0xef, 0xff,
    0xfb, 0xef, 0xff, 0xfb, 0xef, 0xff, 0xfb, 0xef, 0xff, 0xfb, 0xef, 0xff, 0xfb, 0xef, 0xff, 0xfb, 0xef, 0xff, 0xfb, 0xef, 0xff, 0xfb, 0xef, 0xff,
    0xfb, 0xef, 0xff, 0xfb, 0xef, 0xff, 0xfb, 0xef, 0xff, 0xfb, 0xef, 0xff, 0xfb, 0xef, 0xff, 0xfb, 0xef, 0xff, 0xfb, 0xef, 0xff, 0xfb, 0xef, 0xff,
    0xfb, 0xef, 0xff, 0xfb, 0xef, 0xff, 0xfb, 0xef, 0xff, 0xfb, 0xef, 0xff, 0xfb, 0xef, 0xff, 0xfb, 0xef, 0xff, 0xfb, 0xef, 0xff, 0xfb, 0xef, 0xff,
    0xfb, 0xef, 0xff, 0xfb, 0xef, 0xff, 0xfb, 0xef, 0xff, 0xfb, 0xef, 0xff, 0xfb, 0xef, 0xff, 0xfb, 0xef, 0xff, 0xfb, 0xef, 0xff, 0xfb, 0xef, 0xff,
    0xfb, 0xef, 0xff, 0xfb, 0xef, 0xff, 0xfb, 0xef, 0xff, 0xfb, 0xef, 0xff, 0xfb, 0xef, 0xff, 0xfb, 0xef, 0xff, 0xfb, 0xef, 0xff, 0xfb, 0xef, 0xff,
    0xfb, 0xef, 0xff, 0xfb, 0xef, 0xff, 0xfb, 0xef, 0xff, 0xfb, 0xef, 0xff, 0xfb, 0xef, 0xff, 0xfb, 0xef, 0xff, 0xfb, 0xef, 0xff, 0xfb, 0xef, 0xff,
    0xfb, 0xef, 0xff, 0xfb, 0xef, 0xff, 0xfb, 0xef, 0xff, 0xfb, 0xef, 0xff, 0xfb, 0xef, 0xff, 0xfb, 0xef, 0xff, 0xfb, 0xef, 0xff, 0xfb, 0xef, 0xff,
    0xfb, 0xef, 0xff, 0xfb, 0xef, 0xff, 0xfb, 0xef, 0xff, 0xfb, 0xef, 0xff, 0xfb, 0xef, 0xff, 0xfb, 0xef, 0xff, 0xfb, 0xef, 0xff, 0xfb, 0xef, 0xff,
    0xfb, 0xef, 0xff, 0xfb, 0xef, 0xff, 0xfb, 0xef, 0xff, 0xfb, 0xef, 0xff, 0xfb, 0xef, 0xff, 0xfb, 0xef, 0xff, 0xfb, 0xef, 0xff, 0xfb, 0xef, 0xff,
    0xfb, 0xef, 0xff, 0xfb, 0xef, 0xff, 0xfb, 0xef, 0xff, 0xfb, 0xef, 0xff, 0xfb, 0xef, 0xff, 0xfb, 0xef, 0xff, 0xfb, 0xef, 0xff, 0xfb, 0xef, 0xff,
    0xfb, 0xef, 0xff, 0xfb, 0xef, 0xff, 0xfb, 0xef, 0xff, 0xfb, 0xef, 0xff, 0xfb, 0xef, 0xff, 0xfb, 0xef, 0xff, 0xfb, 0xef, 0xff, 0xfb, 0xef, 0xff,
    0xfb, 0xef, 0xff, 0xfb, 0xef, 0xff, 0xfb, 0xef, 0xff, 0xfb, 0xef, 0xff, 0xfb, 0xef, 0xff, 0xfb, 0xef, 0xff, 0xfb, 0xef, 0xff, 0xfb, 0xef, 0xff,
    0xfb, 0xef, 0xff, 0xfb, 0xef, 0xff, 0xfb, 0xef, 0xff, 0xfb, 0xef, 0xff, 0xfb, 0xef, 0xff, 0xfb, 0xef, 0xff, 0xfb, 0xef, 0xff, 0xfb, 0xef, 0xff,
    0xfb, 0xef, 0xff, 0xfb, 0xef, 0xff, 0xfb, 0xef, 0xff, 0xfb, 0xef, 0xff, 0xfb, 0xef, 0xff, 0xfb, 0xef, 0xff, 0xfb, 0xef, 0xff, 0xfb, 0xef, 0xff,
    0xfb, 0xef, 0xff, 0xfb, 0xef, 0xff, 0xfb, 0xef, 0xff, 0xfb, 0xef, 0xff, 0xfb, 0xef, 0xff, 0xfb, 0xef, 0xff, 0xfb, 0xef, 0xff, 0xfb, 0xef, 0xff,
    0xfb, 0xef, 0xff, 0xfb, 0xef, 0xff, 0xfb, 0xef, 0xff, 0xfb, 0xef, 0xff, 0xfb, 0xef, 0xff, 0xfb, 0xef, 0xff, 0xfb, 0xef, 0xff, 0xfb, 0xef, 0xff,
    0xfb, 0xef, 0xff, 0xfb, 0xef, 0xff, 0xfb, 0xef, 0xff, 0xfb, 0xef, 0xff, 0xfb, 0xef, 0xff, 0xfb, 0xef, 0xff, 0xfb, 0xef, 0xff, 0xfb, 0xef, 0xff,
    0xfb, 0xef, 0xff, 0xfb, 0xef, 0xff, 0xfb, 0xef, 0xff, 0xfb, 0xef, 0xff, 0xfb, 0xef, 0xff, 0xfb, 0xef, 0xff, 0xfb, 0xef, 0xff, 0xfb, 0xef, 0xff,
    0xfb, 0xef, 0xff, 0xfb, 0xef, 0xff, 0xfb, 0xef, 0xff, 0xfb, 0xef, 0xff, 0xfb, 0xef, 0xff, 0xfb, 0xef, 0xff, 0xfb, 0xef, 0xff, 0xfb, 0xef, 0xff,
    0xfb, 0xef, 0xff, 0xfb, 0xef, 0xff, 0xfb, 0xef, 0xff, 0xfb, 0xef, 0xff, 0xfb, 0xef, 0xff, 0xfb, 0xef, 0xff, 0xfb, 0xef, 0xff, 0xfb, 0xef, 0xff,
    0xfb, 0xef, 0xff, 0xfb, 0xef, 0xff, 0xfb, 0xef, 0xff, 0xfb, 0xef, 0xff, 0xfb, 0xef, 0xff, 0xfb, 0xef, 0xff, 0xfb, 0xef, 0xff, 0xfb, 0xef, 0xff,
    0xfb, 0xef, 0xff, 0xfb, 0xef, 0xff, 0xfb, 0xef, 0xff, 0xfb, 0xef, 0xff, 0xfb, 0xef, 0xff, 0xfb, 0xef, 0xff, 0xfb, 0xef, 0xff, 0xfb, 0xef, 0xff,
    0xfb, 0xef, 0xff, 0xfb, 0xef, 0xff, 0xfb, 0xef, 0xff, 0xfb, 0xef, 0xff, 0xfb, 0xef, 0xff, 0xfb, 0xef, 0xff, 0xfb, 0xef, 0xff, 0xfb, 0xef, 0xff,
    0xfb, 0xef, 0xff, 0xfb, 0xef, 0xff, 0xfb, 0xef, 0xff, 0xfb, 0xef, 0xff, 0xfb, 0xef, 0xff, 0xfb, 0xef, 0xff, 0xfb, 0xef, 0xff, 0xfb, 0xef, 0xff,
    0xfb, 0xef, 0xff, 0xfa, 0xdf, 0xff, 0x95, 0xa7, 0xff, 0x51, 0x6f, 0xff, 0x0d, 0x3f, 0xff, 0xcb, 0x26, 0xff, 0xcb, 0x26, 0xff, 0xcb, 0x26, 0xff,
    0xcb, 0x26, 0xff, 0x0e, 0x4f, 0xff, 0x51, 0x6f, 0xff, 0x95, 0x9f, 0xff, 0xfb, 0xef, 0xff, 0xfb, 0xef, 0xff, 0xfb, 0xef, 0xff, 0xfb, 0xef, 0xff,
    0xfb, 0xef, 0xff, 0xfb, 0xef, 0xff, 0xfb, 0xef, 0xff, 0xfb, 0xef, 0xff, 0xfb, 0xef, 0xff, 0xfb, 0xef, 0xff, 0xfb, 0xef, 0xff, 0xfb, 0xef, 0xff,
    0xfb, 0xef, 0xff, 0xfb, 0xef, 0xff, 0xfb, 0xef, 0xff, 0xfb, 0xef, 0xff, 0xfb, 0xef, 0xff, 0xfb, 0xef, 0xff, 0xfb, 0xef, 0xff, 0xfb, 0xef, 0xff,
    0xfb, 0xef, 0xff, 0xfb, 0xef, 0xff, 0xfb, 0xef, 0xff, 0xfb, 0xef, 0xff, 0xfb, 0xef, 0xff, 0xfb, 0xef, 0xff, 0xfb, 0xef, 0xff, 0xfa, 0xdf, 0xff,
    0x73, 0x87, 0xff, 0xec, 0x36, 0xff, 0xcb, 0x26, 0xff, 0xcb, 0x26, 0xff, 0xcb, 0x26, 0xff, 0xcb, 0x26, 0xff, 0xcb, 0x26, 0xff, 0xcb, 0x26, 0xff,
    0xcb, 0x26, 0xff, 0xcb, 0x26, 0xff, 0xcb, 0x26, 0xff, 0xcb, 0x26, 0xff, 0xed, 0x3e, 0xff, 0x73, 0x87, 0xff, 0xfa, 0xdf, 0xff, 0xfb, 0xef, 0xff,
    0xfb, 0xef, 0xff, 0xfb, 0xef, 0xff, 0xfb, 0xef, 0xff, 0xfb, 0xef, 0xff, 0xfb, 0xef, 0xff, 0xfb, 0xef, 0xff, 0xfb, 0xef, 0xff, 0xfb, 0xef, 0xff,
    0xfb, 0xef, 0xff, 0xfb, 0xef, 0xff, 0xfb, 0xef, 0xff, 0xfb, 0xef, 0xff, 0xfb, 0xef, 0xff, 0xfb, 0xef, 0xff, 0xfb, 0xef, 0xff, 0xfb, 0xef, 0xff,
    0xfb, 0xef, 0xff, 0xfb, 0xef, 0xff, 0xfb, 0xef, 0xff, 0xfb, 0xef, 0xff, 0xfb, 0xef, 0xff, 0xfb, 0xef, 0xff, 0xd8, 0xc7, 0xff, 0x0d, 0x3f, 0xff,
    0xcb, 0x26, 0xff, 0xcb, 0x26, 0xff, 0xcb, 0x26, 0xff, 0xcb, 0x26, 0xff, 0xcb, 0x26, 0xff, 0xcb, 0x26, 0xff, 0xcb, 0x26, 0xff, 0xcb, 0x26, 0xff,
    0xcb, 0x26, 0xff, 0xcb, 0x26, 0xff, 0xcb, 0x26, 0xff, 0xcb, 0x26, 0xff, 0xcb, 0x26, 0xff, 0xcb, 0x26, 0xff, 0xed, 0x3e, 0xff, 0xb7, 0xb7, 0xff,
    0xfb, 0xef, 0xff, 0xfb, 0xef, 0xff, 0xfb, 0xef, 0xff, 0xfb, 0xef, 0xff, 0xfb, 0xef, 0xff, 0xfb, 0xef, 0xff, 0xfb, 0xef, 0xff, 0xfb, 0xef, 0xff,
    0xfb, 0xef, 0xff, 0xfb, 0xef, 0xff, 0xfb, 0xef, 0xff, 0xfb, 0xef, 0xff, 0xfb, 0xef, 0xff, 0xfb, 0xef, 0xff, 0xfb, 0xef, 0xff, 0xfb, 0xef, 0xff,
    0xfb, 0xef, 0xff, 0xfb, 0xef, 0xff, 0xfb, 0xef, 0xff, 0xfb, 0xef, 0xff, 0xfb, 0xef, 0xff, 0xd8, 0xc7, 0xff, 0xec, 0x36, 0xff, 0xcb, 0x26, 0xff,
    0xcb, 0x26, 0xff, 0xcb, 0x26, 0xff, 0xcb, 0x26, 0xff, 0xcb, 0x26, 0xff, 0xcb, 0x26, 0xff, 0xcb, 0x26, 0xff, 0xcb, 0x26, 0xff, 0xcb, 0x26, 0xff,
    0xcb, 0x26, 0xff, 0xcb, 0x26, 0xff, 0xcb, 0x26, 0xff, 0xcb, 0x26, 0xff, 0xcb, 0x26, 0xff, 0xcb, 0x26, 0xff, 0xcb, 0x26, 0xff, 0xcb, 0x26, 0xff,
    0x95, 0x9f, 0xff, 0xfb, 0xef, 0xff, 0xfb, 0xef, 0xff, 0xfb, 0xef, 0xff, 0xfb, 0xef, 0xff, 0xfb, 0xef, 0xff, 0xfb, 0xef, 0xff, 0xfb, 0xef, 0xff,
    0xfb, 0xef, 0xff, 0xfb, 0xef, 0xff, 0xfb, 0xef, 0xff, 0xfb, 0xef, 0xff, 0xfb, 0xef, 0xff, 0xfb, 0xef, 0xff, 0xfb, 0xef, 0xff, 0xfb, 0xef, 0xff,
    0xfb, 0xef, 0xff, 0xfb, 0xef, 0xff, 0xfb, 0xef, 0xff, 0xfb, 0xef, 0xff, 0xd9, 0xd7, 0xff, 0xec, 0x36, 0xff, 0xcb, 0x26, 0xff, 0xcb, 0x26, 0xff,
    0xcb, 0x26, 0xff, 0xcb, 0x26, 0xff, 0xcb, 0x26, 0xff, 0xcb, 0x26, 0xff, 0xcb, 0x26, 0xff, 0xcb, 0x26, 0xff, 0xcb, 0x26, 0xff, 0xcb, 0x26, 0xff,
    0xcb, 0x26, 0xff, 0xcb, 0x26, 0xff, 0xcb, 0x26, 0xff, 0xcb, 0x26, 0xff, 0xcb, 0x26, 0xff, 0xcb, 0x26, 0xff, 0xcb, 0x26, 0xff, 0xcb, 0x26, 0xff,
    0xcb, 0x26, 0xff, 0xb6, 0xaf, 0xff, 0xfb, 0xef, 0xff, 0xfb, 0xef, 0xff, 0xfb, 0xef, 0xff, 0xfb, 0xef, 0xff, 0xfb, 0xef, 0xff, 0xfb, 0xef, 0xff,
    0xfb, 0xef, 0xff, 0xfb, 0xef, 0xff, 0xfb, 0xef, 0xff, 0xfb, 0xef, 0xff, 0xfb, 0xef, 0xff, 0xfb, 0xef, 0xff, 0xfb, 0xef, 0xff, 0xfb, 0xef, 0xff,
    0xfb, 0xef, 0xff, 0xfb, 0xef, 0xff, 0xfb, 0xef, 0xff, 0xfb, 0xef, 0xff, 0x0d, 0x3f, 0xff, 0xcb, 0x26, 0xff, 0xcb, 0x26, 0xff, 0xcb, 0x26, 0xff,
    0xcb, 0x26, 0xff, 0x30, 0x67, 0xff, 0xfa, 0xdf, 0xff, 0xfb, 0xef, 0xff, 0x30, 0x67, 0xff, 0xcb, 0x26, 0xff, 0xcb, 0x26, 0xff, 0xcb, 0x26, 0xff,
    0xcb, 0x26, 0xff, 0xcb, 0x26, 0xff, 0x73, 0x87, 0xff, 0xd9, 0xd7, 0xff, 0x74, 0x97, 0xff, 0xcb, 0x26, 0xff, 0xcb, 0x26, 0xff, 0xcb, 0x26, 0xff,
    0xcb, 0x26, 0xff, 0xec, 0x36, 0xff, 0xfa, 0xdf, 0xff, 0xfb, 0xef, 0xff, 0xfb, 0xef, 0xff, 0xfb, 0xef, 0xff, 0xfb, 0xef, 0xff, 0xfb, 0xef, 0xff,
    0xfb, 0xef, 0xff, 0xfb, 0xef, 0xff, 0xfb, 0xef, 0xff, 0xfb, 0xef, 0xff, 0xfb, 0xef, 0xff, 0xfb, 0xef, 0xff, 0xfb, 0xef, 0xff, 0xfb, 0xef, 0xff,
    0xfb, 0xef, 0xff, 0xfb, 0xef, 0xff, 0xfb, 0xef, 0xff, 0x95, 0x9f, 0xff, 0xcb, 0x26, 0xff, 0xcb, 0x26, 0xff, 0xcb, 0x26, 0xff, 0xcb, 0x26, 0xff,
    0xcb, 0x26, 0xff, 0xb6, 0xaf, 0xff, 0xfb, 0xef, 0xff, 0xfb, 0xef, 0xff, 0x95, 0x9f, 0xff, 0xcb, 0x26, 0xff, 0xcb, 0x26, 0xff, 0xcb, 0x26, 0xff,
    0xcb, 0x26, 0xff, 0x2f, 0x57, 0xff, 0xfb, 0xef, 0xff, 0xfb, 0xef, 0xff, 0xfb, 0xef, 0xff, 0x0d, 0x3f, 0xff, 0xcb, 0x26, 0xff, 0xcb, 0x26, 0xff,
    0xcb, 0x26, 0xff, 0xcb, 0x26, 0xff, 0x52, 0x7f, 0xff, 0xfb, 0xef, 0xff, 0xfb, 0xef, 0xff, 0xfb, 0xef, 0xff, 0xfb, 0xef, 0xff, 0xfb, 0xef, 0xff,
    0xfb, 0xef, 0xff, 0xfb, 0xef, 0xff, 0xfb, 0xef, 0xff, 0xfb, 0xef, 0xff, 0xfb, 0xef, 0xff, 0xfb, 0xef, 0xff, 0xfb, 0xef, 0xff, 0xfb, 0xef, 0xff,
    0xfb, 0xef, 0xff, 0xfb, 0xef, 0xff, 0xfb, 0xef, 0xff, 0x2f, 0x57, 0xff, 0xcb, 0x26, 0xff, 0xcb, 0x26, 0xff, 0xcb, 0x26, 0xff, 0xcb, 0x26, 0xff,
    0xcb, 0x26, 0xff, 0x0e, 0x4f, 0xff, 0xd9, 0xd7, 0xff, 0xfa, 0xdf, 0xff, 0x30, 0x67, 0xff, 0xcb, 0x26, 0xff, 0xcb, 0x26, 0xff, 0xcb, 0x26, 0xff,
    0xcb, 0x26, 0xff, 0xec, 0x36, 0xff, 0xd9, 0xd7, 0xff, 0xfb, 0xef, 0xff, 0xd9, 0xd7, 0xff, 0xcb, 0x26, 0xff, 0xcb, 0x26, 0xff, 0xcb, 0x26, 0xff,
    0xcb, 0x26, 0xff, 0xcb, 0x26, 0xff, 0xec, 0x36, 0xff, 0xfa, 0xdf, 0xff, 0xfb, 0xef, 0xff, 0xfb, 0xef, 0xff, 0xfb, 0xef, 0xff, 0xfb, 0xef, 0xff,
    0xfb, 0xef, 0xff, 0xfb, 0xef, 0xff, 0xfb, 0xef, 0xff, 0xfb, 0xef, 0xff, 0xfb, 0xef, 0xff, 0xfb, 0xef, 0xff, 0xfb, 0xef, 0xff, 0xfb, 0xef, 0xff,
    0xfb, 0xef, 0xff, 0xfb, 0xef, 0xff, 0xfa, 0xdf, 0xff, 0xcb, 0x26, 0xff, 0xcb, 0x26, 0xff, 0xcb, 0x26, 0xff, 0xcb, 0x26, 0xff, 0xcb, 0x26, 0xff,
    0xcb, 0x26, 0xff, 0xcb, 0x26, 0xff, 0xcb, 0x26, 0xff, 0xcb, 0x26, 0xff, 0xcb, 0x26, 0xff, 0xcb, 0x26, 0xff, 0xcb, 0x26, 0xff, 0xcb, 0x26, 0xff,
    0xcb, 0x26, 0xff, 0xcb, 0x26, 0xff, 0xcb, 0x26, 0xff, 0x0d, 0x3f, 0xff, 0xcb, 0x26, 0xff, 0xcb, 0x26, 0xff, 0xec, 0x36, 0xff, 0x2f, 0x57, 0xff,
    0x52, 0x7f, 0xff, 0x74, 0x97, 0xff, 0x74, 0x97, 0xff, 0xfa, 0xdf, 0xff, 0xfb, 0xef, 0xff, 0xfb, 0xef, 0xff, 0xfb, 0xef, 0xff, 0xfb, 0xef, 0xff,
    0xfb, 0xef, 0xff, 0xfb, 0xef, 0xff, 0xfb, 0xef, 0xff, 0xfb, 0xef, 0xff, 0xfb, 0xef, 0xff, 0xfb, 0xef, 0xff, 0xfb, 0xef, 0xff, 0xfb, 0xef, 0xff,
    0xfb, 0xef, 0xff, 0xfb, 0xef, 0xff, 0xd8, 0xc7, 0xff, 0xcb, 0x26, 0xff, 0xcb, 0x26, 0xff, 0xcb, 0x26, 0xff, 0xcb, 0x26, 0xff, 0xcb, 0x26, 0xff,
    0xcb, 0x26, 0xff, 0xcb, 0x26, 0xff, 0xcb, 0x26, 0xff, 0xcb, 0x26, 0xff, 0xcb, 0x26, 0xff, 0xcb, 0x26, 0xff, 0xcb, 0x26, 0xff, 0xcb, 0x26, 0xff,
    0xcb, 0x26, 0xff, 0xcb, 0x26, 0xff, 0xcb, 0x26, 0xff, 0xcb, 0x26, 0xff, 0xec, 0x36, 0xff, 0x73, 0x87, 0xff, 0xd9, 0xd7, 0xff, 0x74, 0x97, 0xff,
    0x30, 0x67, 0xff, 0x0d, 0x3f, 0xff, 0x0d, 0x3f, 0xff, 0x0d, 0x3f, 0xff, 0x0e, 0x4f, 0xff, 0x51, 0x6f, 0xff, 0x95, 0x9f, 0xff, 0xfb, 0xef, 0xff,
    0xfb, 0xef, 0xff, 0xfb, 0xef, 0xff, 0xfb, 0xef, 0xff, 0xfb, 0xef, 0xff, 0xfb, 0xef, 0xff, 0xfb, 0xef, 0xff, 0xfb, 0xef, 0xff, 0xfb, 0xef, 0xff,
    0xfb, 0xef, 0xff, 0xfb, 0xef, 0xff, 0xb7, 0xbf, 0xff, 0xcb, 0x26, 0xff, 0xcb, 0x26, 0xff, 0xcb, 0x26, 0xff, 0xcb, 0x26, 0xff, 0xcb, 0x26, 0xff,
    0xcb, 0x26, 0xff, 0xcb, 0x26, 0xff, 0xcb, 0x26, 0xff, 0xcb, 0x26, 0xff, 0xcb, 0x26, 0xff, 0xcb, 0x26, 0xff, 0xcb, 0x26, 0xff, 0xcb, 0x26, 0xff,
    0xcb, 0x26, 0xff, 0xcb, 0x26, 0xff, 0xcb, 0x26, 0xff, 0x51, 0x6f, 0xff, 0xd8, 0xc7, 0xff, 0x51, 0x6f, 0xff, 0xcb, 0x26, 0xff, 0xcb, 0x26, 0xff,
    0xcb, 0x26, 0xff, 0xcb, 0x26, 0xff, 0xcb, 0x26, 0xff, 0xcb, 0x26, 0xff, 0xcb, 0x26, 0xff, 0xcb, 0x26, 0xff, 0xcb, 0x26, 0xff, 0xed, 0x3e, 0xff,
    0x73, 0x87, 0xff, 0xfb, 0xef, 0xff, 0xfb, 0xef, 0xff, 0xfb, 0xef, 0xff, 0xfb, 0xef, 0xff, 0xfb, 0xef, 0xff, 0xfb, 0xef, 0xff, 0xfb, 0xef, 0xff,
    0xfb, 0xef, 0xff, 0xfb, 0xef, 0xff, 0xd9, 0xd7, 0xff, 0xcb, 0x26, 0xff, 0xcb, 0x26, 0xff, 0xcb, 0x26, 0xff, 0xcb, 0x26, 0xff, 0xcb, 0x26, 0xff,
    0xcb, 0x26, 0xff, 0xcb, 0x26, 0xff, 0xcb, 0x26, 0xff, 0xcb, 0x26, 0xff, 0xcb, 0x26, 0xff, 0xcb, 0x26, 0xff, 0xcb, 0x26, 0xff, 0xcb, 0x26, 0xff,
    0xcb, 0x26, 0xff, 0xcb, 0x26, 0xff, 0x73, 0x87, 0xff, 0xb6, 0xaf, 0xff, 0xec, 0x36, 0xff, 0xcb, 0x26, 0xff, 0xcb, 0x26, 0xff, 0xcb, 0x26, 0xff,
    0xcb, 0x26, 0xff, 0xcb, 0x26, 0xff, 0xcb, 0x26, 0xff, 0xcb, 0x26, 0xff, 0xcb, 0x26, 0xff, 0xcb, 0x26, 0xff, 0xcb, 0x26, 0xff, 0xcb, 0x26, 0xff,
    0xcb, 0x26, 0xff, 0xed, 0x3e, 0xff, 0xd9, 0xd7, 0xff, 0xfb, 0xef, 0xff, 0xfb, 0xef, 0xff, 0xfb, 0xef, 0xff, 0xfb, 0xef, 0xff, 0xfb, 0xef, 0xff,
    0xfb, 0xef, 0xff, 0xfb, 0xef, 0xff, 0xfb, 0xef, 0xff, 0xec, 0x36, 0xff, 0xcb, 0x26, 0xff, 0xcb, 0x26, 0xff, 0xcb, 0x26, 0xff, 0xcb, 0x26, 0xff,
    0xcb, 0x26, 0xff, 0xcb, 0x26, 0xff, 0xcb, 0x26, 0xff, 0xcb, 0x26, 0xff, 0xcb, 0x26, 0xff, 0xcb, 0x26, 0xff, 0xcb, 0x26, 0xff, 0xcb, 0x26, 0xff,
    0xcb, 0x26, 0xff, 0x51, 0x6f, 0xff, 0xb6, 0xaf, 0xff, 0xcb, 0x26, 0xff, 0xcb, 0x26, 0xff, 0xcb, 0x26, 0xff, 0xcb, 0x26, 0xff, 0xcb, 0x26, 0xff,
    0xcb, 0x26, 0xff, 0xcb, 0x26, 0xff, 0xcb, 0x26, 0xff, 0xcb, 0x26, 0xff, 0xcb, 0x26, 0xff, 0xcb, 0x26, 0xff, 0xcb, 0x26, 0xff, 0xcb, 0x26, 0xff,
    0xcb, 0x26, 0xff, 0xcb, 0x26, 0xff, 0xed, 0x3e, 0xff, 0xd9, 0xd7, 0xff, 0xfb, 0xef, 0xff, 0xfb, 0xef, 0xff, 0xfb, 0xef, 0xff, 0xfb, 0xef, 0xff,
    0xfb, 0xef, 0xff, 0xfb, 0xef, 0xff, 0xfb, 0xef, 0xff, 0x52, 0x7f, 0xff, 0xcb, 0x26, 0xff, 0xcb, 0x26, 0xff, 0xcb, 0x26, 0xff, 0xcb, 0x26, 0xff,
    0xcb, 0x26, 0xff, 0xcb, 0x26, 0xff, 0xcb, 0x26, 0xff, 0xcb, 0x26, 0xff, 0xcb, 0x26, 0xff, 0xcb, 0x26, 0xff, 0xcb, 0x26, 0xff, 0xcb, 0x26, 0xff,
    0xed, 0x3e, 0xff, 0xb7, 0xb7, 0xff, 0xec, 0x36, 0xff, 0xcb, 0x26, 0xff, 0xcb, 0x26, 0xff, 0xcb, 0x26, 0xff, 0xcb, 0x26, 0xff, 0xcb, 0x26, 0xff,
    0xcb, 0x26, 0xff, 0xcb, 0x26, 0xff, 0xcb, 0x26, 0xff, 0xcb, 0x26, 0xff, 0xcb, 0x26, 0xff, 0xcb, 0x26, 0xff, 0x0e, 0x4f, 0xff, 0xec, 0x36, 0xff,
    0xcb, 0x26, 0xff, 0xcb, 0x26, 0xff, 0xcb, 0x26, 0xff, 0x0e, 0x4f, 0xff, 0xfb, 0xef, 0xff, 0xfb, 0xef, 0xff, 0xfb, 0xef, 0xff, 0xfb, 0xef, 0xff,
    0xfb, 0xef, 0xff, 0xfb, 0xef, 0xff, 0xfb, 0xef, 0xff, 0xd9, 0xd7, 0xff, 0xcb, 0x26, 0xff, 0xcb, 0x26, 0xff, 0xcb, 0x26, 0xff, 0xcb, 0x26, 0xff,
    0xcb, 0x26, 0xff, 0xcb, 0x26, 0xff, 0xcb, 0x26, 0xff, 0xcb, 0x26, 0xff, 0xcb, 0x26, 0xff, 0xcb, 0x26, 0xff, 0xcb, 0x26, 0xff, 0xcb, 0x26, 0xff,
    0x51, 0x6f, 0xff, 0x51, 0x6f, 0xff, 0xcb, 0x26, 0xff, 0xcb, 0x26, 0xff, 0xcb, 0x26, 0xff, 0xcb, 0x26, 0xff, 0x51, 0x6f, 0xff, 0xfb, 0xef, 0xff,
    0x74, 0x97, 0xff, 0xcb, 0x26, 0xff, 0xcb, 0x26, 0xff, 0xcb, 0x26, 0xff, 0xcb, 0x26, 0xff, 0x94, 0x97, 0xff, 0xfb, 0xef, 0xff, 0xd9, 0xd7, 0xff,
    0xcb, 0x26, 0xff, 0xcb, 0x26, 0xff, 0xcb, 0x26, 0xff, 0xcb, 0x26, 0xff, 0x94, 0x97, 0xff, 0xfb, 0xef, 0xff, 0xfb, 0xef, 0xff, 0xfb, 0xef, 0xff,
    0xfb, 0xef, 0xff, 0xfb, 0xef, 0xff, 0xfb, 0xef, 0xff, 0xfb, 0xef, 0xff, 0x52, 0x7f, 0xff, 0xcb, 0x26, 0xff, 0xcb, 0x26, 0xff, 0xcb, 0x26, 0xff,
    0xcb, 0x26, 0xff, 0xcb, 0x26, 0xff, 0xcb, 0x26, 0xff, 0xcb, 0x26, 0xff, 0xcb, 0x26, 0xff, 0xcb, 0x26, 0xff, 0xcb, 0x26, 0xff, 0xcb, 0x26, 0xff,
    0xb6, 0xaf, 0xff, 0xcb, 0x26, 0xff, 0xcb, 0x26, 0xff, 0xcb, 0x26, 0xff, 0xcb, 0x26, 0xff, 0xcb, 0x26, 0xff, 0x95, 0x9f, 0xff, 0xfb, 0xef, 0xff,
    0xfa, 0xdf, 0xff, 0xcb, 0x26, 0xff, 0xcb, 0x26, 0xff, 0xcb, 0x26, 0xff, 0xcb, 0x26, 0xff, 0x52, 0x7f, 0xff, 0xfb, 0xef, 0xff, 0xb7, 0xbf, 0xff,
    0xcb, 0x26, 0xff, 0xcb, 0x26, 0xff, 0xcb, 0x26, 0xff, 0xcb, 0x26, 0xff, 0x0e, 0x4f, 0xff, 0xfb, 0xef, 0xff, 0xfb, 0xef, 0xff, 0xfb, 0xef, 0xff,
    0xfb, 0xef, 0xff, 0xfb, 0xef, 0xff, 0xfb, 0xef, 0xff, 0xfb, 0xef, 0xff, 0xfb, 0xef, 0xff, 0x51, 0x6f, 0xff, 0xcb, 0x26, 0xff, 0xcb, 0x26, 0xff,
    0xcb, 0x26, 0xff, 0xcb, 0x26, 0xff, 0xcb, 0x26, 0xff, 0xcb, 0x26, 0xff, 0xcb, 0x26, 0xff, 0xcb, 0x26, 0xff, 0xcb, 0x26, 0xff, 0xec, 0x36, 0xff,
    0x96, 0xaf, 0xff, 0xcb, 0x26, 0xff, 0xcb, 0x26, 0xff, 0xcb, 0x26, 0xff, 0xcb, 0x26, 0xff, 0xcb, 0x26, 0xff, 0xec, 0x36, 0xff, 0x30, 0x67, 0xff,
    0x0e, 0x4f, 0xff, 0xcb, 0x26, 0xff, 0xcb, 0x26, 0xff, 0xcb, 0x26, 0xff, 0xcb, 0x26, 0xff, 0xcb, 0x26, 0xff, 0x0d, 0x3f, 0xff, 0xcb, 0x26, 0xff,
    0xcb, 0x26, 0xff, 0xcb, 0x26, 0xff, 0xcb, 0x26, 0xff, 0xcb, 0x26, 0xff, 0xcb, 0x26, 0xff, 0xd9, 0xd7, 0xff, 0xfb, 0xef, 0xff, 0xfb, 0xef, 0xff,
    0xfb, 0xef, 0xff, 0xfb, 0xef, 0xff, 0xfb, 0xef, 0xff, 0xfb, 0xef, 0xff, 0xfb, 0xef, 0xff, 0xfb, 0xef, 0xff, 0x52, 0x7f, 0xff, 0xcb, 0x26, 0xff,
    0xcb, 0x26, 0xff, 0xcb, 0x26, 0xff, 0xcb, 0x26, 0xff, 0xcb, 0x26, 0xff, 0xcb, 0x26, 0xff, 0xcb, 0x26, 0xff, 0xcb, 0x26, 0xff, 0x0e, 0x4f, 0xff,
    0x73, 0x87, 0xff, 0xcb, 0x26, 0xff, 0xcb, 0x26, 0xff, 0xcb, 0x26, 0xff, 0xcb, 0x26, 0xff, 0xcb, 0x26, 0xff, 0xcb, 0x26, 0xff, 0xcb, 0x26, 0xff,
    0xcb, 0x26, 0xff, 0xcb, 0x26, 0xff, 0xcb, 0x26, 0xff, 0xcb, 0x26, 0xff, 0xcb, 0x26, 0xff, 0xcb, 0x26, 0xff, 0xcb, 0x26, 0xff, 0xcb, 0x26, 0xff,
    0xcb, 0x26, 0xff, 0xcb, 0x26, 0xff, 0xcb, 0x26, 0xff, 0xcb, 0x26, 0xff, 0xcb, 0x26, 0xff, 0xb7, 0xb7, 0xff, 0xfb, 0xef, 0xff, 0xfb, 0xef, 0xff,
    0xfb, 0xef, 0xff, 0xfb, 0xef, 0xff, 0xfb, 0xef, 0xff, 0xfb, 0xef, 0xff, 0xfb, 0xef, 0xff, 0xfb, 0xef, 0xff, 0xfb, 0xef, 0xff, 0x51, 0x6f, 0xff,
    0xcb, 0x26, 0xff, 0xcb, 0x26, 0xff, 0xcb, 0x26, 0xff, 0xcb, 0x26, 0xff, 0xcb, 0x26, 0xff, 0xcb, 0x26, 0xff, 0xcb, 0x26, 0xff, 0x0e, 0x4f, 0xff,
    0x73, 0x87, 0xff, 0xcb, 0x26, 0xff, 0xcb, 0x26, 0xff, 0xcb, 0x26, 0xff, 0xcb, 0x26, 0xff, 0xcb, 0x26, 0xff, 0xcb, 0x26, 0xff, 0xcb, 0x26, 0xff,
    0xcb, 0x26, 0xff, 0xcb, 0x26, 0xff, 0xcb, 0x26, 0xff, 0xcb, 0x26, 0xff, 0xcb, 0x26, 0xff, 0xcb, 0x26, 0xff, 0xcb, 0x26, 0xff, 0xcb, 0x26, 0xff,
    0xcb, 0x26, 0xff, 0xcb, 0x26, 0xff, 0xcb, 0x26, 0xff, 0xcb, 0x26, 0xff, 0xcb, 0x26, 0xff, 0xb7, 0xb7, 0xff, 0xfb, 0xef, 0xff, 0xfb, 0xef, 0xff,
    0xfb, 0xef, 0xff, 0xfb, 0xef, 0xff, 0xfb, 0xef, 0xff, 0xfb, 0xef, 0xff, 0xfb, 0xef, 0xff, 0xfb, 0xef, 0xff, 0xfb, 0xef, 0xff, 0x30, 0x67, 0xff,
    0xcb, 0x26, 0xff, 0xcb, 0x26, 0xff, 0xcb, 0x26, 0xff, 0xcb, 0x26, 0xff, 0xcb, 0x26, 0xff, 0xcb, 0x26, 0xff, 0xcb, 0x26, 0xff, 0xec, 0x36, 0xff,
    0x95, 0x9f, 0xff, 0xcb, 0x26, 0xff, 0xcb, 0x26, 0xff, 0xcb, 0x26, 0xff, 0xcb, 0x26, 0xff, 0xcb, 0x26, 0xff, 0xcb, 0x26, 0xff, 0xcb, 0x26, 0xff,
    0xcb, 0x26, 0xff, 0xcb, 0x26, 0xff, 0xcb, 0x26, 0xff, 0xcb, 0x26, 0xff, 0xcb, 0x26, 0xff, 0xcb, 0x26, 0xff, 0xcb, 0x26, 0xff, 0xcb, 0x26, 0xff,
    0xcb, 0x26, 0xff, 0xcb, 0x26, 0xff, 0xcb, 0x26, 0xff, 0xcb, 0x26, 0xff, 0xcb, 0x26, 0xff, 0xfa, 0xdf, 0xff, 0xfb, 0xef, 0xff, 0xfb, 0xef, 0xff,
    0xfb, 0xef, 0xff, 0xfb, 0xef, 0xff, 0xfb, 0xef, 0xff, 0xfb, 0xef, 0xff, 0xfb, 0xef, 0xff, 0xfb, 0xef, 0xff, 0xfa, 0xdf, 0xff, 0xcb, 0x26, 0xff,
    0xcb, 0x26, 0xff, 0x51, 0x6f, 0xff, 0xd9, 0xd7, 0xff, 0xb7, 0xbf, 0xff, 0x74, 0x97, 0xff, 0x52, 0x7f, 0xff, 0x30, 0x67, 0xff, 0x51, 0x6f, 0xff,
    0xd9, 0xd7, 0xff, 0xcb, 0x26, 0xff, 0xcb, 0x26, 0xff, 0xcb, 0x26, 0xff, 0xcb, 0x26, 0xff, 0xcb, 0x26, 0xff, 0xcb, 0x26, 0xff, 0xcb, 0x26, 0xff,
    0xcb, 0x26, 0xff, 0xcb, 0x26, 0xff, 0xcb, 0x26, 0xff, 0xcb, 0x26, 0xff, 0xcb, 0x26, 0xff, 0xcb, 0x26, 0xff, 0xcb, 0x26, 0xff, 0xcb, 0x26, 0xff,
    0xcb, 0x26, 0xff, 0xcb, 0x26, 0xff, 0xcb, 0x26, 0xff, 0xcb, 0x26, 0xff, 0x2f, 0x57, 0xff, 0xfb, 0xef, 0xff, 0xfb, 0xef, 0xff, 0xfb, 0xef, 0xff,
    0xfb, 0xef, 0xff, 0xfb, 0xef, 0xff, 0xfb, 0xef, 0xff, 0xfb, 0xef, 0xff, 0xfb, 0xef, 0xff, 0xfb, 0xef, 0xff, 0x95, 0x9f, 0xff, 0x51, 0x6f, 0xff,
    0xd9, 0xd7, 0xff, 0xfb, 0xef, 0xff, 0xfb, 0xef, 0xff, 0xfb, 0xef, 0xff, 0xfb, 0xef, 0xff, 0xfb, 0xef, 0xff, 0xfb, 0xef, 0xff, 0xfb, 0xef, 0xff,
    0xfb, 0xef, 0xff, 0x51, 0x6f, 0xff, 0xcb, 0x26, 0xff, 0xcb, 0x26, 0xff, 0xcb, 0x26, 0xff, 0xcb, 0x26, 0xff, 0xcb, 0x26, 0xff, 0xcb, 0x26, 0xff,
    0xcb, 0x26, 0xff, 0xcb, 0x26, 0xff, 0xcb, 0x26, 0xff, 0xcb, 0x26, 0xff, 0xcb, 0x26, 0xff, 0xcb, 0x26, 0xff, 0xcb, 0x26, 0xff, 0xcb, 0x26, 0xff,
    0xcb, 0x26, 0xff, 0xcb, 0x26, 0xff, 0xcb, 0x26, 0xff, 0xcb, 0x26, 0xff, 0xd9, 0xd7, 0xff, 0xfb, 0xef, 0xff, 0xfb, 0xef, 0xff, 0xfb, 0xef, 0xff,
    0xfb, 0xef, 0xff, 0xfb, 0xef, 0xff, 0xfb, 0xef, 0xff, 0xfb, 0xef, 0xff, 0xfb, 0xef, 0xff, 0xfb, 0xef, 0xff, 0xfb, 0xef, 0xff, 0xfb, 0xef, 0xff,
    0xfb, 0xef, 0xff, 0xfb, 0xef, 0xff, 0xfb, 0xef, 0xff, 0xfb, 0xef, 0xff, 0xfb, 0xef, 0xff, 0xfb, 0xef, 0xff, 0xfb, 0xef, 0xff, 0xfb, 0xef, 0xff,
    0xfb, 0xef, 0xff, 0xd9, 0xd7, 0xff, 0xec, 0x36, 0xff, 0xcb, 0x26, 0xff, 0xcb, 0x26, 0xff, 0xcb, 0x26, 0xff, 0xcb, 0x26, 0xff, 0xcb, 0x26, 0xff,
    0xcb, 0x26, 0xff, 0xcb, 0x26, 0xff, 0xcb, 0x26, 0xff, 0xcb, 0x26, 0xff, 0xcb, 0x26, 0xff, 0xcb, 0x26, 0xff, 0xcb, 0x26, 0xff, 0xcb, 0x26, 0xff,
    0xcb, 0x26, 0xff, 0xcb, 0x26, 0xff, 0xcb, 0x26, 0xff, 0x73, 0x87, 0xff, 0xfb, 0xef, 0xff, 0xfb, 0xef, 0xff, 0xfb, 0xef, 0xff, 0xfb, 0xef, 0xff,
    0xfb, 0xef, 0xff, 0xfb, 0xef, 0xff, 0xfb, 0xef, 0xff, 0xfb, 0xef, 0xff, 0xfb, 0xef, 0xff, 0xfb, 0xef, 0xff, 0xfb, 0xef, 0xff, 0xfb, 0xef, 0xff,
    0xfb, 0xef, 0xff, 0xfb, 0xef, 0xff, 0xfb, 0xef, 0xff, 0xfb, 0xef, 0xff, 0xfb, 0xef, 0xff, 0xfb, 0xef, 0xff, 0xfb, 0xef, 0xff, 0xfb, 0xef, 0xff,
    0xfb, 0xef, 0xff, 0xfb, 0xef, 0xff, 0xd8, 0xc7, 0xff, 0xec, 0x36, 0xff, 0xcb, 0x26, 0xff, 0xcb, 0x26, 0xff, 0xcb, 0x26, 0xff, 0xcb, 0x26, 0xff,
    0xcb, 0x26, 0xff, 0xcb, 0x26, 0xff, 0xcb, 0x26, 0xff, 0xcb, 0x26, 0xff, 0xcb, 0x26, 0xff, 0xcb, 0x26, 0xff, 0xcb, 0x26, 0xff, 0xcb, 0x26, 0xff,
    0xcb, 0x26, 0xff, 0xcb, 0x26, 0xff, 0x51, 0x6f, 0xff, 0xfb, 0xef, 0xff, 0xfb, 0xef, 0xff, 0xfb, 0xef, 0xff, 0xfb, 0xef, 0xff, 0xfb, 0xef, 0xff,
    0xfb, 0xef, 0xff, 0xfb, 0xef, 0xff, 0xfb, 0xef, 0xff, 0xfb, 0xef, 0xff, 0xfb, 0xef, 0xff, 0xfb, 0xef, 0xff, 0xfb, 0xef, 0xff, 0xfb, 0xef, 0xff,
    0xfb, 0xef, 0xff, 0xfb, 0xef, 0xff, 0xfb, 0xef, 0xff, 0xfb, 0xef, 0xff, 0xfb, 0xef, 0xff, 0xfb, 0xef, 0xff, 0xfb, 0xef, 0xff, 0xfb, 0xef, 0xff,
    0xfb, 0xef, 0xff, 0xfb, 0xef, 0xff, 0xfb, 0xef, 0xff, 0xd8, 0xc7, 0xff, 0x0d, 0x3f, 0xff, 0xcb, 0x26, 0xff, 0xcb, 0x26, 0xff, 0xcb, 0x26, 0xff,
    0xcb, 0x26, 0xff, 0xcb, 0x26, 0xff, 0xcb, 0x26, 0xff, 0xcb, 0x26, 0xff, 0xcb, 0x26, 0xff, 0xcb, 0x26, 0xff, 0xcb, 0x26, 0xff, 0xcb, 0x26, 0xff,
    0xcb, 0x26, 0xff, 0x73, 0x87, 0xff, 0xfb, 0xef, 0xff, 0xfb, 0xef, 0xff, 0xfb, 0xef, 0xff, 0xfb, 0xef, 0xff, 0xfb, 0xef, 0xff, 0xfb, 0xef, 0xff,
    0xfb, 0xef, 0xff, 0xfb, 0xef, 0xff, 0xfb, 0xef, 0xff, 0xfb, 0xef, 0xff, 0xfb, 0xef, 0xff, 0xfb, 0xef, 0xff, 0xfb, 0xef, 0xff, 0xfb, 0xef, 0xff,
    0xfb, 0xef, 0xff, 0xfb, 0xef, 0xff, 0xfb, 0xef, 0xff, 0xfb, 0xef, 0xff, 0xfb, 0xef, 0xff, 0xfb, 0xef, 0xff, 0xfb, 0xef, 0xff, 0xfb, 0xef, 0xff,
    0xfb, 0xef, 0xff, 0xfb, 0xef, 0xff, 0xfb, 0xef, 0xff, 0xfb, 0xef, 0xff, 0xd9, 0xd7, 0xff, 0x52, 0x7f, 0xff, 0xec, 0x36, 0xff, 0xcb, 0x26, 0xff,
    0xcb, 0x26, 0xff, 0xcb, 0x26, 0xff, 0xcb, 0x26, 0xff, 0xcb, 0x26, 0xff, 0xcb, 0x26, 0xff, 0xcb, 0x26, 0xff, 0xcb, 0x26, 0xff, 0xcb, 0x26, 0xff,
    0xcb, 0x26, 0xff, 0xd9, 0xd7, 0xff, 0xfb, 0xef, 0xff, 0xfb, 0xef, 0xff, 0xfb, 0xef, 0xff, 0xfb, 0xef, 0xff, 0xfb, 0xef, 0xff, 0xfb, 0xef, 0xff,
    0xfb, 0xef, 0xff, 0xfb, 0xef, 0xff, 0xfb, 0xef, 0xff, 0xfb, 0xef, 0xff, 0xfb, 0xef, 0xff, 0xfb, 0xef, 0xff, 0xfb, 0xef, 0xff, 0xfb, 0xef, 0xff,
    0xfb, 0xef, 0xff, 0xfb, 0xef, 0xff, 0xfb, 0xef, 0xff, 0xfb, 0xef, 0xff, 0xfb, 0xef, 0xff, 0xfb, 0xef, 0xff, 0xfb, 0xef, 0xff, 0xfb, 0xef, 0xff,
    0xfb, 0xef, 0xff, 0xfb, 0xef, 0xff, 0xfb, 0xef, 0xff, 0xfb, 0xef, 0xff, 0xfb, 0xef, 0xff, 0xfb, 0xef, 0xff, 0xfa, 0xdf, 0xff, 0x96, 0xaf, 0xff,
    0x52, 0x7f, 0xff, 0x2f, 0x57, 0xff, 0x0e, 0x4f, 0xff, 0x0e, 0x4f, 0xff, 0x51, 0x6f, 0xff, 0x74, 0x97, 0xff, 0xb7, 0xbf, 0xff, 0x51, 0x6f, 0xff,
    0xcb, 0x26, 0xff, 0x94, 0x97, 0xff, 0xfb, 0xef, 0xff, 0xfb, 0xef, 0xff, 0xfb, 0xef, 0xff, 0xfb, 0xef, 0xff, 0xfb, 0xef, 0xff, 0xfb, 0xef, 0xff,
    0xfb, 0xef, 0xff, 0xfb, 0xef, 0xff, 0xfb, 0xef, 0xff, 0xfb, 0xef, 0xff, 0xfb, 0xef, 0xff, 0xfb, 0xef, 0xff, 0xfb, 0xef, 0xff, 0xfb, 0xef, 0xff,
    0xfb, 0xef, 0xff, 0xfb, 0xef, 0xff, 0xfb, 0xef, 0xff, 0xfb, 0xef, 0xff, 0xfb, 0xef, 0xff, 0xfb, 0xef, 0xff, 0xfb, 0xef, 0xff, 0xfb, 0xef, 0xff,
    0xfb, 0xef, 0xff, 0xfb, 0xef, 0xff, 0xfb, 0xef, 0xff, 0xfb, 0xef, 0xff, 0xfb, 0xef, 0xff, 0xfb, 0xef, 0xff, 0xfb, 0xef, 0xff, 0xfb, 0xef, 0xff,
    0xfb, 0xef, 0xff, 0xfb, 0xef, 0xff, 0xfb, 0xef, 0xff, 0xfb, 0xef, 0xff, 0xfb, 0xef, 0xff, 0xfb, 0xef, 0xff, 0xfb, 0xef, 0xff, 0xfb, 0xef, 0xff,
    0x96, 0xaf, 0xff, 0x51, 0x6f, 0xff, 0xfb, 0xef, 0xff, 0xfb, 0xef, 0xff, 0xfb, 0xef, 0xff, 0xfb, 0xef, 0xff, 0xfb, 0xef, 0xff, 0xfb, 0xef, 0xff,
    0xfb, 0xef, 0xff, 0xfb, 0xef, 0xff, 0xfb, 0xef, 0xff, 0xfb, 0xef, 0xff, 0xfb, 0xef, 0xff, 0xfb, 0xef, 0xff, 0xfb, 0xef, 0xff, 0xfb, 0xef, 0xff,
    0xfb, 0xef, 0xff, 0xfb, 0xef, 0xff, 0xfb, 0xef, 0xff, 0xfb, 0xef, 0xff, 0xfb, 0xef, 0xff, 0xfb, 0xef, 0xff, 0xfb, 0xef, 0xff, 0xfb, 0xef, 0xff,
    0xfb, 0xef, 0xff, 0xfb, 0xef, 0xff, 0xfb, 0xef, 0xff, 0xfb, 0xef, 0xff, 0xfb, 0xef, 0xff, 0xfb, 0xef, 0xff, 0xfb, 0xef, 0xff, 0xfb, 0xef, 0xff,
    0xfb, 0xef, 0xff, 0xfb, 0xef, 0xff, 0xfb, 0xef, 0xff, 0xfb, 0xef, 0xff, 0xfb, 0xef, 0xff, 0xfb, 0xef, 0xff, 0xfb, 0xef, 0xff, 0xfb, 0xef, 0xff,
    0xfb, 0xef, 0xff, 0xfb, 0xef, 0xff, 0xfb, 0xef, 0xff, 0xfb, 0xef, 0xff, 0xfb, 0xef, 0xff, 0xfb, 0xef, 0xff, 0xfb, 0xef, 0xff, 0xfb, 0xef, 0xff,
    0xfb, 0xef, 0xff, 0xfb, 0xef, 0xff, 0xfb, 0xef, 0xff, 0xfb, 0xef, 0xff, 0xfb, 0xef, 0xff, 0xfb, 0xef, 0xff, 0xfb, 0xef, 0xff, 0xfb, 0xef, 0xff,
    0xfb, 0xef, 0xff, 0xfb, 0xef, 0xff, 0xfb, 0xef, 0xff, 0xfb, 0xef, 0xff, 0xfb, 0xef, 0xff, 0xfb, 0xef, 0xff, 0xfb, 0xef, 0xff, 0xfb, 0xef, 0xff,
    0xfb, 0xef, 0xff, 0xfb, 0xef, 0xff, 0xfb, 0xef, 0xff, 0xfb, 0xef, 0xff, 0xfb, 0xef, 0xff, 0xfb, 0xef, 0xff, 0xfb, 0xef, 0xff, 0xfb, 0xef, 0xff,
    0xfb, 0xef, 0xff, 0xfb, 0xef, 0xff, 0xfb, 0xef, 0xff, 0xfb, 0xef, 0xff, 0xfb, 0xef, 0xff, 0xfb, 0xef, 0xff, 0xfb, 0xef, 0xff, 0xfb, 0xef, 0xff,
    0xfb, 0xef, 0xff, 0xfb, 0xef, 0xff, 0xfb, 0xef, 0xff, 0xfb, 0xef, 0xff, 0xfb, 0xef, 0xff, 0xfb, 0xef, 0xff, 0xfb, 0xef, 0xff, 0xfb, 0xef, 0xff,
    0xfb, 0xef, 0xff, 0xfb, 0xef, 0xff, 0xfb, 0xef, 0xff, 0xfb, 0xef, 0xff, 0xfb, 0xef, 0xff, 0xfb, 0xef, 0xff, 0xfb, 0xef, 0xff, 0xfb, 0xef, 0xff,
    0xfb, 0xef, 0xff, 0xfb, 0xef, 0xff, 0xfb, 0xef, 0xff, 0xfb, 0xef, 0xff, 0xfb, 0xef, 0xff, 0xfb, 0xef, 0xff, 0xfb, 0xef, 0xff, 0xfb, 0xef, 0xff,
    0xfb, 0xef, 0xff, 0xfb, 0xef, 0xff, 0xfb, 0xef, 0xff, 0xfb, 0xef, 0xff, 0xfb, 0xef, 0xff, 0xfb, 0xef, 0xff, 0xfb, 0xef, 0xff, 0xfb, 0xef, 0xff,
    0xfb, 0xef, 0xff, 0xfb, 0xef, 0xff, 0xfb, 0xef, 0xff, 0xfb, 0xef, 0xff, 0xfb, 0xef, 0xff, 0xfb, 0xef, 0xff, 0xfb, 0xef, 0xff, 0xfb, 0xef, 0xff,
    0xfb, 0xef, 0xff, 0xfb, 0xef, 0xff, 0xfb, 0xef, 0xff, 0xfb, 0xef, 0xff, 0xfb, 0xef, 0xff, 0xfb, 0xef, 0xff, 0xfb, 0xef, 0xff, 0xfb, 0xef, 0xff,
    0xfb, 0xef, 0xff, 0xfb, 0xef, 0xff, 0xfb, 0xef, 0xff, 0xfb, 0xef, 0xff, 0xfb, 0xef, 0xff, 0xfb, 0xef, 0xff, 0xfb, 0xef, 0xff, 0xfb, 0xef, 0xff,
    0xfb, 0xef, 0xff, 0xfb, 0xef, 0xff, 0xfb, 0xef, 0xff, 0xfb, 0xef, 0xff, 0xfb, 0xef, 0xff, 0xfb, 0xef, 0xff, 0xfb, 0xef, 0xff, 0xfb, 0xef, 0xff,
    0xfb, 0xef, 0xff, 0xfb, 0xef, 0xff, 0xfb, 0xef, 0xff, 0xfb, 0xef, 0xff, 0xfb, 0xef, 0xff, 0xfb, 0xef, 0xff, 0xfb, 0xef, 0xff, 0xfb, 0xef, 0xff,
    0xfb, 0xef, 0xff, 0xfb, 0xef, 0xff, 0xfb, 0xef, 0xff, 0xfb, 0xef, 0xff, 0xfb, 0xef, 0xff, 0xfb, 0xef, 0xff, 0xfb, 0xef, 0xff, 0xfb, 0xef, 0xff,
    0xfb, 0xef, 0xff, 0xfb, 0xef, 0xff, 0xfb, 0xef, 0xff, 0xfb, 0xef, 0xff, 0xfb, 0xef, 0xff, 0xfb, 0xef, 0xff, 0xfb, 0xef, 0xff, 0xfb, 0xef, 0xff,
    0xfb, 0xef, 0xff, 0xfb, 0xef, 0xff, 0xfb, 0xef, 0xff, 0xfb, 0xef, 0xff, 0xfb, 0xef, 0xff, 0xfb, 0xef, 0xff, 0xfb, 0xef, 0xff, 0xfb, 0xef, 0xff,
    0xfb, 0xef, 0xff, 0xfb, 0xef, 0xff, 0xfb, 0xef, 0xff, 0xfb, 0xef, 0xff, 0xfb, 0xef, 0xff, 0xfb, 0xef, 0xff, 0xfb, 0xef, 0xff, 0xfb, 0xef, 0xff,
    0xfb, 0xef, 0xff, 0xfb, 0xef, 0xff, 0xfb, 0xef, 0xff, 0xfb, 0xef, 0xff, 0xfb, 0xef, 0xff, 0xfb, 0xef, 0xff, 0xfb, 0xef, 0xff, 0xfb, 0xef, 0xff,
    0xfb, 0xef, 0xff, 0xfb, 0xef, 0xff, 0xfb, 0xef, 0xff, 0xfb, 0xef, 0xff, 0xfb, 0xef, 0xff, 0xfb, 0xef, 0xff, 0xfb, 0xef, 0xff, 0xfb, 0xef, 0xff,
    0xfb, 0xef, 0xff, 0xfb, 0xef, 0xff, 0xfb, 0xef, 0xff, 0xfb, 0xef, 0xff, 0xfb, 0xef, 0xff, 0xfb, 0xef, 0xff, 0xfb, 0xef, 0xff, 0xfb, 0xef, 0xff,
    0xfb, 0xef, 0xff, 0xfb, 0xef, 0xff, 0xfb, 0xef, 0xff, 0xfb, 0xef, 0xff, 0xfb, 0xef, 0xff, 0xfb, 0xef, 0xff, 0xfb, 0xef, 0xff, 0xfb, 0xef, 0xff,
    0xfb, 0xef, 0xff, 0xfb, 0xef, 0xff, 0xfb, 0xef, 0xff, 0xfb, 0xef, 0xff, 0xfb, 0xef, 0xff, 0xfb, 0xef, 0xff, 0xfb, 0xef, 0xff, 0xfb, 0xef, 0xff,
    0xfb, 0xef, 0xff, 0xfb, 0xef, 0xff, 0xfb, 0xef, 0xff, 0xfb, 0xef, 0xff, 0xfb, 0xef, 0xff, 0xfb, 0xef, 0xff, 0xfb, 0xef, 0xff, 0xfb, 0xef, 0xff,
    0xfb, 0xef, 0xff, 0xfb, 0xef, 0xff, 0xfb, 0xef, 0xff, 0xfb, 0xef, 0xff, 0xfb, 0xef, 0xff, 0xfb, 0xef, 0xff, 0xfb, 0xef, 0xff, 0xfb, 0xef, 0xff,
    0xfb, 0xef, 0xff, 0xfb, 0xef, 0xff, 0xfb, 0xef, 0xff, 0xfb, 0xef, 0xff, 0xfb, 0xef, 0xff, 0xfb, 0xef, 0xff, 0xfb, 0xef, 0xff, 0xfb, 0xef, 0xff,
};

const lv_img_dsc_t home_icon_wechat_img = {
    .header.cf = LV_IMG_CF_TRUE_COLOR_ALPHA,
    .header.always_zero = 0,
    .header.reserved = 0,
    .header.w = 40,
    .header.h = 40,
    .data_size = 40 * 40 * LV_IMG_PX_SIZE_ALPHA_BYTE,
    .data = home_icon_wechat_img_map,
};

static const LV_ATTRIBUTE_MEM_ALIGN LV_ATTRIBUTE_LARGE_CONST uint8_t home_icon_ai_img_map[] = {
    0xbe, 0xe7, 0xff, 0xbe, 0xe7, 0xff, 0xbe, 0xe7, 0xff, 0xbe, 0xe7, 0xff, 0xbe, 0xe7, 0xff, 0xbe, 0xe7, 0xff, 0xbe, 0xe7, 0xff, 0xbe, 0xe7, 0xff,
    0xbe, 0xe7, 0xff, 0xbe, 0xe7, 0xff, 0xbe, 0xe7, 0xff, 0xbe, 0xe7, 0xff, 0xbe, 0xe7, 0xff, 0xbe, 0xe7, 0xff, 0x1b, 0xaf, 0xff, 0x99, 0x86, 0xff,
    0xd6, 0x4d, 0xff, 0x34, 0x1d, 0xff, 0x14, 0x0d, 0xff, 0xf3, 0x04, 0xff, 0xf3, 0x04, 0xff, 0x14, 0x0d, 0xff, 0x96, 0x3d, 0xff, 0x99, 0x86, 0xff,
    0x7d, 0xcf, 0xff, 0xbe, 0xe7, 0xff, 0xbe, 0xe7, 0xff, 0xbe, 0xe7, 0xff, 0xbe, 0xe7, 0xff, 0xbe, 0xe7, 0xff, 0xbe, 0xe7, 0xff, 0xbe, 0xe7, 0xff,
    0xbe, 0xe7, 0xff, 0xbe, 0xe7, 0xff, 0xbe, 0xe7, 0xff, 0xbe, 0xe7, 0xff, 0xbe, 0xe7, 0xff, 0xbe, 0xe7, 0xff, 0xbe, 0xe7, 0xff, 0xbe, 0xe7, 0xff,
    0xbe, 0xe7, 0xff, 0xbe, 0xe7, 0xff, 0xbe, 0xe7, 0xff, 0xbe, 0xe7, 0xff, 0xbe, 0xe7, 0xff, 0xbe, 0xe7, 0xff, 0xbe, 0xe7, 0xff, 0xbe, 0xe7, 0xff,
    0xbe, 0xe7, 0xff, 0xbe, 0xe7, 0xff, 0xbe, 0xe7, 0xff, 0x9e, 0xdf, 0xff, 0x59, 0x76, 0xff, 0x34, 0x1d, 0xff, 0xf3, 0x04, 0xff, 0xf3, 0x04, 0xff,
    0xf3, 0x04, 0xff, 0xf3, 0x04, 0xff, 0xf3, 0x04, 0xff, 0xf3, 0x04, 0xff, 0xf3, 0x04, 0xff, 0xf3, 0x04, 0xff, 0xf3, 0x04, 0xff, 0xf3, 0x04, 0xff,
    0xf3, 0x04, 0xff, 0xf7, 0x55, 0xff, 0x7d, 0xcf, 0xff, 0xbe, 0xe7, 0xff, 0xbe, 0xe7, 0xff, 0xbe, 0xe7, 0xff, 0xbe, 0xe7, 0xff, 0xbe, 0xe7, 0xff,
    0xbe, 0xe7, 0xff, 0xbe, 0xe7, 0xff, 0xbe, 0xe7, 0xff, 0xbe, 0xe7, 0xff, 0xbe, 0xe7, 0xff, 0xbe, 0xe7, 0xff, 0xbe, 0xe7, 0xff, 0xbe, 0xe7, 0xff,
    0xbe, 0xe7, 0xff, 0xbe, 0xe7, 0xff, 0xbe, 0xe7, 0xff, 0xbe, 0xe7, 0xff, 0xbe, 0xe7, 0xff, 0xbe, 0xe7, 0xff, 0xbe, 0xe7, 0xff, 0xbe, 0xe7, 0xff,
    0xbe, 0xe7, 0xff, 0xbe, 0xe7, 0xff, 0x1b, 0xaf, 0xff, 0x54, 0x1d, 0xff, 0xf3, 0x04, 0xff, 0xf3, 0x04, 0xff, 0xf3, 0x04, 0xff, 0xf3, 0x04, 0xff,
    0xf3, 0x04, 0xff, 0xf3, 0x04, 0xff, 0xf3, 0x04, 0xff, 0xf3, 0x04, 0xff, 0xf3, 0x04, 0xff, 0xf3, 0x04, 0xff, 0xf3, 0x04, 0xff, 0xf3, 0x04, 0xff,
    0xf3, 0x04, 0xff, 0xf3, 0x04, 0xff, 0x54, 0x1d, 0xff, 0xdb, 0x9e, 0xff, 0xbe, 0xe7, 0xff, 0xbe, 0xe7, 0xff, 0xbe, 0xe7, 0xff, 0xbe, 0xe7, 0xff,
    0xbe, 0xe7, 0xff, 0xbe, 0xe7, 0xff, 0xbe, 0xe7, 0xff, 0xbe, 0xe7, 0xff, 0xbe, 0xe7, 0xff, 0xbe, 0xe7, 0xff, 0xbe, 0xe7, 0xff, 0xbe, 0xe7, 0xff,
    0xbe, 0xe7, 0xff, 0xbe, 0xe7, 0xff, 0xbe, 0xe7, 0xff, 0xbe, 0xe7, 0xff, 0xbe, 0xe7, 0xff, 0xbe, 0xe7, 0xff, 0xbe, 0xe7, 0xff, 0xbe, 0xe7, 0xff,
    0xbe, 0xe7, 0xff, 0x58, 0x76, 0xff, 0xf3, 0x04, 0xff, 0xf3, 0x04, 0xff, 0xf3, 0x04, 0xff, 0xf3, 0x04, 0xff, 0xf3, 0x04, 0xff, 0xb6, 0x3d, 0xff,
    0x38, 0x66, 0xff, 0xdb, 0x9e, 0xff, 0x3c, 0xbf, 0xff, 0x5d, 0xcf, 0xff, 0x5d, 0xcf, 0xff, 0x1b, 0xaf, 0xff, 0x99, 0x86, 0xff, 0x54, 0x1d, 0xff,
    0xf3, 0x04, 0xff, 0xf3, 0x04, 0xff, 0xf3, 0x04, 0xff, 0xf3, 0x04, 0xff, 0xba, 0x8e, 0xff, 0xbe, 0xe7, 0xff, 0xbe, 0xe7, 0xff, 0xbe, 0xe7, 0xff,
    0xbe, 0xe7, 0xff, 0xbe, 0xe7, 0xff, 0xbe, 0xe7, 0xff, 0xbe, 0xe7, 0xff, 0xbe, 0xe7, 0xff, 0xbe, 0xe7, 0xff, 0xbe, 0xe7, 0xff, 0xbe, 0xe7, 0xff,
    0xbe, 0xe7, 0xff, 0xbe, 0xe7, 0xff, 0xbe, 0xe7, 0xff, 0xbe, 0xe7, 0xff, 0xbe, 0xe7, 0xff, 0xbe, 0xe7, 0xff, 0xbe, 0xe7, 0xff, 0xbe, 0xe7, 0xff,
    0x38, 0x66, 0xff, 0xf3, 0x04, 0xff, 0xf3, 0x04, 0xff, 0xf3, 0x04, 0xff, 0xf3, 0x04, 0xff, 0x38, 0x66, 0xff, 0x7d, 0xcf, 0xff, 0xbe, 0xe7, 0xff,
    0xbe, 0xe7, 0xff, 0xbe, 0xe7, 0xff, 0xbe, 0xe7, 0xff, 0xbe, 0xe7, 0xff, 0xbe, 0xe7, 0xff, 0xbe, 0xe7, 0xff, 0xbe, 0xe7, 0xff, 0xbe, 0xe7, 0xff,
    0x99, 0x86, 0xff, 0x14, 0x0d, 0xff, 0xf3, 0x04, 0xff, 0xf3, 0x04, 0xff, 0xf3, 0x04, 0xff, 0x1c, 0xaf, 0xff, 0xbe, 0xe7, 0xff, 0xbe, 0xe7, 0xff,
    0xbe, 0xe7, 0xff, 0xbe, 0xe7, 0xff, 0xbe, 0xe7, 0xff, 0xbe, 0xe7, 0xff, 0xbe, 0xe7, 0xff, 0xbe, 0xe7, 0xff, 0xbe, 0xe7, 0xff, 0xbe, 0xe7, 0xff,
    0xbe, 0xe7, 0xff, 0xbe, 0xe7, 0xff, 0xbe, 0xe7, 0xff, 0xbe, 0xe7, 0xff, 0xbe, 0xe7, 0xff, 0xbe, 0xe7, 0xff, 0xbe, 0xe7, 0xff, 0x58, 0x76, 0xff,
    0xf3, 0x04, 0xff, 0xf3, 0x04, 0xff, 0xf3, 0x04, 0xff, 0x54, 0x1d, 0xff, 0x3c, 0xbf, 0xff, 0xbe, 0xe7, 0xff, 0xbe, 0xe7, 0xff, 0xbe, 0xe7, 0xff,
    0xbe, 0xe7, 0xff, 0xbe, 0xe7, 0xff, 0xbe, 0xe7, 0xff, 0xbe, 0xe7, 0xff, 0xbe, 0xe7, 0xff, 0xbe, 0xe7, 0xff, 0xbe, 0xe7, 0xff, 0xbe, 0xe7, 0xff,
    0xbe, 0xe7, 0xff, 0x5d, 0xcf, 0xff, 0x54, 0x1d, 0xff, 0xf3, 0x04, 0xff, 0xf3, 0x04, 0xff, 0x54, 0x1d, 0xff, 0x9e, 0xd7, 0xff, 0xbe, 0xe7, 0xff,
    0xbe, 0xe7, 0xff, 0xbe, 0xe7, 0xff, 0xbe, 0xe7, 0xff, 0xbe, 0xe7, 0xff, 0xbe, 0xe7, 0xff, 0xbe, 0xe7, 0xff, 0xbe, 0xe7, 0xff, 0xbe, 0xe7, 0xff,
    0xbe, 0xe7, 0xff, 0xbe, 0xe7, 0xff, 0xbe, 0xe7, 0xff, 0xbe, 0xe7, 0xff, 0xbe, 0xe7, 0xff, 0xbe, 0xe7, 0xff, 0x5d, 0xcf, 0xff, 0xf3, 0x04, 0xff,
    0xf3, 0x04, 0xff, 0xf3, 0x04, 0xff, 0x54, 0x1d, 0xff, 0x7d, 0xcf, 0xff, 0xbe, 0xe7, 0xff, 0xbe, 0xe7, 0xff, 0xbe, 0xe7, 0xff, 0xbe, 0xe7, 0xff,
    0xbe, 0xe7, 0xff, 0xbe, 0xe7, 0xff, 0xbe, 0xe7, 0xff, 0xbe, 0xe7, 0xff, 0xbe, 0xe7, 0xff, 0xbe, 0xe7, 0xff, 0xbe, 0xe7, 0xff, 0xbe, 0xe7, 0xff,
    0xbe, 0xe7, 0xff, 0xbe, 0xe7, 0xff, 0x3c, 0xbf, 0xff, 0x14, 0x0d, 0xff, 0xf3, 0x04, 0xff, 0xf3, 0x04, 0xff, 0xf7, 0x55, 0xff, 0xbe, 0xe7, 0xff,
    0xbe, 0xe7, 0xff, 0xbe, 0xe7, 0xff, 0xbe, 0xe7, 0xff, 0xbe, 0xe7, 0xff, 0xbe, 0xe7, 0xff, 0xbe, 0xe7, 0xff, 0xbe, 0xe7, 0xff, 0xbe, 0xe7, 0xff,
    0xbe, 0xe7, 0xff, 0xbe, 0xe7, 0xff, 0xbe, 0xe7, 0xff, 0xbe, 0xe7, 0xff, 0xbe, 0xe7, 0xff, 0xbe, 0xe7, 0xff, 0x54, 0x1d, 0xff, 0xf3, 0x04, 0xff,
    0xf3, 0x04, 0xff, 0x54, 0x1d, 0xff, 0x7d, 0xcf, 0xff, 0xbe, 0xe7, 0xff, 0xbe, 0xe7, 0xff, 0xbe, 0xe7, 0xff, 0xbe, 0xe7, 0xff, 0xbe, 0xe7, 0xff,
    0xbe, 0xe7, 0xff, 0xbe, 0xe7, 0xff, 0xbe, 0xe7, 0xff, 0xbe, 0xe7, 0xff, 0xbe, 0xe7, 0xff, 0xbe, 0xe7, 0xff, 0xbe, 0xe7, 0xff, 0xbe, 0xe7, 0xff,
    0xbe, 0xe7, 0xff, 0xbe, 0xe7, 0xff, 0xbe, 0xe7, 0xff, 0x99, 0x86, 0xff, 0xf3, 0x04, 0xff, 0xf3, 0x04, 0xff, 0xf3, 0x04, 0xff, 0x1c, 0xaf, 0xff,
    0xbe, 0xe7, 0xff, 0xbe, 0xe7, 0xff, 0xbe, 0xe7, 0xff, 0xbe, 0xe7, 0xff, 0xbe, 0xe7, 0xff, 0xbe, 0xe7, 0xff, 0xbe, 0xe7, 0xff, 0xbe, 0xe7, 0xff,
    0xbe, 0xe7, 0xff, 0xbe, 0xe7, 0xff, 0xbe, 0xe7, 0xff, 0xbe, 0xe7, 0xff, 0xbe, 0xe7, 0xff, 0x1b, 0xaf, 0xff, 0xf3, 0x04, 0xff, 0xf3, 0x04, 0xff,
    0xf3, 0x04, 0xff, 0xba, 0x8e, 0xff, 0xbe, 0xe7, 0xff, 0xbe, 0xe7, 0xff, 0xbe, 0xe7, 0xff, 0xbe, 0xe7, 0xff, 0xbe, 0xe7, 0xff, 0xbe, 0xe7, 0xff,
    0xbe, 0xe7, 0xff, 0xbe, 0xe7, 0xff, 0xbe, 0xe7, 0xff, 0xbe, 0xe7, 0xff, 0xbe, 0xe7, 0xff, 0xbe, 0xe7, 0xff, 0xbe, 0xe7, 0xff, 0xbe, 0xe7, 0xff,
    0xbe, 0xe7, 0xff, 0xbe, 0xe7, 0xff, 0xbe, 0xe7, 0xff, 0xbe, 0xe7, 0xff, 0x96, 0x3d, 0xff, 0xf3, 0x04, 0xff, 0xf3, 0x04, 0xff, 0x96, 0x3d, 0xff,
    0xbe, 0xe7, 0xff, 0xbe, 0xe7, 0xff, 0xbe, 0xe7, 0xff, 0xbe, 0xe7, 0xff, 0xbe, 0xe7, 0xff, 0xbe, 0xe7, 0xff, 0xbe, 0xe7, 0xff, 0xbe, 0xe7, 0xff,
    0xbe, 0xe7, 0xff, 0xbe, 0xe7, 0xff, 0xbe, 0xe7, 0xff, 0xbe, 0xe7, 0xff, 0xbe, 0xe7, 0xff, 0xf7, 0x55, 0xff, 0xf3, 0x04, 0xff, 0xf3, 0x04, 0xff,
    0x54, 0x1d, 0xff, 0xbe, 0xe7, 0xff, 0xbe, 0xe7, 0xff, 0xbe, 0xe7, 0xff, 0xbe, 0xe7, 0xff, 0xbe, 0xe7, 0xff, 0xbe, 0xe7, 0xff, 0xbe, 0xe7, 0xff,
    0xbe, 0xe7, 0xff, 0xbe, 0xe7, 0xff, 0xbe, 0xe7, 0xff, 0xbe, 0xe7, 0xff, 0xbe, 0xe7, 0xff, 0xbe, 0xe7, 0xff, 0xbe, 0xe7, 0xff, 0xbe, 0xe7, 0xff,
    0xbe, 0xe7, 0xff, 0xbe, 0xe7, 0xff, 0xbe, 0xe7, 0xff, 0xbe, 0xe7, 0xff, 0x1b, 0xaf, 0xff, 0xf3, 0x04, 0xff, 0xf3, 0x04, 0xff, 0xf3, 0x04, 0xff,
    0x9e, 0xd7, 0xff, 0xbe, 0xe7, 0xff, 0xbe, 0xe7, 0xff, 0xbe, 0xe7, 0xff, 0xbe, 0xe7, 0xff, 0xbe, 0xe7, 0xff, 0xbe, 0xe7, 0xff, 0xbe, 0xe7, 0xff,
    0xbe, 0xe7, 0xff, 0xbe, 0xe7, 0xff, 0xbe, 0xe7, 0xff, 0xbe, 0xe7, 0xff, 0xbe, 0xe7, 0xff, 0x54, 0x1d, 0xff, 0xf3, 0x04, 0xff, 0xf3, 0x04, 0xff,
    0xba, 0x8e, 0xff, 0xbe, 0xe7, 0xff, 0xbe, 0xe7, 0xff, 0xbe, 0xe7, 0xff, 0xbe, 0xe7, 0xff, 0xbe, 0xe7, 0xff, 0xbe, 0xe7, 0xff, 0xbe, 0xe7, 0xff,
    0xbe, 0xe7, 0xff, 0xbe, 0xe7, 0xff, 0xbe, 0xe7, 0xff, 0xbe, 0xe7, 0xff, 0xbe, 0xe7, 0xff, 0xbe, 0xe7, 0xff, 0xbe, 0xe7, 0xff, 0xbe, 0xe7, 0xff,
    0xbe, 0xe7, 0xff, 0xbe, 0xe7, 0xff, 0xbe, 0xe7, 0xff, 0xbe, 0xe7, 0xff, 0xbe, 0xe7, 0xff, 0x96, 0x3d, 0xff, 0xf3, 0x04, 0xff, 0xf3, 0x04, 0xff,
    0x59, 0x76, 0xff, 0xbe, 0xe7, 0xff, 0xbe, 0xe7, 0xff, 0xbe, 0xe7, 0xff, 0xbe, 0xe7, 0xff, 0xbe, 0xe7, 0xff, 0xbe, 0xe7, 0xff, 0xbe, 0xe7, 0xff,
    0xbe, 0xe7, 0xff, 0xbe, 0xe7, 0xff, 0xbe, 0xe7, 0xff, 0xbe, 0xe7, 0xff, 0x7d, 0xcf, 0xff, 0xf3, 0x04, 0xff, 0xf3, 0x04, 0xff, 0xf3, 0x04, 0xff,
    0x3c, 0xbf, 0xff, 0xbe, 0xe7, 0xff, 0xbe, 0xe7, 0xff, 0xbe, 0xe7, 0xff, 0xbe, 0xe7, 0xff, 0xbe, 0xe7, 0xff, 0xbe, 0xe7, 0xff, 0xbe, 0xe7, 0xff,
    0xbe, 0xe7, 0xff, 0xbe, 0xe7, 0xff, 0xbe, 0xe7, 0xff, 0xbe, 0xe7, 0xff, 0xbe, 0xe7, 0xff, 0xbe, 0xe7, 0xff, 0xbe, 0xe7, 0xff, 0xbe, 0xe7, 0xff,
    0xbe, 0xe7, 0xff, 0xbe, 0xe7, 0xff, 0xbe, 0xe7, 0xff, 0xbe, 0xe7, 0xff, 0xbe, 0xe7, 0xff, 0x99, 0x86, 0xff, 0xf3, 0x04, 0xff, 0xf3, 0x04, 0xff,
    0x75, 0x2d, 0xff, 0xbe, 0xe7, 0xff, 0xbe, 0xe7, 0xff, 0xbe, 0xe7, 0xff, 0xbe, 0xe7, 0xff, 0xbe, 0xe7, 0xff, 0xbe, 0xe7, 0xff, 0xbe, 0xe7, 0xff,
    0xbe, 0xe7, 0xff, 0xbe, 0xe7, 0xff, 0xbe, 0xe7, 0xff, 0xbe, 0xe7, 0xff, 0x1b, 0xaf, 0xff, 0xf3, 0x04, 0xff, 0xf3, 0x04, 0xff, 0xf3, 0x04, 0xff,
    0xbe, 0xe7, 0xff, 0xbe, 0xe7, 0xff, 0xbe, 0xe7, 0xff, 0xbe, 0xe7, 0xff, 0xbe, 0xe7, 0xff, 0xbe, 0xe7, 0xff, 0xbe, 0xe7, 0xff, 0xbe, 0xe7, 0xff,
    0x5d, 0xcf, 0xff, 0x75, 0x2d, 0xff, 0xf3, 0x04, 0xff, 0xf3, 0x04, 0xff, 0xf3, 0x04, 0xff, 0xf3, 0x04, 0xff, 0xf3, 0x04, 0xff, 0xf3, 0x04, 0xff,
    0xf3, 0x04, 0xff, 0xf3, 0x04, 0xff, 0x54, 0x1d, 0xff, 0xba, 0x8e, 0xff, 0xbe, 0xe7, 0xff, 0x7d, 0xcf, 0xff, 0xf3, 0x04, 0xff, 0xf3, 0x04, 0xff,
    0xf3, 0x04, 0xff, 0xbe, 0xe7, 0xff, 0xbe, 0xe7, 0xff, 0xbe, 0xe7, 0xff, 0xbe, 0xe7, 0xff, 0xbe, 0xe7, 0xff, 0xbe, 0xe7, 0xff, 0xbe, 0xe7, 0xff,
    0xbe, 0xe7, 0xff, 0xbe, 0xe7, 0xff, 0xbe, 0xe7, 0xff, 0xbe, 0xe7, 0xff, 0xba, 0x8e, 0xff, 0xf3, 0x04, 0xff, 0xf3, 0x04, 0xff, 0x13, 0x0d, 0xff,
    0xbe, 0xe7, 0xff, 0xbe, 0xe7, 0xff, 0xbe, 0xe7, 0xff, 0xbe, 0xe7, 0xff, 0xbe, 0xe7, 0xff, 0xbe, 0xe7, 0xff, 0xbe, 0xe7, 0xff, 0xbe, 0xe7, 0xff,
    0x59, 0x76, 0xff, 0xf3, 0x04, 0xff, 0xf3, 0x04, 0xff, 0xf3, 0x04, 0xff, 0xf3, 0x04, 0xff, 0xf3, 0x04, 0xff, 0xf3, 0x04, 0xff, 0xf3, 0x04, 0xff,
    0xf3, 0x04, 0xff, 0xf3, 0x04, 0xff, 0xf3, 0x04, 0xff, 0xf3, 0x04, 0xff, 0xba, 0x8e, 0xff, 0xbe, 0xe7, 0xff, 0x38, 0x66, 0xff, 0x54, 0x1d, 0xff,
    0x79, 0x86, 0xff, 0xbe, 0xe7, 0xff, 0xbe, 0xe7, 0xff, 0xbe, 0xe7, 0xff, 0xbe, 0xe7, 0xff, 0xbe, 0xe7, 0xff, 0xbe, 0xe7, 0xff, 0xbe, 0xe7, 0xff,
    0xbe, 0xe7, 0xff, 0xbe, 0xe7, 0xff, 0xbe, 0xe7, 0xff, 0x5d, 0xcf, 0xff, 0x54, 0x1d, 0xff, 0xf3, 0x04, 0xff, 0xf3, 0x04, 0xff, 0xd6, 0x4d, 0xff,
    0xbe, 0xe7, 0xff, 0xbe, 0xe7, 0xff, 0xbe, 0xe7, 0xff, 0xbe, 0xe7, 0xff, 0xbe, 0xe7, 0xff, 0xbe, 0xe7, 0xff, 0xbe, 0xe7, 0xff, 0xbe, 0xe7, 0xff,
    0x3c, 0xbf, 0xff, 0x14, 0x0d, 0xff, 0xf3, 0x04, 0xff, 0xf3, 0x04, 0xff, 0xf3, 0x04, 0xff, 0xf3, 0x04, 0xff, 0xf3, 0x04, 0xff, 0xf3, 0x04, 0xff,
    0xf3, 0x04, 0xff, 0xf3, 0x04, 0xff, 0xf3, 0x04, 0xff, 0xf3, 0x04, 0xff, 0xf3, 0x04, 0xff, 0xba, 0x8e, 0xff, 0xbe, 0xe7, 0xff, 0xbe, 0xe7, 0xff,
    0xbe, 0xe7, 0xff, 0xbe, 0xe7, 0xff, 0xbe, 0xe7, 0xff, 0xbe, 0xe7, 0xff, 0xbe, 0xe7, 0xff, 0xbe, 0xe7, 0xff, 0xbe, 0xe7, 0xff, 0xbe, 0xe7, 0xff,
    0xbe, 0xe7, 0xff, 0xbe, 0xe7, 0xff, 0x9e, 0xdf, 0xff, 0x75, 0x2d, 0xff, 0xf3, 0x04, 0xff, 0xf3, 0x04, 0xff, 0xf3, 0x04, 0xff, 0x7d, 0xcf, 0xff,
    0xbe, 0xe7, 0xff, 0xbe, 0xe7, 0xff, 0xbe, 0xe7, 0xff, 0xbe, 0xe7, 0xff, 0xbe, 0xe7, 0xff, 0xbe, 0xe7, 0xff, 0xbe, 0xe7, 0xff, 0xbe, 0xe7, 0xff,
    0xbe, 0xe7, 0xff, 0x9e, 0xdf, 0xff, 0x5d, 0xcf, 0xff, 0x5d, 0xcf, 0xff, 0x5d, 0xcf, 0xff, 0x5d, 0xcf, 0xff, 0x5d, 0xcf, 0xff, 0x5d, 0xcf, 0xff,
    0x5d, 0xcf, 0xff, 0x3c, 0xbf, 0xff, 0x54, 0x1d, 0xff, 0xf3, 0x04, 0xff, 0xf3, 0x04, 0xff, 0xf3, 0x04, 0xff, 0xba, 0x8e, 0xff, 0xbe, 0xe7, 0xff,
    0xbe, 0xe7, 0xff, 0xbe, 0xe7, 0xff, 0xbe, 0xe7, 0xff, 0xbe, 0xe7, 0xff, 0xbe, 0xe7, 0xff, 0xbe, 0xe7, 0xff, 0xbe, 0xe7, 0xff, 0xbe, 0xe7, 0xff,
    0xbe, 0xe7, 0xff, 0x5d, 0xcf, 0xff, 0x54, 0x1d, 0xff, 0xf3, 0x04, 0xff, 0xf3, 0x04, 0xff, 0xf3, 0x04, 0xff, 0x59, 0x76, 0xff, 0xbe, 0xe7, 0xff,
    0xbe, 0xe7, 0xff, 0xbe, 0xe7, 0xff, 0xbe, 0xe7, 0xff, 0xbe, 0xe7, 0xff, 0xbe, 0xe7, 0xff, 0xbe, 0xe7, 0xff, 0xbe, 0xe7, 0xff, 0xbe, 0xe7, 0xff,
    0xbe, 0xe7, 0xff, 0xbe, 0xe7, 0xff, 0xbe, 0xe7, 0xff, 0xbe, 0xe7, 0xff, 0xbe, 0xe7, 0xff, 0xbe, 0xe7, 0xff, 0xbe, 0xe7, 0xff, 0xbe, 0xe7, 0xff,
    0xbe, 0xe7, 0xff, 0xbe, 0xe7, 0xff, 0x5d, 0xcf, 0xff, 0x54, 0x1d, 0xff, 0xf3, 0x04, 0xff, 0xf3, 0x04, 0xff, 0xf3, 0x04, 0xff, 0xba, 0x8e, 0xff,
    0xbe, 0xe7, 0xff, 0xbe, 0xe7, 0xff, 0xbe, 0xe7, 0xff, 0xbe, 0xe7, 0xff, 0xbe, 0xe7, 0xff, 0xbe, 0xe7, 0xff, 0xbe, 0xe7, 0xff, 0xbe, 0xe7, 0xff,
    0x5d, 0xcf, 0xff, 0x54, 0x1d, 0xff, 0xf3, 0x04, 0xff, 0xf3, 0x04, 0xff, 0xf3, 0x04, 0xff, 0x38, 0x66, 0xff, 0xbe, 0xe7, 0xff, 0xbe, 0xe7, 0xff,
    0xbe, 0xe7, 0xff, 0xbe, 0xe7, 0xff, 0xbe, 0xe7, 0xff, 0xbe, 0xe7, 0xff, 0xbe, 0xe7, 0xff, 0xbe, 0xe7, 0xff, 0xbe, 0xe7, 0xff, 0xbe, 0xe7, 0xff,
    0xbe, 0xe7, 0xff, 0xbe, 0xe7, 0xff, 0xbe, 0xe7, 0xff, 0xbe, 0xe7, 0xff, 0xbe, 0xe7, 0xff, 0xbe, 0xe7, 0xff, 0xbe, 0xe7, 0xff, 0xbe, 0xe7, 0xff,
    0xbe, 0xe7, 0xff, 0xbe, 0xe7, 0xff, 0xbe, 0xe7, 0xff, 0x5d, 0xcf, 0xff, 0x54, 0x1d, 0xff, 0xf3, 0x04, 0xff, 0xf3, 0x04, 0xff, 0xf3, 0x04, 0xff,
    0x79, 0x86, 0xff, 0x7d, 0xcf, 0xff, 0x7d, 0xcf, 0xff, 0x7d, 0xcf, 0xff, 0x7d, 0xcf, 0xff, 0x7d, 0xcf, 0xff, 0x9e, 0xdf, 0xff, 0xbe, 0xe7, 0xff,
    0xd6, 0x4d, 0xff, 0xf3, 0x04, 0xff, 0xf3, 0x04, 0xff, 0xf3, 0x04, 0xff, 0xf7, 0x55, 0xff, 0xbe, 0xe7, 0xff, 0xbe, 0xe7, 0xff, 0xbe, 0xe7, 0xff,
    0xbe, 0xe7, 0xff, 0xbe, 0xe7, 0xff, 0xbe, 0xe7, 0xff, 0xbe, 0xe7, 0xff, 0xbe, 0xe7, 0xff, 0xbe, 0xe7, 0xff, 0xbe, 0xe7, 0xff, 0xbe, 0xe7, 0xff,
    0xbe, 0xe7, 0xff, 0xbe, 0xe7, 0xff, 0xbe, 0xe7, 0xff, 0xbe, 0xe7, 0xff, 0xbe, 0xe7, 0xff, 0xbe, 0xe7, 0xff, 0xbe, 0xe7, 0xff, 0xbe, 0xe7, 0xff,
    0xbe, 0xe7, 0xff, 0xbe, 0xe7, 0xff, 0xbe, 0xe7, 0xff, 0xbe, 0xe7, 0xff, 0x5d, 0xcf, 0xff, 0x54, 0x1d, 0xff, 0xf3, 0x04, 0xff, 0xf3, 0x04, 0xff,
    0xf3, 0x04, 0xff, 0xf3, 0x04, 0xff, 0xf3, 0x04, 0xff, 0xf3, 0x04, 0xff, 0xf3, 0x04, 0xff, 0xf3, 0x04, 0xff, 0xf3, 0x04, 0xff, 0x38, 0x66, 0xff,
    0xf3, 0x04, 0xff, 0xf3, 0x04, 0xff, 0xf3, 0x04, 0xff, 0xf3, 0x04, 0xff, 0xf7, 0x55, 0xff, 0x7d, 0xcf, 0xff, 0xbe, 0xe7, 0xff, 0xbe, 0xe7, 0xff,
    0xbe, 0xe7, 0xff, 0xbe, 0xe7, 0xff, 0xbe, 0xe7, 0xff, 0xbe, 0xe7, 0xff, 0xbe, 0xe7, 0xff, 0xbe, 0xe7, 0xff, 0x9e, 0xdf, 0xff, 0x99, 0x86, 0xff,
    0x59, 0x76, 0xff, 0x59, 0x76, 0xff, 0x59, 0x76, 0xff, 0x59, 0x76, 0xff, 0x59, 0x76, 0xff, 0x59, 0x76, 0xff, 0x59, 0x76, 0xff, 0x99, 0x86, 0xff,
    0x7d, 0xcf, 0xff, 0xbe, 0xe7, 0xff, 0xbe, 0xe7, 0xff, 0xbe, 0xe7, 0xff, 0xbe, 0xe7, 0xff, 0x5d, 0xcf, 0xff, 0x54, 0x1d, 0xff, 0xf3, 0x04, 0xff,
    0xf3, 0x04, 0xff, 0xf3, 0x04, 0xff, 0xf3, 0x04, 0xff, 0xf3, 0x04, 0xff, 0xf3, 0x04, 0xff, 0xf3, 0x04, 0xff, 0xf3, 0x04, 0xff, 0xf3, 0x04, 0xff,
    0xf7, 0x55, 0xff, 0xf3, 0x04, 0xff, 0xf3, 0x04, 0xff, 0xf3, 0x04, 0xff, 0xf3, 0x04, 0xff, 0x13, 0x0d, 0xff, 0x79, 0x86, 0xff, 0xbe, 0xe7, 0xff,
    0xbe, 0xe7, 0xff, 0xbe, 0xe7, 0xff, 0xbe, 0xe7, 0xff, 0xbe, 0xe7, 0xff, 0xbe, 0xe7, 0xff, 0xbe, 0xe7, 0xff, 0xf7, 0x55, 0xff, 0xf3, 0x04, 0xff,
    0xf3, 0x04, 0xff, 0xf3, 0x04, 0xff, 0xf3, 0x04, 0xff, 0xf3, 0x04, 0xff, 0xf3, 0x04, 0xff, 0xf3, 0x04, 0xff, 0xf3, 0x04, 0xff, 0xf3, 0x04, 0xff,
    0x96, 0x3d, 0xff, 0xbe, 0xe7, 0xff, 0xbe, 0xe7, 0xff, 0xbe, 0xe7, 0xff, 0xbe, 0xe7, 0xff, 0xbe, 0xe7, 0xff, 0x5d, 0xcf, 0xff, 0x54, 0x1d, 0xff,
    0xf3, 0x04, 0xff, 0xf3, 0x04, 0xff, 0xf3, 0x04, 0xff, 0xf3, 0x04, 0xff, 0xf3, 0x04, 0xff, 0xf3, 0x04, 0xff, 0xf3, 0x04, 0xff, 0x59, 0x76, 0xff,
    0xbe, 0xe7, 0xff, 0xba, 0x96, 0xff, 0x54, 0x1d, 0xff, 0xf3, 0x04, 0xff, 0xf3, 0x04, 0xff, 0xf3, 0x04, 0xff, 0xf3, 0x04, 0xff, 0x79, 0x86, 0xff,
    0xbe, 0xe7, 0xff, 0xbe, 0xe7, 0xff, 0xbe, 0xe7, 0xff, 0xbe, 0xe7, 0xff, 0xbe, 0xe7, 0xff, 0xbe, 0xe7, 0xff, 0x96, 0x3d, 0xff, 0xf3, 0x04, 0xff,
    0xf3, 0x04, 0xff, 0xf3, 0x04, 0xff, 0xf3, 0x04, 0xff, 0xf3, 0x04, 0xff, 0xf3, 0x04, 0xff, 0xf3, 0x04, 0xff, 0xf3, 0x04, 0xff, 0xf3, 0x04, 0xff,
    0x75, 0x2d, 0xff, 0xbe, 0xe7, 0xff, 0xbe, 0xe7, 0xff, 0xbe, 0xe7, 0xff, 0xbe, 0xe7, 0xff, 0xbe, 0xe7, 0xff, 0xbe, 0xe7, 0xff, 0xbe, 0xe7, 0xff,
    0xbe, 0xe7, 0xff, 0xbe, 0xe7, 0xff, 0xbe, 0xe7, 0xff, 0xbe, 0xe7, 0xff, 0xbe, 0xe7, 0xff, 0xbe, 0xe7, 0xff, 0xbe, 0xe7, 0xff, 0xbe, 0xe7, 0xff,
    0xbe, 0xe7, 0xff, 0xbe, 0xe7, 0xff, 0xbe, 0xe7, 0xff, 0xba, 0x96, 0xff, 0x54, 0x1d, 0xff, 0xf3, 0x04, 0xff, 0xf3, 0x04, 0xff, 0x75, 0x2d, 0xff,
    0xbe, 0xe7, 0xff, 0xbe, 0xe7, 0xff, 0xbe, 0xe7, 0xff, 0xbe, 0xe7, 0xff, 0xbe, 0xe7, 0xff, 0xbe, 0xe7, 0xff, 0x5d, 0xcf, 0xff, 0xf7, 0x55, 0xff,
    0xf7, 0x55, 0xff, 0xf7, 0x55, 0xff, 0xf7, 0x55, 0xff, 0xf7, 0x55, 0xff, 0xf7, 0x55, 0xff, 0xf7, 0x55, 0xff, 0xf7, 0x55, 0xff, 0xf7, 0x55, 0xff,
    0x3c, 0xbf, 0xff, 0xbe, 0xe7, 0xff, 0xbe, 0xe7, 0xff, 0xbe, 0xe7, 0xff, 0xbe, 0xe7, 0xff, 0xbe, 0xe7, 0xff, 0xbe, 0xe7, 0xff, 0xbe, 0xe7, 0xff,
    0xbe, 0xe7, 0xff, 0xbe, 0xe7, 0xff, 0xbe, 0xe7, 0xff, 0xbe, 0xe7, 0xff, 0xbe, 0xe7, 0xff, 0xbe, 0xe7, 0xff, 0xbe, 0xe7, 0xff, 0xbe, 0xe7, 0xff,
    0xbe, 0xe7, 0xff, 0xbe, 0xe7, 0xff, 0xbe, 0xe7, 0xff, 0xbe, 0xe7, 0xff, 0xdb, 0x9e, 0xff, 0xf3, 0x04, 0xff, 0xf3, 0x04, 0xff, 0x54, 0x1d, 0xff,
    0xbe, 0xe7, 0xff, 0xbe, 0xe7, 0xff, 0xbe, 0xe7, 0xff, 0xbe, 0xe7, 0xff, 0xbe, 0xe7, 0xff, 0xbe, 0xe7, 0xff, 0xbe, 0xe7, 0xff, 0xbe, 0xe7, 0xff,
    0xbe, 0xe7, 0xff, 0xbe, 0xe7, 0xff, 0xbe, 0xe7, 0xff, 0xbe, 0xe7, 0xff, 0xbe, 0xe7, 0xff, 0xbe, 0xe7, 0xff, 0xbe, 0xe7, 0xff, 0xbe, 0xe7, 0xff,
    0xbe, 0xe7, 0xff, 0xbe, 0xe7, 0xff, 0xbe, 0xe7, 0xff, 0xbe, 0xe7, 0xff, 0xbe, 0xe7, 0xff, 0x99, 0x86, 0xff, 0x34, 0x1d, 0xff, 0x34, 0x1d, 0xff,
    0x34, 0x1d, 0xff, 0x34, 0x1d, 0xff, 0x34, 0x1d, 0xff, 0x34, 0x1d, 0xff, 0x96, 0x3d, 0xff, 0x3c, 0xbf, 0xff, 0xbe, 0xe7, 0xff, 0xbe, 0xe7, 0xff,
    0xbe, 0xe7, 0xff, 0xbe, 0xe7, 0xff, 0xbe, 0xe7, 0xff, 0xbe, 0xe7, 0xff, 0x3c, 0xbf, 0xff, 0xf3, 0x04, 0xff, 0xf3, 0x04, 0xff, 0x13, 0x0d, 0xff,
    0xbe, 0xe7, 0xff, 0xbe, 0xe7, 0xff, 0xbe, 0xe7, 0xff, 0xbe, 0xe7, 0xff, 0xbe, 0xe7, 0xff, 0xbe, 0xe7, 0xff, 0xbe, 0xe7, 0xff, 0xbe, 0xe7, 0xff,
    0xbe, 0xe7, 0xff, 0xbe, 0xe7, 0xff, 0xbe, 0xe7, 0xff, 0xbe, 0xe7, 0xff, 0xbe, 0xe7, 0xff, 0xbe, 0xe7, 0xff, 0xbe, 0xe7, 0xff, 0xbe, 0xe7, 0xff,
    0xbe, 0xe7, 0xff, 0xbe, 0xe7, 0xff, 0xbe, 0xe7, 0xff, 0xbe, 0xe7, 0xff, 0x58, 0x76, 0xff, 0xf3, 0x04, 0xff, 0xf3, 0x04, 0xff, 0xf3, 0x04, 0xff,
    0xf3, 0x04, 0xff, 0xf3, 0x04, 0xff, 0xf3, 0x04, 0xff, 0xf3, 0x04, 0xff, 0xf3, 0x04, 0xff, 0xd6, 0x4d, 0xff, 0xbe, 0xe7, 0xff, 0xbe, 0xe7, 0xff,
    0xbe, 0xe7, 0xff, 0xbe, 0xe7, 0xff, 0xbe, 0xe7, 0xff, 0xbe, 0xe7, 0xff, 0x7d, 0xcf, 0xff, 0xf3, 0x04, 0xff, 0xf3, 0x04, 0xff, 0xf3, 0x04, 0xff,
    0x9e, 0xd7, 0xff, 0xbe, 0xe7, 0xff, 0xbe, 0xe7, 0xff, 0xbe, 0xe7, 0xff, 0xbe, 0xe7, 0xff, 0xbe, 0xe7, 0xff, 0xbe, 0xe7, 0xff, 0xbe, 0xe7, 0xff,
    0xbe, 0xe7, 0xff, 0xbe, 0xe7, 0xff, 0xbe, 0xe7, 0xff, 0xbe, 0xe7, 0xff, 0xbe, 0xe7, 0xff, 0xbe, 0xe7, 0xff, 0xbe, 0xe7, 0xff, 0xbe, 0xe7, 0xff,
    0xbe, 0xe7, 0xff, 0xbe, 0xe7, 0xff, 0xbe, 0xe7, 0xff, 0x58, 0x76, 0xff, 0xf3, 0x04, 0xff, 0xf3, 0x04, 0xff, 0xf3, 0x04, 0xff, 0xf3, 0x04, 0xff,
    0xf3, 0x04, 0xff, 0xf3, 0x04, 0xff, 0xf3, 0x04, 0xff, 0xf3, 0x04, 0xff, 0xf3, 0x04, 0xff, 0x38, 0x66, 0xff, 0xbe, 0xe7, 0xff, 0xbe, 0xe7, 0xff,
    0xbe, 0xe7, 0xff, 0xbe, 0xe7, 0xff, 0xbe, 0xe7, 0xff, 0xbe, 0xe7, 0xff, 0xbe, 0xe7, 0xff, 0x14, 0x0d, 0xff, 0xf3, 0x04, 0xff, 0xf3, 0x04, 0xff,
    0x3c, 0xbf, 0xff, 0xbe, 0xe7, 0xff, 0xbe, 0xe7, 0xff, 0xbe, 0xe7, 0xff, 0xbe, 0xe7, 0xff, 0xbe, 0xe7, 0xff, 0xbe, 0xe7, 0xff, 0xbe, 0xe7, 0xff,
    0xbe, 0xe7, 0xff, 0xbe, 0xe7, 0xff, 0xbe, 0xe7, 0xff, 0x9e, 0xdf, 0xff, 0x7d, 0xcf, 0xff, 0x7d, 0xcf, 0xff, 0x7d, 0xcf, 0xff, 0x7d, 0xcf, 0xff,
    0x7d, 0xcf, 0xff, 0x7d, 0xcf, 0xff, 0x58, 0x76, 0xff, 0xf3, 0x04, 0xff, 0xf3, 0x04, 0xff, 0xf3, 0x04, 0xff, 0x54, 0x1d, 0xff, 0xba, 0x96, 0xff,
    0xba, 0x96, 0xff, 0xba, 0x96, 0xff, 0xba, 0x96, 0xff, 0xba, 0x96, 0xff, 0x1b, 0xaf, 0xff, 0xbe, 0xe7, 0xff, 0xbe, 0xe7, 0xff, 0xbe, 0xe7, 0xff,
    0xbe, 0xe7, 0xff, 0xbe, 0xe7, 0xff, 0xbe, 0xe7, 0xff, 0xbe, 0xe7, 0xff, 0xbe, 0xe7, 0xff, 0x75, 0x2d, 0xff, 0xf3, 0x04, 0xff, 0xf3, 0x04, 0xff,
    0x79, 0x86, 0xff, 0xbe, 0xe7, 0xff, 0xbe, 0xe7, 0xff, 0xbe, 0xe7, 0xff, 0xbe, 0xe7, 0xff, 0xbe, 0xe7, 0xff, 0xbe, 0xe7, 0xff, 0xbe, 0xe7, 0xff,
    0xbe, 0xe7, 0xff, 0xbe, 0xe7, 0xff, 0xdb, 0x9e, 0xff, 0x14, 0x0d, 0xff, 0xf3, 0x04, 0xff, 0xf3, 0x04, 0xff, 0xf3, 0x04, 0xff, 0xf3, 0x04, 0xff,
    0xf3, 0x04, 0xff, 0xf3, 0x04, 0xff, 0xf3, 0x04, 0xff, 0xf3, 0x04, 0xff, 0xf3, 0x04, 0xff, 0x54, 0x1d, 0xff, 0x7d, 0xcf, 0xff, 0xbe, 0xe7, 0xff,
    0xbe, 0xe7, 0xff, 0xbe, 0xe7, 0xff, 0xbe, 0xe7, 0xff, 0xbe, 0xe7, 0xff, 0xbe, 0xe7, 0xff, 0xbe, 0xe7, 0xff, 0xbe, 0xe7, 0xff, 0xbe, 0xe7, 0xff,
    0xbe, 0xe7, 0xff, 0xbe, 0xe7, 0xff, 0xbe, 0xe7, 0xff, 0xbe, 0xe7, 0xff, 0xbe, 0xe7, 0xff, 0x38, 0x66, 0xff, 0xf3, 0x04, 0xff, 0xf3, 0x04, 0xff,
    0x96, 0x3d, 0xff, 0xbe, 0xe7, 0xff, 0xbe, 0xe7, 0xff, 0xbe, 0xe7, 0xff, 0xbe, 0xe7, 0xff, 0xbe, 0xe7, 0xff, 0xbe, 0xe7, 0xff, 0xbe, 0xe7, 0xff,
    0xbe, 0xe7, 0xff, 0xbe, 0xe7, 0xff, 0xf7, 0x55, 0xff, 0xf3, 0x04, 0xff, 0xf3, 0x04, 0xff, 0xf3, 0x04, 0xff, 0xf3, 0x04, 0xff, 0xf3, 0x04, 0xff,
    0xf3, 0x04, 0xff, 0xf3, 0x04, 0xff, 0xf3, 0x04, 0xff, 0xf3, 0x04, 0xff, 0x54, 0x1d, 0xff, 0x7d, 0xcf, 0xff, 0xbe, 0xe7, 0xff, 0xbe, 0xe7, 0xff,
    0xbe, 0xe7, 0xff, 0xbe, 0xe7, 0xff, 0xbe, 0xe7, 0xff, 0xbe, 0xe7, 0xff, 0xbe, 0xe7, 0xff, 0xbe, 0xe7, 0xff, 0xbe, 0xe7, 0xff, 0xbe, 0xe7, 0xff,
    0xbe, 0xe7, 0xff, 0xbe, 0xe7, 0xff, 0xbe, 0xe7, 0xff, 0xbe, 0xe7, 0xff, 0xbe, 0xe7, 0xff, 0x1b, 0xaf, 0xff, 0xf3, 0x04, 0xff, 0xf3, 0x04, 0xff,
    0x13, 0x0d, 0xff, 0x7d, 0xcf, 0xff, 0xbe, 0xe7, 0xff, 0xbe, 0xe7, 0xff, 0xbe, 0xe7, 0xff, 0xbe, 0xe7, 0xff, 0xbe, 0xe7, 0xff, 0xbe, 0xe7, 0xff,
    0xbe, 0xe7, 0xff, 0xbe, 0xe7, 0xff, 0x1b, 0xaf, 0xff, 0x54, 0x1d, 0xff, 0xf3, 0x04, 0xff, 0xf3, 0x04, 0xff, 0xf3, 0x04, 0xff, 0xf3, 0x04, 0xff,
    0xf3, 0x04, 0xff, 0xf3, 0x04, 0xff, 0xf3, 0x04, 0xff, 0x75, 0x2d, 0xff, 0x7d, 0xcf, 0xff, 0xbe, 0xe7, 0xff, 0xbe, 0xe7, 0xff, 0xbe, 0xe7, 0xff,
    0xbe, 0xe7, 0xff, 0xbe, 0xe7, 0xff, 0xbe, 0xe7, 0xff, 0xbe, 0xe7, 0xff, 0xbe, 0xe7, 0xff, 0xbe, 0xe7, 0xff, 0xbe, 0xe7, 0xff, 0xbe, 0xe7, 0xff,
    0xbe, 0xe7, 0xff, 0xbe, 0xe7, 0xff, 0xbe, 0xe7, 0xff, 0xbe, 0xe7, 0xff, 0xbe, 0xe7, 0xff, 0x9e, 0xd7, 0xff, 0x14, 0x0d, 0xff, 0xf3, 0x04, 0xff,
    0xf3, 0x04, 0xff, 0x54, 0x1d, 0xff, 0x99, 0x86, 0xff, 0x1c, 0xaf, 0xff, 0xdb, 0x9e, 0xff, 0x99, 0x86, 0xff, 0xf7, 0x55, 0xff, 0x96, 0x3d, 0xff,
    0xf7, 0x55, 0xff, 0x7d, 0xcf, 0xff, 0xbe, 0xe7, 0xff, 0xbe, 0xe7, 0xff, 0xbe, 0xe7, 0xff, 0xbe, 0xe7, 0xff, 0xbe, 0xe7, 0xff, 0xbe, 0xe7, 0xff,
    0xbe, 0xe7, 0xff, 0xbe, 0xe7, 0xff, 0xbe, 0xe7, 0xff, 0xbe, 0xe7, 0xff, 0xbe, 0xe7, 0xff, 0xbe, 0xe7, 0xff, 0xbe, 0xe7, 0xff, 0xbe, 0xe7, 0xff,
    0xbe, 0xe7, 0xff, 0xbe, 0xe7, 0xff, 0xbe, 0xe7, 0xff, 0xbe, 0xe7, 0xff, 0xbe, 0xe7, 0xff, 0xbe, 0xe7, 0xff, 0xbe, 0xe7, 0xff, 0xbe, 0xe7, 0xff,
    0xbe, 0xe7, 0xff, 0xbe, 0xe7, 0xff, 0xbe, 0xe7, 0xff, 0xbe, 0xe7, 0xff, 0xbe, 0xe7, 0xff, 0xbe, 0xe7, 0xff, 0x99, 0x86, 0xff, 0xf3, 0x04, 0xff,
    0xf3, 0x04, 0xff, 0xf3, 0x04, 0xff, 0xf3, 0x04, 0xff, 0xf3, 0x04, 0xff, 0xf3, 0x04, 0xff, 0xf3, 0x04, 0xff, 0xf3, 0x04, 0xff, 0xf3, 0x04, 0xff,
    0xf3, 0x04, 0xff, 0x96, 0x3d, 0xff, 0xbe, 0xe7, 0xff, 0xbe, 0xe7, 0xff, 0xbe, 0xe7, 0xff, 0xbe, 0xe7, 0xff, 0xbe, 0xe7, 0xff, 0xbe, 0xe7, 0xff,
    0xbe, 0xe7, 0xff, 0xbe, 0xe7, 0xff, 0xbe, 0xe7, 0xff, 0xbe, 0xe7, 0xff, 0xbe, 0xe7, 0xff, 0xbe, 0xe7, 0xff, 0xbe, 0xe7, 0xff, 0xbe, 0xe7, 0xff,
    0xbe, 0xe7, 0xff, 0xbe, 0xe7, 0xff, 0xbe, 0xe7, 0xff, 0xbe, 0xe7, 0xff, 0xbe, 0xe7, 0xff, 0xbe, 0xe7, 0xff, 0xbe, 0xe7, 0xff, 0xbe, 0xe7, 0xff,
    0xbe, 0xe7, 0xff, 0xbe, 0xe7, 0xff, 0xbe, 0xe7, 0xff, 0xbe, 0xe7, 0xff, 0xbe, 0xe7, 0xff, 0xbe, 0xe7, 0xff, 0xbe, 0xe7, 0xff, 0x58, 0x76, 0xff,
    0x14, 0x0d, 0xff, 0xf3, 0x04, 0xff, 0xf3, 0x04, 0xff, 0xf3, 0x04, 0xff, 0xf3, 0x04, 0xff, 0xf3, 0x04, 0xff, 0xf3, 0x04, 0xff, 0xf3, 0x04, 0xff,
    0xf3, 0x04, 0xff, 0xf3, 0x04, 0xff, 0xbe, 0xe7, 0xff, 0xbe, 0xe7, 0xff, 0xbe, 0xe7, 0xff, 0xbe, 0xe7, 0xff, 0xbe, 0xe7, 0xff, 0xbe, 0xe7, 0xff,
    0xbe, 0xe7, 0xff, 0xbe, 0xe7, 0xff, 0xbe, 0xe7, 0xff, 0xbe, 0xe7, 0xff, 0xbe, 0xe7, 0xff, 0xbe, 0xe7, 0xff, 0xbe, 0xe7, 0xff, 0xbe, 0xe7, 0xff,
    0xbe, 0xe7, 0xff, 0xbe, 0xe7, 0xff, 0xbe, 0xe7, 0xff, 0xbe, 0xe7, 0xff, 0xbe, 0xe7, 0xff, 0xbe, 0xe7, 0xff, 0xbe, 0xe7, 0xff, 0xbe, 0xe7, 0xff,
    0xbe, 0xe7, 0xff, 0xbe, 0xe7, 0xff, 0xbe, 0xe7, 0xff, 0xbe, 0xe7, 0xff, 0xbe, 0xe7, 0xff, 0xbe, 0xe7, 0xff, 0xbe, 0xe7, 0xff, 0xbe, 0xe7, 0xff,
    0x5d, 0xcf, 0xff, 0xba, 0x96, 0xff, 0x96, 0x3d, 0xff, 0x75, 0x2d, 0xff, 0x75, 0x2d, 0xff, 0xf7, 0x55, 0xff, 0xf7, 0x55, 0xff, 0xf3, 0x04, 0xff,
    0xf3, 0x04, 0xff, 0xf3, 0x04, 0xff, 0xbe, 0xe7, 0xff, 0xbe, 0xe7, 0xff, 0xbe, 0xe7, 0xff, 0xbe, 0xe7, 0xff, 0xbe, 0xe7, 0xff, 0xbe, 0xe7, 0xff,
    0xbe, 0xe7, 0xff, 0xbe, 0xe7, 0xff, 0xbe, 0xe7, 0xff, 0xbe, 0xe7, 0xff, 0xbe, 0xe7, 0xff, 0xbe, 0xe7, 0xff, 0xbe, 0xe7, 0xff, 0xbe, 0xe7, 0xff,
    0xbe, 0xe7, 0xff, 0xbe, 0xe7, 0xff, 0xbe, 0xe7, 0xff, 0xbe, 0xe7, 0xff, 0xbe, 0xe7, 0xff, 0xbe, 0xe7, 0xff, 0xbe, 0xe7, 0xff, 0xbe, 0xe7, 0xff,
    0xbe, 0xe7, 0xff, 0xbe, 0xe7, 0xff, 0xbe, 0xe7, 0xff, 0xbe, 0xe7, 0xff, 0xbe, 0xe7, 0xff, 0xbe, 0xe7, 0xff, 0xbe, 0xe7, 0xff, 0xbe, 0xe7, 0xff,
    0xbe, 0xe7, 0xff, 0xbe, 0xe7, 0xff, 0xbe, 0xe7, 0xff, 0xbe, 0xe7, 0xff, 0xbe, 0xe7, 0xff, 0xbe, 0xe7, 0xff, 0xba, 0x8e, 0xff, 0xf3, 0x04, 0xff,
    0xf3, 0x04, 0xff, 0x75, 0x2d, 0xff, 0xbe, 0xe7, 0xff, 0xbe, 0xe7, 0xff, 0xbe, 0xe7, 0xff, 0xbe, 0xe7, 0xff, 0xbe, 0xe7, 0xff, 0xbe, 0xe7, 0xff,
    0xbe, 0xe7, 0xff, 0xbe, 0xe7, 0xff, 0xbe, 0xe7, 0xff, 0xbe, 0xe7, 0xff, 0xbe, 0xe7, 0xff, 0xbe, 0xe7, 0xff, 0xbe, 0xe7, 0xff, 0xbe, 0xe7, 0xff,
    0xbe, 0xe7, 0xff, 0xbe, 0xe7, 0xff, 0xbe, 0xe7, 0xff, 0xbe, 0xe7, 0xff, 0xbe, 0xe7, 0xff, 0xbe, 0xe7, 0xff, 0xbe, 0xe7, 0xff, 0xbe, 0xe7, 0xff,
    0xbe, 0xe7, 0xff, 0xbe, 0xe7, 0xff, 0xbe, 0xe7, 0xff, 0xbe, 0xe7, 0xff, 0xbe, 0xe7, 0xff, 0xbe, 0xe7, 0xff, 0xbe, 0xe7, 0xff, 0xbe, 0xe7, 0xff,
    0xbe, 0xe7, 0xff, 0xbe, 0xe7, 0xff, 0xbe, 0xe7, 0xff, 0xbe, 0xe7, 0xff, 0xbe, 0xe7, 0xff, 0xbe, 0xe7, 0xff, 0x96, 0x3d, 0xff, 0xf3, 0x04, 0xff,
    0xf3, 0x04, 0xff, 0xf7, 0x55, 0xff, 0xbe, 0xe7, 0xff, 0xbe, 0xe7, 0xff, 0xbe, 0xe7, 0xff, 0xbe, 0xe7, 0xff, 0xbe, 0xe7, 0xff, 0xbe, 0xe7, 0xff,
    0xbe, 0xe7, 0xff, 0xbe, 0xe7, 0xff, 0xbe, 0xe7, 0xff, 0xbe, 0xe7, 0xff, 0xbe, 0xe7, 0xff, 0xbe, 0xe7, 0xff, 0xbe, 0xe7, 0xff, 0xbe, 0xe7, 0xff,
    0xbe, 0xe7, 0xff, 0xbe, 0xe7, 0xff, 0xbe, 0xe7, 0xff, 0xbe, 0xe7, 0xff, 0xbe, 0xe7, 0xff, 0xbe, 0xe7, 0xff, 0xbe, 0xe7, 0xff, 0xbe, 0xe7, 0xff,
    0xbe, 0xe7, 0xff, 0xbe, 0xe7, 0xff, 0xbe, 0xe7, 0xff, 0xbe, 0xe7, 0xff, 0xbe, 0xe7, 0xff, 0xbe, 0xe7, 0xff, 0xbe, 0xe7, 0xff, 0xbe, 0xe7, 0xff,
    0xbe, 0xe7, 0xff, 0xbe, 0xe7, 0xff, 0xbe, 0xe7, 0xff, 0xbe, 0xe7, 0xff, 0xbe, 0xe7, 0xff, 0x3c, 0xbf, 0xff, 0xf3, 0x04, 0xff, 0xf3, 0x04, 0xff,
    0xf3, 0x04, 0xff, 0x1c, 0xaf, 0xff, 0xbe, 0xe7, 0xff, 0xbe, 0xe7, 0xff, 0xbe, 0xe7, 0xff, 0xbe, 0xe7, 0xff, 0xbe, 0xe7, 0xff, 0xbe, 0xe7, 0xff,
    0xbe, 0xe7, 0xff, 0xbe, 0xe7, 0xff, 0xbe, 0xe7, 0xff, 0xbe, 0xe7, 0xff, 0xbe, 0xe7, 0xff, 0xbe, 0xe7, 0xff, 0xbe, 0xe7, 0xff, 0xbe, 0xe7, 0xff,
    0xbe, 0xe7, 0xff, 0xbe, 0xe7, 0xff, 0xbe, 0xe7, 0xff, 0xbe, 0xe7, 0xff, 0xbe, 0xe7, 0xff, 0xbe, 0xe7, 0xff, 0xbe, 0xe7, 0xff, 0xbe, 0xe7, 0xff,
    0xbe, 0xe7, 0xff, 0xbe, 0xe7, 0xff, 0xbe, 0xe7, 0xff, 0xbe, 0xe7, 0xff, 0xbe, 0xe7, 0xff, 0xbe, 0xe7, 0xff, 0xbe, 0xe7, 0xff, 0xbe, 0xe7, 0xff,
    0xbe, 0xe7, 0xff, 0xbe, 0xe7, 0xff, 0xbe, 0xe7, 0xff, 0xbe, 0xe7, 0xff, 0xbe, 0xe7, 0xff, 0xf7, 0x55, 0xff, 0xf3, 0x04, 0xff, 0xf3, 0x04, 0xff,
    0x75, 0x2d, 0xff, 0xbe, 0xe7, 0xff, 0xbe, 0xe7, 0xff, 0xbe, 0xe7, 0xff, 0xbe, 0xe7, 0xff, 0xbe, 0xe7, 0xff, 0xbe, 0xe7, 0xff, 0xbe, 0xe7, 0xff,
    0xbe, 0xe7, 0xff, 0xbe, 0xe7, 0xff, 0xbe, 0xe7, 0xff, 0xbe, 0xe7, 0xff, 0xbe, 0xe7, 0xff, 0xbe, 0xe7, 0xff, 0xbe, 0xe7, 0xff, 0xbe, 0xe7, 0xff,
    0xbe, 0xe7, 0xff, 0xbe, 0xe7, 0xff, 0xbe, 0xe7, 0xff, 0xbe, 0xe7, 0xff, 0xbe, 0xe7, 0xff, 0xbe, 0xe7, 0xff, 0xbe, 0xe7, 0xff, 0xbe, 0xe7, 0xff,
    0xbe, 0xe7, 0xff, 0xbe, 0xe7, 0xff, 0xbe, 0xe7, 0xff, 0xbe, 0xe7, 0xff, 0xbe, 0xe7, 0xff, 0xbe, 0xe7, 0xff, 0xbe, 0xe7, 0xff, 0xbe, 0xe7, 0xff,
    0xbe, 0xe7, 0xff, 0xbe, 0xe7, 0xff, 0xbe, 0xe7, 0xff, 0xbe, 0xe7, 0xff, 0xbe, 0xe7, 0xff, 0xf3, 0x04, 0xff, 0xf3, 0x04, 0xff, 0xf3, 0x04, 0xff,
    0xba, 0x8e, 0xff, 0xbe, 0xe7, 0xff, 0xbe, 0xe7, 0xff, 0xbe, 0xe7, 0xff, 0xbe, 0xe7, 0xff, 0xbe, 0xe7, 0xff, 0xbe, 0xe7, 0xff, 0xbe, 0xe7, 0xff,
    0xbe, 0xe7, 0xff, 0xbe, 0xe7, 0xff, 0xbe, 0xe7, 0xff, 0xbe, 0xe7, 0xff, 0xbe, 0xe7, 0xff, 0xbe, 0xe7, 0xff, 0xbe, 0xe7, 0xff, 0xbe, 0xe7, 0xff,
    0xbe, 0xe7, 0xff, 0xbe, 0xe7, 0xff, 0xbe, 0xe7, 0xff, 0xbe, 0xe7, 0xff, 0xbe, 0xe7, 0xff, 0xbe, 0xe7, 0xff, 0xbe, 0xe7, 0xff, 0xbe, 0xe7, 0xff,
    0xbe, 0xe7, 0xff, 0xbe, 0xe7, 0xff, 0xbe, 0xe7, 0xff, 0xbe, 0xe7, 0xff, 0xbe, 0xe7, 0xff, 0xbe, 0xe7, 0xff, 0xbe, 0xe7, 0xff, 0xbe, 0xe7, 0xff,
    0xbe, 0xe7, 0xff, 0xbe, 0xe7, 0xff, 0xbe, 0xe7, 0xff, 0xbe, 0xe7, 0xff, 0xbe, 0xe7, 0xff, 0x58, 0x76, 0xff, 0xf3, 0x04, 0xff, 0xb6, 0x3d, 0xff,
    0xbe, 0xe7, 0xff, 0xbe, 0xe7, 0xff, 0xbe, 0xe7, 0xff, 0xbe, 0xe7, 0xff, 0xbe, 0xe7, 0xff, 0xbe, 0xe7, 0xff, 0xbe, 0xe7, 0xff, 0xbe, 0xe7, 0xff,
    0xbe, 0xe7, 0xff, 0xbe, 0xe7, 0xff, 0xbe, 0xe7, 0xff, 0xbe, 0xe7, 0xff, 0xbe, 0xe7, 0xff, 0xbe, 0xe7, 0xff, 0xbe, 0xe7, 0xff, 0xbe, 0xe7, 0xff,
    0xbe, 0xe7, 0xff, 0xbe, 0xe7, 0xff, 0xbe, 0xe7, 0xff, 0xbe, 0xe7, 0xff, 0xbe, 0xe7, 0xff, 0xbe, 0xe7, 0xff, 0xbe, 0xe7, 0xff, 0xbe, 0xe7, 0xff,
};

const lv_img_dsc_t home_icon_ai_img = {
    .header.cf = LV_IMG_CF_TRUE_COLOR_ALPHA,
    .header.always_zero = 0,
    .header.reserved = 0,
    .header.w = 40,
    .header.h = 40,
    .data_size = 40 * 40 * LV_IMG_PX_SIZE_ALPHA_BYTE,
    .data = home_icon_ai_img_map,
};

static const LV_ATTRIBUTE_MEM_ALIGN LV_ATTRIBUTE_LARGE_CONST uint8_t home_icon_settings_img_map[] = {
    0x9e, 0xef, 0xff, 0x9e, 0xef, 0xff, 0x9e, 0xef, 0xff, 0x9e, 0xef, 0xff, 0x9e, 0xef, 0xff, 0x9e, 0xef, 0xff, 0x9e, 0xef, 0xff, 0x9e, 0xef, 0xff,
    0x9e, 0xef, 0xff, 0x9e, 0xef, 0xff, 0x9e, 0xef, 0xff, 0x9e, 0xef, 0xff, 0x9e, 0xef, 0xff, 0x9e, 0xef, 0xff, 0x9e, 0xef, 0xff, 0x9e, 0xef, 0xff,
    0x9e, 0xef, 0xff, 0x9e, 0xef, 0xff, 0x9e, 0xef, 0xff, 0x9e, 0xef, 0xff, 0x9e, 0xef, 0xff, 0x9e, 0xef, 0xff, 0x9e, 0xef, 0xff, 0x9e, 0xef, 0xff,
    0x9e, 0xef, 0xff, 0x9e, 0xef, 0xff, 0x9e, 0xef, 0xff, 0x9e, 0xef, 0xff, 0x9e, 0xef, 0xff, 0x9e, 0xef, 0xff, 0x9e, 0xef, 0xff, 0x9e, 0xef, 0xff,
    0x9e, 0xef, 0xff, 0x9e, 0xef, 0xff, 0x9e, 0xef, 0xff, 0x9e, 0xef, 0xff, 0x9e, 0xef, 0xff, 0x9e, 0xef, 0xff, 0x9e, 0xef, 0xff, 0x9e, 0xef, 0xff,
    0x9e, 0xef, 0xff, 0x9e, 0xef, 0xff, 0x9e, 0xef, 0xff, 0x9e, 0xef, 0xff, 0x9e, 0xef, 0xff, 0x9e, 0xef, 0xff, 0x9e, 0xef, 0xff, 0x9e, 0xef, 0xff,
    0x9e, 0xef, 0xff, 0x9e, 0xef, 0xff, 0x9e, 0xef, 0xff, 0x9e, 0xef, 0xff, 0x9e, 0xef, 0xff, 0x9e, 0xef, 0xff, 0x9e, 0xef, 0xff, 0x9e, 0xef, 0xff,
    0x9e, 0xef, 0xff, 0x9e, 0xef, 0xff, 0x9e, 0xef, 0xff, 0x9e, 0xef, 0xff, 0x9e, 0xef, 0xff, 0x9e, 0xef, 0xff, 0x9e, 0xef, 0xff, 0x9e, 0xef, 0xff,
    0x9e, 0xef, 0xff, 0x9e, 0xef, 0xff, 0x9e, 0xef, 0xff, 0x9e, 0xef, 0xff, 0x9e, 0xef, 0xff, 0x9e, 0xef, 0xff, 0x9e, 0xef, 0xff, 0x9e, 0xef, 0xff,
    0x9e, 0xef, 0xff, 0x9e, 0xef, 0xff, 0x9e, 0xef, 0xff, 0x9e, 0xef, 0xff, 0x9e, 0xef, 0xff, 0x9e, 0xef, 0xff, 0x9e, 0xef, 0xff, 0x9e, 0xef, 0xff,
    0x9e, 0xef, 0xff, 0x9e, 0xef, 0xff, 0x9e, 0xef, 0xff, 0x9e, 0xef, 0xff, 0x9e, 0xef, 0xff, 0x9e, 0xef, 0xff, 0x9e, 0xef, 0xff, 0x9e, 0xef, 0xff,
    0x9e, 0xef, 0xff, 0x9e, 0xef, 0xff, 0x9e, 0xef, 0xff, 0x9e, 0xef, 0xff, 0x9e, 0xef, 0xff, 0x9e, 0xef, 0xff, 0x9e, 0xef, 0xff, 0x9e, 0xef, 0xff,
    0x9e, 0xef, 0xff, 0x9e, 0xef, 0xff, 0x9e, 0xef, 0xff, 0x9e, 0xef, 0xff, 0x9e, 0xef, 0xff, 0x9e, 0xef, 0xff, 0x9e, 0xef, 0xff, 0x9e, 0xef, 0xff,
    0x9e, 0xef, 0xff, 0x9e, 0xef, 0xff, 0x9e, 0xef, 0xff, 0x9e, 0xef, 0xff, 0x9e, 0xef, 0xff, 0x9e, 0xef, 0xff, 0x9e, 0xef, 0xff, 0x9e, 0xef, 0xff,
    0x9e, 0xef, 0xff, 0x9e, 0xef, 0xff, 0x9e, 0xef, 0xff, 0x9e, 0xef, 0xff, 0x9e, 0xef, 0xff, 0x9e, 0xef, 0xff, 0x9e, 0xef, 0xff, 0x9e, 0xef, 0xff,
    0x9e, 0xef, 0xff, 0x9e, 0xef, 0xff, 0x9e, 0xef, 0xff, 0x9e, 0xef, 0xff, 0x9e, 0xef, 0xff, 0x9e, 0xef, 0xff, 0x9e, 0xef, 0xff, 0x9e, 0xef, 0xff,
    0x9e, 0xef, 0xff, 0x9e, 0xef, 0xff, 0x9e, 0xef, 0xff, 0x9e, 0xef, 0xff, 0x9e, 0xef, 0xff, 0x9e, 0xef, 0xff, 0x9e, 0xef, 0xff, 0x9e, 0xef, 0xff,
    0x9e, 0xef, 0xff, 0x9e, 0xef, 0xff, 0x9e, 0xef, 0xff, 0x9e, 0xef, 0xff, 0x9e, 0xef, 0xff, 0x9e, 0xef, 0xff, 0x9e, 0xef, 0xff, 0x9e, 0xef, 0xff,
    0x9e, 0xef, 0xff, 0x9e, 0xef, 0xff, 0x9e, 0xef, 0xff, 0x9e, 0xef, 0xff, 0x9e, 0xef, 0xff, 0x9e, 0xef, 0xff, 0x9e, 0xef, 0xff, 0x9e, 0xef, 0xff,
    0x9e, 0xef, 0xff, 0x9e, 0xef, 0xff, 0x9e, 0xef, 0xff, 0x9e, 0xef, 0xff, 0x9e, 0xef, 0xff, 0x9e, 0xef, 0xff, 0x9e, 0xef, 0xff, 0x9e, 0xef, 0xff,
    0x9e, 0xef, 0xff, 0x9e, 0xef, 0xff, 0x9e, 0xef, 0xff, 0x9e, 0xef, 0xff, 0x9e, 0xef, 0xff, 0x9e, 0xef, 0xff, 0x9e, 0xef, 0xff, 0x9e, 0xef, 0xff,
    0x9e, 0xef, 0xff, 0x9e, 0xef, 0xff, 0x9e, 0xef, 0xff, 0x9e, 0xef, 0xff, 0x9e, 0xef, 0xff, 0x9e, 0xef, 0xff, 0x9e, 0xef, 0xff, 0x9e, 0xef, 0xff,
    0x9e, 0xef, 0xff, 0x9e, 0xef, 0xff, 0x9e, 0xef, 0xff, 0x9e, 0xef, 0xff, 0x9e, 0xef, 0xff, 0x9e, 0xef, 0xff, 0x9e, 0xef, 0xff, 0x9e, 0xef, 0xff,
    0x9e, 0xef, 0xff, 0x9e, 0xef, 0xff, 0x9e, 0xef, 0xff, 0x9e, 0xef, 0xff, 0x9e, 0xef, 0xff, 0x9e, 0xef, 0xff, 0x9e, 0xef, 0xff, 0x9e, 0xef, 0xff,
    0x9e, 0xef, 0xff, 0x9e, 0xef, 0xff, 0x9e, 0xef, 0xff, 0x9e, 0xef, 0xff, 0x9e, 0xef, 0xff, 0x9e, 0xef, 0xff, 0x9e, 0xef, 0xff, 0x9e, 0xef, 0xff,
    0x9e, 0xef, 0xff, 0x9e, 0xef, 0xff, 0x9e, 0xef, 0xff, 0x9e, 0xef, 0xff, 0x9e, 0xef, 0xff, 0x9e, 0xef, 0xff, 0x9e, 0xef, 0xff, 0x9e, 0xef, 0xff,
    0x9e, 0xef, 0xff, 0x9e, 0xef, 0xff, 0x9e, 0xef, 0xff, 0x9e, 0xef, 0xff, 0x9e, 0xef, 0xff, 0x9e, 0xef, 0xff, 0x9e, 0xef, 0xff, 0x9e, 0xef, 0xff,
    0x9e, 0xef, 0xff, 0x9e, 0xef, 0xff, 0x9e, 0xef, 0xff, 0x9e, 0xef, 0xff, 0x9e, 0xef, 0xff, 0x9e, 0xef, 0xff, 0x9e, 0xef, 0xff, 0x9e, 0xef, 0xff,
    0x9e, 0xef, 0xff, 0x9e, 0xef, 0xff, 0x9e, 0xef, 0xff, 0x9e, 0xef, 0xff, 0x9e, 0xef, 0xff, 0x9e, 0xef, 0xff, 0x9e, 0xef, 0xff, 0x9e, 0xef, 0xff,
    0x9e, 0xef, 0xff, 0x9e, 0xef, 0xff, 0x9e, 0xef, 0xff, 0x9e, 0xef, 0xff, 0x9e, 0xef, 0xff, 0x9e, 0xef, 0xff, 0x9e, 0xef, 0xff, 0x9e, 0xef, 0xff,
    0x9e, 0xef, 0xff, 0x9e, 0xef, 0xff, 0x9e, 0xef, 0xff, 0x9e, 0xef, 0xff, 0x9e, 0xef, 0xff, 0x9e, 0xef, 0xff, 0x9e, 0xef, 0xff, 0x9e, 0xef, 0xff,
    0x9e, 0xef, 0xff, 0x9e, 0xef, 0xff, 0x9e, 0xef, 0xff, 0x9e, 0xef, 0xff, 0x9e, 0xef, 0xff, 0x9e, 0xef, 0xff, 0x9e, 0xef, 0xff, 0x9e, 0xef, 0xff,
    0x9e, 0xef, 0xff, 0x9e, 0xef, 0xff, 0x9e, 0xef, 0xff, 0x9e, 0xef, 0xff, 0x9e, 0xef, 0xff, 0x9e, 0xef, 0xff, 0x9e, 0xef, 0xff, 0x9e, 0xef, 0xff,
    0x9e, 0xef, 0xff, 0x9e, 0xef, 0xff, 0x9e, 0xef, 0xff, 0x9e, 0xef, 0xff, 0x9e, 0xef, 0xff, 0x9e, 0xef, 0xff, 0x9e, 0xef, 0xff, 0x9e, 0xef, 0xff,
    0x9e, 0xef, 0xff, 0x9e, 0xef, 0xff, 0x9e, 0xef, 0xff, 0x9e, 0xef, 0xff, 0x9e, 0xef, 0xff, 0x9e, 0xef, 0xff, 0x9e, 0xef, 0xff, 0x9e, 0xef, 0xff,
    0x9e, 0xef, 0xff, 0x9e, 0xef, 0xff, 0x9e, 0xef, 0xff, 0x9e, 0xef, 0xff, 0x9e, 0xef, 0xff, 0x9e, 0xef, 0xff, 0x9e, 0xef, 0xff, 0x9e, 0xef, 0xff,
    0x9e, 0xef, 0xff, 0x9e, 0xef, 0xff, 0x9e, 0xef, 0xff, 0x9e, 0xef, 0xff, 0x9e, 0xef, 0xff, 0x9e, 0xef, 0xff, 0x9e, 0xef, 0xff, 0x9e, 0xef, 0xff,
    0x5e, 0xe7, 0xff, 0x9b, 0xce, 0xff, 0x9b, 0xce, 0xff, 0x9b, 0xce, 0xff, 0x9b, 0xce, 0xff, 0x9b, 0xce, 0xff, 0x1d, 0xdf, 0xff, 0x9e, 0xef, 0xff,
    0x9e, 0xef, 0xff, 0x9e, 0xef, 0xff, 0x9e, 0xef, 0xff, 0x9e, 0xef, 0xff, 0x9e, 0xef, 0xff, 0x9e, 0xef, 0xff, 0x9e, 0xef, 0xff, 0x9e, 0xef, 0xff,
    0x9e, 0xef, 0xff, 0x9e, 0xef, 0xff, 0x9e, 0xef, 0xff, 0x9e, 0xef, 0xff, 0x9e, 0xef, 0xff, 0x9e, 0xef, 0xff, 0x9e, 0xef, 0xff, 0x9e, 0xef, 0xff,
    0x9e, 0xef, 0xff, 0x9e, 0xef, 0xff, 0x9e, 0xef, 0xff, 0x9e, 0xef, 0xff, 0x9e, 0xef, 0xff, 0x9e, 0xef, 0xff, 0x9e, 0xef, 0xff, 0x9e, 0xef, 0xff,
    0x9e, 0xef, 0xff, 0x9e, 0xef, 0xff, 0x9e, 0xef, 0xff, 0x9e, 0xef, 0xff, 0x9e, 0xef, 0xff, 0x9e, 0xef, 0xff, 0x9e, 0xef, 0xff, 0x9e, 0xef, 0xff,
    0x98, 0xad, 0xff, 0xb1, 0x63, 0xff, 0xb1, 0x63, 0xff, 0xb1, 0x63, 0xff, 0xb1, 0x63, 0xff, 0xb1, 0x63, 0xff, 0xf5, 0x8c, 0xff, 0x9e, 0xef, 0xff,
    0x9e, 0xef, 0xff, 0x9e, 0xef, 0xff, 0x9e, 0xef, 0xff, 0x9e, 0xef, 0xff, 0x9e, 0xef, 0xff, 0x9e, 0xef, 0xff, 0x9e, 0xef, 0xff, 0x9e, 0xef, 0xff,
    0x9e, 0xef, 0xff, 0x9e, 0xef, 0xff, 0x9e, 0xef, 0xff, 0x9e, 0xef, 0xff, 0x9e, 0xef, 0xff, 0x9e, 0xef, 0xff, 0x9e, 0xef, 0xff, 0x9e, 0xef, 0xff,
    0x9e, 0xef, 0xff, 0x9e, 0xef, 0xff, 0x9e, 0xef, 0xff, 0x9e, 0xef, 0xff, 0x9e, 0xef, 0xff, 0x9e, 0xef, 0xff, 0x9e, 0xef, 0xff, 0x9e, 0xef, 0xff,
    0x9e, 0xef, 0xff, 0x9e, 0xef, 0xff, 0x9e, 0xef, 0xff, 0x9e, 0xef, 0xff, 0x9e, 0xef, 0xff, 0x9e, 0xef, 0xff, 0x9e, 0xef, 0xff, 0x9e, 0xef, 0xff,
    0x16, 0x95, 0xff, 0xb1, 0x63, 0xff, 0xb1, 0x63, 0xff, 0xb1, 0x63, 0xff, 0xb1, 0x63, 0xff, 0xb1, 0x63, 0xff, 0x32, 0x74, 0xff, 0x9e, 0xef, 0xff,
    0x9e, 0xef, 0xff, 0x9e, 0xef, 0xff, 0x9e, 0xef, 0xff, 0x9e, 0xef, 0xff, 0x9e, 0xef, 0xff, 0x9e, 0xef, 0xff, 0x9e, 0xef, 0xff, 0x9e, 0xef, 0xff,
    0x9e, 0xef, 0xff, 0x9e, 0xef, 0xff, 0x9e, 0xef, 0xff, 0x9e, 0xef, 0xff, 0x9e, 0xef, 0xff, 0x9e, 0xef, 0xff, 0x9e, 0xef, 0xff, 0x9e, 0xef, 0xff,
    0x9e, 0xef, 0xff, 0x9e, 0xef, 0xff, 0x9e, 0xef, 0xff, 0x9e, 0xef, 0xff, 0x9e, 0xef, 0xff, 0x9e, 0xef, 0xff, 0x9e, 0xef, 0xff, 0x9e, 0xef, 0xff,
    0x9e, 0xef, 0xff, 0x9e, 0xef, 0xff, 0x9e, 0xef, 0xff, 0x9e, 0xef, 0xff, 0x9e, 0xef, 0xff, 0x9e, 0xef, 0xff, 0x9e, 0xef, 0xff, 0x9e, 0xef, 0xff,
    0xb4, 0x84, 0xff, 0xb1, 0x63, 0xff, 0xb1, 0x63, 0xff, 0xb1, 0x63, 0xff, 0xb1, 0x63, 0xff, 0xb1, 0x63, 0xff, 0xb1, 0x63, 0xff, 0x9e, 0xef, 0xff,
    0x9e, 0xef, 0xff, 0x9e, 0xef, 0xff, 0x9e, 0xef, 0xff, 0x9e, 0xef, 0xff, 0x9e, 0xef, 0xff, 0x9e, 0xef, 0xff, 0x9e, 0xef, 0xff, 0x9e, 0xef, 0xff,
    0x9e, 0xef, 0xff, 0x9e, 0xef, 0xff, 0x9e, 0xef, 0xff, 0x9e, 0xef, 0xff, 0x9e, 0xef, 0xff, 0x9e, 0xef, 0xff, 0x9e, 0xef, 0xff, 0x9e, 0xef, 0xff,
    0x9e, 0xef, 0xff, 0x9e, 0xef, 0xff, 0x9e, 0xef, 0xff, 0x9e, 0xef, 0xff, 0x9e, 0xef, 0xff, 0x9e, 0xef, 0xff, 0x9e, 0xef, 0xff, 0x9e, 0xef, 0xff,
    0x9e, 0xef, 0xff, 0x9e, 0xef, 0xff, 0xd8, 0xb5, 0xff, 0x19, 0xbe, 0xff, 0x9e, 0xef, 0xff, 0x9e, 0xef, 0xff, 0x9e, 0xef, 0xff, 0x9b, 0xce, 0xff,
    0xf2, 0x6b, 0xff, 0xb1, 0x63, 0xff, 0xb1, 0x63, 0xff, 0xb1, 0x63, 0xff, 0xb1, 0x63, 0xff, 0xb1, 0x63, 0xff, 0xb1, 0x63, 0xff, 0xd8, 0xb5, 0xff,
    0x9e, 0xef, 0xff, 0x9e, 0xef, 0xff, 0x9e, 0xef, 0xff, 0x9b, 0xce, 0xff, 0x77, 0xa5, 0xff, 0x9e, 0xef, 0xff, 0x9e, 0xef, 0xff, 0x9e, 0xef, 0xff,
    0x9e, 0xef, 0xff, 0x9e, 0xef, 0xff, 0x9e, 0xef, 0xff, 0x9e, 0xef, 0xff, 0x9e, 0xef, 0xff, 0x9e, 0xef, 0xff, 0x9e, 0xef, 0xff, 0x9e, 0xef, 0xff,
    0x9e, 0xef, 0xff, 0x9e, 0xef, 0xff, 0x9e, 0xef, 0xff, 0x9e, 0xef, 0xff, 0x9e, 0xef, 0xff, 0x9e, 0xef, 0xff, 0x9e, 0xef, 0xff, 0x9e, 0xef, 0xff,
    0x9e, 0xef, 0xff, 0x1d, 0xdf, 0xff, 0xb1, 0x63, 0xff, 0xb1, 0x63, 0xff, 0x32, 0x74, 0xff, 0x16, 0x95, 0xff, 0xd5, 0x8c, 0xff, 0xb1, 0x63, 0xff,
    0xb1, 0x63, 0xff, 0xb1, 0x63, 0xff, 0xb1, 0x63, 0xff, 0xb1, 0x63, 0xff, 0xb1, 0x63, 0xff, 0xb1, 0x63, 0xff, 0xb1, 0x63, 0xff, 0xb1, 0x63, 0xff,
    0x32, 0x74, 0xff, 0x98, 0xad, 0xff, 0x73, 0x7c, 0xff, 0xb1, 0x63, 0xff, 0xb1, 0x63, 0xff, 0x98, 0xad, 0xff, 0x9e, 0xef, 0xff, 0x9e, 0xef, 0xff,
    0x9e, 0xef, 0xff, 0x9e, 0xef, 0xff, 0x9e, 0xef, 0xff, 0x9e, 0xef, 0xff, 0x9e, 0xef, 0xff, 0x9e, 0xef, 0xff, 0x9e, 0xef, 0xff, 0x9e, 0xef, 0xff,
    0x9e, 0xef, 0xff, 0x9e, 0xef, 0xff, 0x9e, 0xef, 0xff, 0x9e, 0xef, 0xff, 0x9e, 0xef, 0xff, 0x9e, 0xef, 0xff, 0x9e, 0xef, 0xff, 0x9e, 0xef, 0xff,
    0x9e, 0xef, 0xff, 0x33, 0x74, 0xff, 0xb1, 0x63, 0xff, 0xb1, 0x63, 0xff, 0xb1, 0x63, 0xff, 0xb1, 0x63, 0xff, 0xb1, 0x63, 0xff, 0xb1, 0x63, 0xff,
    0xb1, 0x63, 0xff, 0xb1, 0x63, 0xff, 0xb1, 0x63, 0xff, 0xb1, 0x63, 0xff, 0xb1, 0x63, 0xff, 0xb1, 0x63, 0xff, 0xb1, 0x63, 0xff, 0xb1, 0x63, 0xff,
    0xb1, 0x63, 0xff, 0xb1, 0x63, 0xff, 0xb1, 0x63, 0xff, 0xb1, 0x63, 0xff, 0xb1, 0x63, 0xff, 0xf2, 0x6b, 0xff, 0x5e, 0xe7, 0xff, 0x9e, 0xef, 0xff,
    0x9e, 0xef, 0xff, 0x9e, 0xef, 0xff, 0x9e, 0xef, 0xff, 0x9e, 0xef, 0xff, 0x9e, 0xef, 0xff, 0x9e, 0xef, 0xff, 0x9e, 0xef, 0xff, 0x9e, 0xef, 0xff,
    0x9e, 0xef, 0xff, 0x9e, 0xef, 0xff, 0x9e, 0xef, 0xff, 0x9e, 0xef, 0xff, 0x9e, 0xef, 0xff, 0x9e, 0xef, 0xff, 0x9e, 0xef, 0xff, 0x9e, 0xef, 0xff,
    0x19, 0xbe, 0xff, 0xb1, 0x63, 0xff, 0xb1, 0x63, 0xff, 0xb1, 0x63, 0xff, 0xb1, 0x63, 0xff, 0xb1, 0x63, 0xff, 0xb1, 0x63, 0xff, 0xb1, 0x63, 0xff,
    0xb1, 0x63, 0xff, 0xb1, 0x63, 0xff, 0xb1, 0x63, 0xff, 0xb1, 0x63, 0xff, 0xb1, 0x63, 0xff, 0xb1, 0x63, 0xff, 0xb1, 0x63, 0xff, 0xb1, 0x63, 0xff,
    0xb1, 0x63, 0xff, 0xb1, 0x63, 0xff, 0xb1, 0x63, 0xff, 0xb1, 0x63, 0xff, 0xb1, 0x63, 0xff, 0xb1, 0x63, 0xff, 0x57, 0xa5, 0xff, 0x9e, 0xef, 0xff,
    0x9e, 0xef, 0xff, 0x9e, 0xef, 0xff, 0x9e, 0xef, 0xff, 0x9e, 0xef, 0xff, 0x9e, 0xef, 0xff, 0x9e, 0xef, 0xff, 0x9e, 0xef, 0xff, 0x9e, 0xef, 0xff,
    0x9e, 0xef, 0xff, 0x9e, 0xef, 0xff, 0x9e, 0xef, 0xff, 0x9e, 0xef, 0xff, 0x9e, 0xef, 0xff, 0x9e, 0xef, 0xff, 0x9e, 0xef, 0xff, 0x5e, 0xe7, 0xff,
    0x33, 0x74, 0xff, 0xb1, 0x63, 0xff, 0xb1, 0x63, 0xff, 0xb1, 0x63, 0xff, 0xb1, 0x63, 0xff, 0xb1, 0x63, 0xff, 0xb1, 0x63, 0xff, 0xb1, 0x63, 0xff,
    0xb1, 0x63, 0xff, 0xb1, 0x63, 0xff, 0x33, 0x74, 0xff, 0xb4, 0x84, 0xff, 0xb4, 0x84, 0xff, 0xb1, 0x63, 0xff, 0xb1, 0x63, 0xff, 0xb1, 0x63, 0xff,
    0xb1, 0x63, 0xff, 0xb1, 0x63, 0xff, 0xb1, 0x63, 0xff, 0xb1, 0x63, 0xff, 0xb1, 0x63, 0xff, 0xb1, 0x63, 0xff, 0xb1, 0x63, 0xff, 0x9b, 0xce, 0xff,
    0x9e, 0xef, 0xff, 0x9e, 0xef, 0xff, 0x9e, 0xef, 0xff, 0x9e, 0xef, 0xff, 0x9e, 0xef, 0xff, 0x9e, 0xef, 0xff, 0x9e, 0xef, 0xff, 0x9e, 0xef, 0xff,
    0x9e, 0xef, 0xff, 0x9e, 0xef, 0xff, 0x9e, 0xef, 0xff, 0x9e, 0xef, 0xff, 0x9e, 0xef, 0xff, 0x9e, 0xef, 0xff, 0x9e, 0xef, 0xff, 0xdc, 0xd6, 0xff,
    0xb1, 0x63, 0xff, 0xb1, 0x63, 0xff, 0xb1, 0x63, 0xff, 0xb1, 0x63, 0xff, 0xb1, 0x63, 0xff, 0xb1, 0x63, 0xff, 0xb1, 0x63, 0xff, 0xb1, 0x63, 0xff,
    0x32, 0x74, 0xff, 0x9b, 0xce, 0xff, 0x9e, 0xef, 0xff, 0x9e, 0xef, 0xff, 0x9e, 0xef, 0xff, 0x1d, 0xdf, 0xff, 0x73, 0x7c, 0xff, 0xb1, 0x63, 0xff,
    0xb1, 0x63, 0xff, 0xb1, 0x63, 0xff, 0xb1, 0x63, 0xff, 0xb1, 0x63, 0xff, 0xb1, 0x63, 0xff, 0xb1, 0x63, 0xff, 0xb1, 0x63, 0xff, 0x19, 0xbe, 0xff,
    0x9e, 0xef, 0xff, 0x9e, 0xef, 0xff, 0x9e, 0xef, 0xff, 0x9e, 0xef, 0xff, 0x9e, 0xef, 0xff, 0x9e, 0xef, 0xff, 0x9e, 0xef, 0xff, 0x9e, 0xef, 0xff,
    0x9e, 0xef, 0xff, 0x9e, 0xef, 0xff, 0x9e, 0xef, 0xff, 0x9e, 0xef, 0xff, 0x9e, 0xef, 0xff, 0x9e, 0xef, 0xff, 0x9e, 0xef, 0xff, 0x9e, 0xef, 0xff,
    0xdc, 0xd6, 0xff, 0x33, 0x74, 0xff, 0xb1, 0x63, 0xff, 0xb1, 0x63, 0xff, 0xb1, 0x63, 0xff, 0xb1, 0x63, 0xff, 0xb1, 0x63, 0xff, 0xb1, 0x63, 0xff,
    0x1d, 0xdf, 0xff, 0x9e, 0xef, 0xff, 0x9e, 0xef, 0xff, 0x9e, 0xef, 0xff, 0x9e, 0xef, 0xff, 0x9e, 0xef, 0xff, 0x5e, 0xe7, 0xff, 0x33, 0x74, 0xff,
    0xb1, 0x63, 0xff, 0xb1, 0x63, 0xff, 0xb1, 0x63, 0xff, 0xb1, 0x63, 0xff, 0xb1, 0x63, 0xff, 0xb1, 0x63, 0xff, 0xd8, 0xb5, 0xff, 0x9e, 0xef, 0xff,
    0x9e, 0xef, 0xff, 0x9e, 0xef, 0xff, 0x9e, 0xef, 0xff, 0x9e, 0xef, 0xff, 0x9e, 0xef, 0xff, 0x9e, 0xef, 0xff, 0x9e, 0xef, 0xff, 0x9e, 0xef, 0xff,
    0x9e, 0xef, 0xff, 0x9e, 0xef, 0xff, 0x9e, 0xef, 0xff, 0x9e, 0xef, 0xff, 0x9e, 0xef, 0xff, 0x9e, 0xef, 0xff, 0x9e, 0xef, 0xff, 0x9e, 0xef, 0xff,
    0x9e, 0xef, 0xff, 0x1d, 0xdf, 0xff, 0x73, 0x7c, 0xff, 0xb1, 0x63, 0xff, 0xb1, 0x63, 0xff, 0xb1, 0x63, 0xff, 0xb1, 0x63, 0xff, 0x16, 0x95, 0xff,
    0x9e, 0xef, 0xff, 0x9e, 0xef, 0xff, 0x9e, 0xef, 0xff, 0x9e, 0xef, 0xff, 0x9e, 0xef, 0xff, 0x9e, 0xef, 0xff, 0x9e, 0xef, 0xff, 0x19, 0xbe, 0xff,
    0xb1, 0x63, 0xff, 0xb1, 0x63, 0xff, 0xb1, 0x63, 0xff, 0xb1, 0x63, 0xff, 0x32, 0x74, 0xff, 0xdc, 0xd6, 0xff, 0x9e, 0xef, 0xff, 0x9e, 0xef, 0xff,
    0x9e, 0xef, 0xff, 0x9e, 0xef, 0xff, 0x9e, 0xef, 0xff, 0x9e, 0xef, 0xff, 0x9e, 0xef, 0xff, 0x9e, 0xef, 0xff, 0x9e, 0xef, 0xff, 0x9e, 0xef, 0xff,
    0x9e, 0xef, 0xff, 0x9e, 0xef, 0xff, 0x9e, 0xef, 0xff, 0x9e, 0xef, 0xff, 0x9e, 0xef, 0xff, 0x9e, 0xef, 0xff, 0x9e, 0xef, 0xff, 0x9e, 0xef, 0xff,
    0x9e, 0xef, 0xff, 0x9e, 0xef, 0xff, 0x57, 0xa5, 0xff, 0xb1, 0x63, 0xff, 0xb1, 0x63, 0xff, 0xb1, 0x63, 0xff, 0xb1, 0x63, 0xff, 0x19, 0xbe, 0xff,
    0x9e, 0xef, 0xff, 0x9e, 0xef, 0xff, 0x9e, 0xef, 0xff, 0x9e, 0xef, 0xff, 0x9e, 0xef, 0xff, 0x9e, 0xef, 0xff, 0x9e, 0xef, 0xff, 0x1d, 0xdf, 0xff,
    0xb1, 0x63, 0xff, 0xb1, 0x63, 0xff, 0xb1, 0x63, 0xff, 0xb1, 0x63, 0xff, 0xb4, 0x84, 0xff, 0x9e, 0xef, 0xff, 0x9e, 0xef, 0xff, 0x9e, 0xef, 0xff,
    0x9e, 0xef, 0xff, 0x9e, 0xef, 0xff, 0x9e, 0xef, 0xff, 0x9e, 0xef, 0xff, 0x9e, 0xef, 0xff, 0x9e, 0xef, 0xff, 0x9e, 0xef, 0xff, 0x9e, 0xef, 0xff,
    0x9e, 0xef, 0xff, 0x9e, 0xef, 0xff, 0x9e, 0xef, 0xff, 0x9e, 0xef, 0xff, 0x9e, 0xef, 0xff, 0x9e, 0xef, 0xff, 0x9e, 0xef, 0xff, 0x9e, 0xef, 0xff,
    0x9e, 0xef, 0xff, 0x9e, 0xef, 0xff, 0x57, 0xa5, 0xff, 0xb1, 0x63, 0xff, 0xb1, 0x63, 0xff, 0xb1, 0x63, 0xff, 0xb1, 0x63, 0xff, 0x19, 0xbe, 0xff,
    0x9e, 0xef, 0xff, 0x9e, 0xef, 0xff, 0x9e, 0xef, 0xff, 0x9e, 0xef, 0xff, 0x9e, 0xef, 0xff, 0x9e, 0xef, 0xff, 0x9e, 0xef, 0xff, 0xdc, 0xd6, 0xff,
    0xb1, 0x63, 0xff, 0xb1, 0x63, 0xff, 0xb1, 0x63, 0xff, 0xb1, 0x63, 0xff, 0xb4, 0x84, 0xff, 0x9e, 0xef, 0xff, 0x9e, 0xef, 0xff, 0x9e, 0xef, 0xff,
    0x9e, 0xef, 0xff, 0x9e, 0xef, 0xff, 0x9e, 0xef, 0xff, 0x9e, 0xef, 0xff, 0x9e, 0xef, 0xff, 0x9e, 0xef, 0xff, 0x9e, 0xef, 0xff, 0x9e, 0xef, 0xff,
    0x9e, 0xef, 0xff, 0x9e, 0xef, 0xff, 0x9e, 0xef, 0xff, 0x9e, 0xef, 0xff, 0x9e, 0xef, 0xff, 0x9e, 0xef, 0xff, 0x9e, 0xef, 0xff, 0x9e, 0xef, 0xff,
    0x9e, 0xef, 0xff, 0x1d, 0xdf, 0xff, 0x73, 0x7c, 0xff, 0xb1, 0x63, 0xff, 0xb1, 0x63, 0xff, 0xb1, 0x63, 0xff, 0xb1, 0x63, 0xff, 0x57, 0xa5, 0xff,
    0x9e, 0xef, 0xff, 0x9e, 0xef, 0xff, 0x9e, 0xef, 0xff, 0x9e, 0xef, 0xff, 0x9e, 0xef, 0xff, 0x9e, 0xef, 0xff, 0x9e, 0xef, 0xff, 0x19, 0xbe, 0xff,
    0xb1, 0x63, 0xff, 0xb1, 0x63, 0xff, 0xb1, 0x63, 0xff, 0xb1, 0x63, 0xff, 0xf2, 0x6b, 0xff, 0x1d, 0xdf, 0xff, 0x9e, 0xef, 0xff, 0x9e, 0xef, 0xff,
    0x9e, 0xef, 0xff, 0x9e, 0xef, 0xff, 0x9e, 0xef, 0xff, 0x9e, 0xef, 0xff, 0x9e, 0xef, 0xff, 0x9e, 0xef, 0xff, 0x9e, 0xef, 0xff, 0x9e, 0xef, 0xff,
    0x9e, 0xef, 0xff, 0x9e, 0xef, 0xff, 0x9e, 0xef, 0xff, 0x9e, 0xef, 0xff, 0x9e, 0xef, 0xff, 0x9e, 0xef, 0xff, 0x9e, 0xef, 0xff, 0x9e, 0xef, 0xff,
    0x9b, 0xce, 0xff, 0x33, 0x74, 0xff, 0xb1, 0x63, 0xff, 0xb1, 0x63, 0xff, 0xb1, 0x63, 0xff, 0xb1, 0x63, 0xff, 0xb1, 0x63, 0xff, 0xf2, 0x6b, 0xff,
    0x1d, 0xdf, 0xff, 0x9e, 0xef, 0xff, 0x9e, 0xef, 0xff, 0x9e, 0xef, 0xff, 0x9e, 0xef, 0xff, 0x9e, 0xef, 0xff, 0x5e, 0xe7, 0xff, 0x33, 0x74, 0xff,
    0xb1, 0x63, 0xff, 0xb1, 0x63, 0xff, 0xb1, 0x63, 0xff, 0xb1, 0x63, 0xff, 0xb1, 0x63, 0xff, 0xb1, 0x63, 0xff, 0xd8, 0xb5, 0xff, 0x9e, 0xef, 0xff,
    0x9e, 0xef, 0xff, 0x9e, 0xef, 0xff, 0x9e, 0xef, 0xff, 0x9e, 0xef, 0xff, 0x9e, 0xef, 0xff, 0x9e, 0xef, 0xff, 0x9e, 0xef, 0xff, 0x9e, 0xef, 0xff,
    0x9e, 0xef, 0xff, 0x9e, 0xef, 0xff, 0x9e, 0xef, 0xff, 0x9e, 0xef, 0xff, 0x9e, 0xef, 0xff, 0x9e, 0xef, 0xff, 0x9e, 0xef, 0xff, 0xdc, 0xd6, 0xff,
    0xb1, 0x63, 0xff, 0xb1, 0x63, 0xff, 0xb1, 0x63, 0xff, 0xb1, 0x63, 0xff, 0xb1, 0x63, 0xff, 0xb1, 0x63, 0xff, 0xb1, 0x63, 0xff, 0xb1, 0x63, 0xff,
    0x32, 0x74, 0xff, 0x5a, 0xc6, 0xff, 0x9e, 0xef, 0xff, 0x9e, 0xef, 0xff, 0x9e, 0xef, 0xff, 0x1d, 0xdf, 0xff, 0x73, 0x7c, 0xff, 0xb1, 0x63, 0xff,
    0xb1, 0x63, 0xff, 0xb1, 0x63, 0xff, 0xb1, 0x63, 0xff, 0xb1, 0x63, 0xff, 0xb1, 0x63, 0xff, 0xb1, 0x63, 0xff, 0xb1, 0x63, 0xff, 0x19, 0xbe, 0xff,
    0x9e, 0xef, 0xff, 0x9e, 0xef, 0xff, 0x9e, 0xef, 0xff, 0x9e, 0xef, 0xff, 0x9e, 0xef, 0xff, 0x9e, 0xef, 0xff, 0x9e, 0xef, 0xff, 0x9e, 0xef, 0xff,
    0x9e, 0xef, 0xff, 0x9e, 0xef, 0xff, 0x9e, 0xef, 0xff, 0x9e, 0xef, 0xff, 0x9e, 0xef, 0xff, 0x9e, 0xef, 0xff, 0x9e, 0xef, 0xff, 0x5e, 0xe7, 0xff,
    0xf2, 0x6b, 0xff, 0xb1, 0x63, 0xff, 0xb1, 0x63, 0xff, 0xb1, 0x63, 0xff, 0xb1, 0x63, 0xff, 0xb1, 0x63, 0xff, 0xb1, 0x63, 0xff, 0xb1, 0x63, 0xff,
    0xb1, 0x63, 0xff, 0xb1, 0x63, 0xff, 0x73, 0x7c, 0xff, 0xb4, 0x84, 0xff, 0x73, 0x7c, 0xff, 0xb1, 0x63, 0xff, 0xb1, 0x63, 0xff, 0xb1, 0x63, 0xff,
    0xb1, 0x63, 0xff, 0xb1, 0x63, 0xff, 0xb1, 0x63, 0xff, 0xb1, 0x63, 0xff, 0xb1, 0x63, 0xff, 0xb1, 0x63, 0xff, 0xb1, 0x63, 0xff, 0x1d, 0xdf, 0xff,
    0x9e, 0xef, 0xff, 0x9e, 0xef, 0xff, 0x9e, 0xef, 0xff, 0x9e, 0xef, 0xff, 0x9e, 0xef, 0xff, 0x9e, 0xef, 0xff, 0x9e, 0xef, 0xff, 0x9e, 0xef, 0xff,
    0x9e, 0xef, 0xff, 0x9e, 0xef, 0xff, 0x9e, 0xef, 0xff, 0x9e, 0xef, 0xff, 0x9e, 0xef, 0xff, 0x9e, 0xef, 0xff, 0x9e, 0xef, 0xff, 0x9e, 0xef, 0xff,
    0x19, 0xbe, 0xff, 0xb1, 0x63, 0xff, 0xb1, 0x63, 0xff, 0xb1, 0x63, 0xff, 0xb1, 0x63, 0xff, 0xb1, 0x63, 0xff, 0xb1, 0x63, 0xff, 0xb1, 0x63, 0xff,
    0xb1, 0x63, 0xff, 0xb1, 0x63, 0xff, 0xb1, 0x63, 0xff, 0xb1, 0x63, 0xff, 0xb1, 0x63, 0xff, 0xb1, 0x63, 0xff, 0xb1, 0x63, 0xff, 0xb1, 0x63, 0xff,
    0xb1, 0x63, 0xff, 0xb1, 0x63, 0xff, 0xb1, 0x63, 0xff, 0xb1, 0x63, 0xff, 0xb1, 0x63, 0xff, 0xb1, 0x63, 0xff, 0x16, 0x95, 0xff, 0x9e, 0xef, 0xff,
    0x9e, 0xef, 0xff, 0x9e, 0xef, 0xff, 0x9e, 0xef, 0xff, 0x9e, 0xef, 0xff, 0x9e, 0xef, 0xff, 0x9e, 0xef, 0xff, 0x9e, 0xef, 0xff, 0x9e, 0xef, 0xff,
    0x9e, 0xef, 0xff, 0x9e, 0xef, 0xff, 0x9e, 0xef, 0xff, 0x9e, 0xef, 0xff, 0x9e, 0xef, 0xff, 0x9e, 0xef, 0xff, 0x9e, 0xef, 0xff, 0x9e, 0xef, 0xff,
    0x9e, 0xef, 0xff, 0xb4, 0x84, 0xff, 0xb1, 0x63, 0xff, 0xb1, 0x63, 0xff, 0xb1, 0x63, 0xff, 0xb1, 0x63, 0xff, 0xb1, 0x63, 0xff, 0xb1, 0x63, 0xff,
    0xb1, 0x63, 0xff, 0xb1, 0x63, 0xff, 0xb1, 0x63, 0xff, 0xb1, 0x63, 0xff, 0xb1, 0x63, 0xff, 0xb1, 0x63, 0xff, 0xb1, 0x63, 0xff, 0xb1, 0x63, 0xff,
    0xb1, 0x63, 0xff, 0xb1, 0x63, 0xff, 0xb1, 0x63, 0xff, 0xb1, 0x63, 0xff, 0xb1, 0x63, 0xff, 0x32, 0x74, 0xff, 0x1d, 0xdf, 0xff, 0x9e, 0xef, 0xff,
    0x9e, 0xef, 0xff, 0x9e, 0xef, 0xff, 0x9e, 0xef, 0xff, 0x9e, 0xef, 0xff, 0x9e, 0xef, 0xff, 0x9e, 0xef, 0xff, 0x9e, 0xef, 0xff, 0x9e, 0xef, 0xff,
    0x9e, 0xef, 0xff, 0x9e, 0xef, 0xff, 0x9e, 0xef, 0xff, 0x9e, 0xef, 0xff, 0x9e, 0xef, 0xff, 0x9e, 0xef, 0xff, 0x9e, 0xef, 0xff, 0x9e, 0xef, 0xff,
    0x9e, 0xef, 0xff, 0x9b, 0xce, 0xff, 0xb1, 0x63, 0xff, 0xb1, 0x63, 0xff, 0xf2, 0x6b, 0xff, 0x98, 0xad, 0xff, 0x36, 0x9d, 0xff, 0xb1, 0x63, 0xff,
    0xb1, 0x63, 0xff, 0xb1, 0x63, 0xff, 0xb1, 0x63, 0xff, 0xb1, 0x63, 0xff, 0xb1, 0x63, 0xff, 0xb1, 0x63, 0xff, 0xb1, 0x63, 0xff, 0xb1, 0x63, 0xff,
    0xb4, 0x84, 0xff, 0xd8, 0xb5, 0xff, 0x33, 0x74, 0xff, 0xb1, 0x63, 0xff, 0xb1, 0x63, 0xff, 0x98, 0xad, 0xff, 0x9e, 0xef, 0xff, 0x9e, 0xef, 0xff,
    0x9e, 0xef, 0xff, 0x9e, 0xef, 0xff, 0x9e, 0xef, 0xff, 0x9e, 0xef, 0xff, 0x9e, 0xef, 0xff, 0x9e, 0xef, 0xff, 0x9e, 0xef, 0xff, 0x9e, 0xef, 0xff,
    0x9e, 0xef, 0xff, 0x9e, 0xef, 0xff, 0x9e, 0xef, 0xff, 0x9e, 0xef, 0xff, 0x9e, 0xef, 0xff, 0x9e, 0xef, 0xff, 0x9e, 0xef, 0xff, 0x9e, 0xef, 0xff,
    0x9e, 0xef, 0xff, 0x9e, 0xef, 0xff, 0xd8, 0xb5, 0xff, 0x7a, 0xc6, 0xff, 0x9e, 0xef, 0xff, 0x9e, 0xef, 0xff, 0x9e, 0xef, 0xff, 0x9b, 0xce, 0xff,
    0xf2, 0x6b, 0xff, 0xb1, 0x63, 0xff, 0xb1, 0x63, 0xff, 0xb1, 0x63, 0xff, 0xb1, 0x63, 0xff, 0xb1, 0x63, 0xff, 0xb1, 0x63, 0xff, 0xd8, 0xb5, 0xff,
    0x9e, 0xef, 0xff, 0x9e, 0xef, 0xff, 0x9e, 0xef, 0xff, 0x9b, 0xce, 0xff, 0x98, 0xad, 0xff, 0x9e, 0xef, 0xff, 0x9e, 0xef, 0xff, 0x9e, 0xef, 0xff,
    0x9e, 0xef, 0xff, 0x9e, 0xef, 0xff, 0x9e, 0xef, 0xff, 0x9e, 0xef, 0xff, 0x9e, 0xef, 0xff, 0x9e, 0xef, 0xff, 0x9e, 0xef, 0xff, 0x9e, 0xef, 0xff,
    0x9e, 0xef, 0xff, 0x9e, 0xef, 0xff, 0x9e, 0xef, 0xff, 0x9e, 0xef, 0xff, 0x9e, 0xef, 0xff, 0x9e, 0xef, 0xff, 0x9e, 0xef, 0xff, 0x9e, 0xef, 0xff,
    0x9e, 0xef, 0xff, 0x9e, 0xef, 0xff, 0x9e, 0xef, 0xff, 0x9e, 0xef, 0xff, 0x9e, 0xef, 0xff, 0x9e, 0xef, 0xff, 0x9e, 0xef, 0xff, 0x9e, 0xef, 0xff,
    0x73, 0x7c, 0xff, 0xb1, 0x63, 0xff, 0xb1, 0x63, 0xff, 0xb1, 0x63, 0xff, 0xb1, 0x63, 0xff, 0xb1, 0x63, 0xff, 0xb1, 0x63, 0xff, 0x9e, 0xef, 0xff,
    0x9e, 0xef, 0xff, 0x9e, 0xef, 0xff, 0x9e, 0xef, 0xff, 0x9e, 0xef, 0xff, 0x9e, 0xef, 0xff, 0x9e, 0xef, 0xff, 0x9e, 0xef, 0xff, 0x9e, 0xef, 0xff,
    0x9e, 0xef, 0xff, 0x9e, 0xef, 0xff, 0x9e, 0xef, 0xff, 0x9e, 0xef, 0xff, 0x9e, 0xef, 0xff, 0x9e, 0xef, 0xff, 0x9e, 0xef, 0xff, 0x9e, 0xef, 0xff,
    0x9e, 0xef, 0xff, 0x9e, 0xef, 0xff, 0x9e, 0xef, 0xff, 0x9e, 0xef, 0xff, 0x9e, 0xef, 0xff, 0x9e, 0xef, 0xff, 0x9e, 0xef, 0xff, 0x9e, 0xef, 0xff,
    0x9e, 0xef, 0xff, 0x9e, 0xef, 0xff, 0x9e, 0xef, 0xff, 0x9e, 0xef, 0xff, 0x9e, 0xef, 0xff, 0x9e, 0xef, 0xff, 0x9e, 0xef, 0xff, 0x9e, 0xef, 0xff,
    0x16, 0x95, 0xff, 0xb1, 0x63, 0xff, 0xb1, 0x63, 0xff, 0xb1, 0x63, 0xff, 0xb1, 0x63, 0xff, 0xb1, 0x63, 0xff, 0x73, 0x7c, 0xff, 0x9e, 0xef, 0xff,
    0x9e, 0xef, 0xff, 0x9e, 0xef, 0xff, 0x9e, 0xef, 0xff, 0x9e, 0xef, 0xff, 0x9e, 0xef, 0xff, 0x9e, 0xef, 0xff, 0x9e, 0xef, 0xff, 0x9e, 0xef, 0xff,
    0x9e, 0xef, 0xff, 0x9e, 0xef, 0xff, 0x9e, 0xef, 0xff, 0x9e, 0xef, 0xff, 0x9e, 0xef, 0xff, 0x9e, 0xef, 0xff, 0x9e, 0xef, 0xff, 0x9e, 0xef, 0xff,
    0x9e, 0xef, 0xff, 0x9e, 0xef, 0xff, 0x9e, 0xef, 0xff, 0x9e, 0xef, 0xff, 0x9e, 0xef, 0xff, 0x9e, 0xef, 0xff, 0x9e, 0xef, 0xff, 0x9e, 0xef, 0xff,
    0x9e, 0xef, 0xff, 0x9e, 0xef, 0xff, 0x9e, 0xef, 0xff, 0x9e, 0xef, 0xff, 0x9e, 0xef, 0xff, 0x9e, 0xef, 0xff, 0x9e, 0xef, 0xff, 0x9e, 0xef, 0xff,
    0xd8, 0xb5, 0xff, 0xb1, 0x63, 0xff, 0xb1, 0x63, 0xff, 0xb1, 0x63, 0xff, 0xb1, 0x63, 0xff, 0xb1, 0x63, 0xff, 0xb4, 0x84, 0xff, 0x9e, 0xef, 0xff,
    0x9e, 0xef, 0xff, 0x9e, 0xef, 0xff, 0x9e, 0xef, 0xff, 0x9e, 0xef, 0xff, 0x9e, 0xef, 0xff, 0x9e, 0xef, 0xff, 0x9e, 0xef, 0xff, 0x9e, 0xef, 0xff,
    0x9e, 0xef, 0xff, 0x9e, 0xef, 0xff, 0x9e, 0xef, 0xff, 0x9e, 0xef, 0xff, 0x9e, 0xef, 0xff, 0x9e, 0xef, 0xff, 0x9e, 0xef, 0xff, 0x9e, 0xef, 0xff,
    0x9e, 0xef, 0xff, 0x9e, 0xef, 0xff, 0x9e, 0xef, 0xff, 0x9e, 0xef, 0xff, 0x9e, 0xef, 0xff, 0x9e, 0xef, 0xff, 0x9e, 0xef, 0xff, 0x9e, 0xef, 0xff,
    0x9e, 0xef, 0xff, 0x9e, 0xef, 0xff, 0x9e, 0xef, 0xff, 0x9e, 0xef, 0xff, 0x9e, 0xef, 0xff, 0x9e, 0xef, 0xff, 0x9e, 0xef, 0xff, 0x9e, 0xef, 0xff,
    0x1d, 0xdf, 0xff, 0x9b, 0xce, 0xff, 0x9b, 0xce, 0xff, 0x9b, 0xce, 0xff, 0x9b, 0xce, 0xff, 0x9b, 0xce, 0xff, 0x5e, 0xe7, 0xff, 0x9e, 0xef, 0xff,
    0x9e, 0xef, 0xff, 0x9e, 0xef, 0xff, 0x9e, 0xef, 0xff, 0x9e, 0xef, 0xff, 0x9e, 0xef, 0xff, 0x9e, 0xef, 0xff, 0x9e, 0xef, 0xff, 0x9e, 0xef, 0xff,
    0x9e, 0xef, 0xff, 0x9e, 0xef, 0xff, 0x9e, 0xef, 0xff, 0x9e, 0xef, 0xff, 0x9e, 0xef, 0xff, 0x9e, 0xef, 0xff, 0x9e, 0xef, 0xff, 0x9e, 0xef, 0xff,
    0x9e, 0xef, 0xff, 0x9e, 0xef, 0xff, 0x9e, 0xef, 0xff, 0x9e, 0xef, 0xff, 0x9e, 0xef, 0xff, 0x9e, 0xef, 0xff, 0x9e, 0xef, 0xff, 0x9e, 0xef, 0xff,
    0x9e, 0xef, 0xff, 0x9e, 0xef, 0xff, 0x9e, 0xef, 0xff, 0x9e, 0xef, 0xff, 0x9e, 0xef, 0xff, 0x9e, 0xef, 0xff, 0x9e, 0xef, 0xff, 0x9e, 0xef, 0xff,
    0x9e, 0xef, 0xff, 0x9e, 0xef, 0xff, 0x9e, 0xef, 0xff, 0x9e, 0xef, 0xff, 0x9e, 0xef, 0xff, 0x9e, 0xef, 0xff, 0x9e, 0xef, 0xff, 0x9e, 0xef, 0xff,
    0x9e, 0xef, 0xff, 0x9e, 0xef, 0xff, 0x9e, 0xef, 0xff, 0x9e, 0xef, 0xff, 0x9e, 0xef, 0xff, 0x9e, 0xef, 0xff, 0x9e, 0xef, 0xff, 0x9e, 0xef, 0xff,
    0x9e, 0xef, 0xff, 0x9e, 0xef, 0xff, 0x9e, 0xef, 0xff, 0x9e, 0xef, 0xff, 0x9e, 0xef, 0xff, 0x9e, 0xef, 0xff, 0x9e, 0xef, 0xff, 0x9e, 0xef, 0xff,
    0x9e, 0xef, 0xff, 0x9e, 0xef, 0xff, 0x9e, 0xef, 0xff, 0x9e, 0xef, 0xff, 0x9e, 0xef, 0xff, 0x9e, 0xef, 0xff, 0x9e, 0xef, 0xff, 0x9e, 0xef, 0xff,
    0x9e, 0xef, 0xff, 0x9e, 0xef, 0xff, 0x9e, 0xef, 0xff, 0x9e, 0xef, 0xff, 0x9e, 0xef, 0xff, 0x9e, 0xef, 0xff, 0x9e, 0xef, 0xff, 0x9e, 0xef, 0xff,
    0x9e, 0xef, 0xff, 0x9e, 0xef, 0xff, 0x9e, 0xef, 0xff, 0x9e, 0xef, 0xff, 0x9e, 0xef, 0xff, 0x9e, 0xef, 0xff, 0x9e, 0xef, 0xff, 0x9e, 0xef, 0xff,
    0x9e, 0xef, 0xff, 0x9e, 0xef, 0xff, 0x9e, 0xef, 0xff, 0x9e, 0xef, 0xff, 0x9e, 0xef, 0xff, 0x9e, 0xef, 0xff, 0x9e, 0xef, 0xff, 0x9e, 0xef, 0xff,
    0x9e, 0xef, 0xff, 0x9e, 0xef, 0xff, 0x9e, 0xef, 0xff, 0x9e, 0xef, 0xff, 0x9e, 0xef, 0xff, 0x9e, 0xef, 0xff, 0x9e, 0xef, 0xff, 0x9e, 0xef, 0xff,
    0x9e, 0xef, 0xff, 0x9e, 0xef, 0xff, 0x9e, 0xef, 0xff, 0x9e, 0xef, 0xff, 0x9e, 0xef, 0xff, 0x9e, 0xef, 0xff, 0x9e, 0xef, 0xff, 0x9e, 0xef, 0xff,
    0x9e, 0xef, 0xff, 0x9e, 0xef, 0xff, 0x9e, 0xef, 0xff, 0x9e, 0xef, 0xff, 0x9e, 0xef, 0xff, 0x9e, 0xef, 0xff, 0x9e, 0xef, 0xff, 0x9e, 0xef, 0xff,
    0x9e, 0xef, 0xff, 0x9e, 0xef, 0xff, 0x9e, 0xef, 0xff, 0x9e, 0xef, 0xff, 0x9e, 0xef, 0xff, 0x9e, 0xef, 0xff, 0x9e, 0xef, 0xff, 0x9e, 0xef, 0xff,
    0x9e, 0xef, 0xff, 0x9e, 0xef, 0xff, 0x9e, 0xef, 0xff, 0x9e, 0xef, 0xff, 0x9e, 0xef, 0xff, 0x9e, 0xef, 0xff, 0x9e, 0xef, 0xff, 0x9e, 0xef, 0xff,
    0x9e, 0xef, 0xff, 0x9e, 0xef, 0xff, 0x9e, 0xef, 0xff, 0x9e, 0xef, 0xff, 0x9e, 0xef, 0xff, 0x9e, 0xef, 0xff, 0x9e, 0xef, 0xff, 0x9e, 0xef, 0xff,
    0x9e, 0xef, 0xff, 0x9e, 0xef, 0xff, 0x9e, 0xef, 0xff, 0x9e, 0xef, 0xff, 0x9e, 0xef, 0xff, 0x9e, 0xef, 0xff, 0x9e, 0xef, 0xff, 0x9e, 0xef, 0xff,
    0x9e, 0xef, 0xff, 0x9e, 0xef, 0xff, 0x9e, 0xef, 0xff, 0x9e, 0xef, 0xff, 0x9e, 0xef, 0xff, 0x9e, 0xef, 0xff, 0x9e, 0xef, 0xff, 0x9e, 0xef, 0xff,
    0x9e, 0xef, 0xff, 0x9e, 0xef, 0xff, 0x9e, 0xef, 0xff, 0x9e, 0xef, 0xff, 0x9e, 0xef, 0xff, 0x9e, 0xef, 0xff, 0x9e, 0xef, 0xff, 0x9e, 0xef, 0xff,
    0x9e, 0xef, 0xff, 0x9e, 0xef, 0xff, 0x9e, 0xef, 0xff, 0x9e, 0xef, 0xff, 0x9e, 0xef, 0xff, 0x9e, 0xef, 0xff, 0x9e, 0xef, 0xff, 0x9e, 0xef, 0xff,
    0x9e, 0xef, 0xff, 0x9e, 0xef, 0xff, 0x9e, 0xef, 0xff, 0x9e, 0xef, 0xff, 0x9e, 0xef, 0xff, 0x9e, 0xef, 0xff, 0x9e, 0xef, 0xff, 0x9e, 0xef, 0xff,
    0x9e, 0xef, 0xff, 0x9e, 0xef, 0xff, 0x9e, 0xef, 0xff, 0x9e, 0xef, 0xff, 0x9e, 0xef, 0xff, 0x9e, 0xef, 0xff, 0x9e, 0xef, 0xff, 0x9e, 0xef, 0xff,
    0x9e, 0xef, 0xff, 0x9e, 0xef, 0xff, 0x9e, 0xef, 0xff, 0x9e, 0xef, 0xff, 0x9e, 0xef, 0xff, 0x9e, 0xef, 0xff, 0x9e, 0xef, 0xff, 0x9e, 0xef, 0xff,
    0x9e, 0xef, 0xff, 0x9e, 0xef, 0xff, 0x9e, 0xef, 0xff, 0x9e, 0xef, 0xff, 0x9e, 0xef, 0xff, 0x9e, 0xef, 0xff, 0x9e, 0xef, 0xff, 0x9e, 0xef, 0xff,
    0x9e, 0xef, 0xff, 0x9e, 0xef, 0xff, 0x9e, 0xef, 0xff, 0x9e, 0xef, 0xff, 0x9e, 0xef, 0xff, 0x9e, 0xef, 0xff, 0x9e, 0xef, 0xff, 0x9e, 0xef, 0xff,
    0x9e, 0xef, 0xff, 0x9e, 0xef, 0xff, 0x9e, 0xef, 0xff, 0x9e, 0xef, 0xff, 0x9e, 0xef, 0xff, 0x9e, 0xef, 0xff, 0x9e, 0xef, 0xff, 0x9e, 0xef, 0xff,
    0x9e, 0xef, 0xff, 0x9e, 0xef, 0xff, 0x9e, 0xef, 0xff, 0x9e, 0xef, 0xff, 0x9e, 0xef, 0xff, 0x9e, 0xef, 0xff, 0x9e, 0xef, 0xff, 0x9e, 0xef, 0xff,
    0x9e, 0xef, 0xff, 0x9e, 0xef, 0xff, 0x9e, 0xef, 0xff, 0x9e, 0xef, 0xff, 0x9e, 0xef, 0xff, 0x9e, 0xef, 0xff, 0x9e, 0xef, 0xff, 0x9e, 0xef, 0xff,
    0x9e, 0xef, 0xff, 0x9e, 0xef, 0xff, 0x9e, 0xef, 0xff, 0x9e, 0xef, 0xff, 0x9e, 0xef, 0xff, 0x9e, 0xef, 0xff, 0x9e, 0xef, 0xff, 0x9e, 0xef, 0xff,
    0x9e, 0xef, 0xff, 0x9e, 0xef, 0xff, 0x9e, 0xef, 0xff, 0x9e, 0xef, 0xff, 0x9e, 0xef, 0xff, 0x9e, 0xef, 0xff, 0x9e, 0xef, 0xff, 0x9e, 0xef, 0xff,
    0x9e, 0xef, 0xff, 0x9e, 0xef, 0xff, 0x9e, 0xef, 0xff, 0x9e, 0xef, 0xff, 0x9e, 0xef, 0xff, 0x9e, 0xef, 0xff, 0x9e, 0xef, 0xff, 0x9e, 0xef, 0xff,
    0x9e, 0xef, 0xff, 0x9e, 0xef, 0xff, 0x9e, 0xef, 0xff, 0x9e, 0xef, 0xff, 0x9e, 0xef, 0xff, 0x9e, 0xef, 0xff, 0x9e, 0xef, 0xff, 0x9e, 0xef, 0xff,
    0x9e, 0xef, 0xff, 0x9e, 0xef, 0xff, 0x9e, 0xef, 0xff, 0x9e, 0xef, 0xff, 0x9e, 0xef, 0xff, 0x9e, 0xef, 0xff, 0x9e, 0xef, 0xff, 0x9e, 0xef, 0xff,
    0x9e, 0xef, 0xff, 0x9e, 0xef, 0xff, 0x9e, 0xef, 0xff, 0x9e, 0xef, 0xff, 0x9e, 0xef, 0xff, 0x9e, 0xef, 0xff, 0x9e, 0xef, 0xff, 0x9e, 0xef, 0xff,
    0x9e, 0xef, 0xff, 0x9e, 0xef, 0xff, 0x9e, 0xef, 0xff, 0x9e, 0xef, 0xff, 0x9e, 0xef, 0xff, 0x9e, 0xef, 0xff, 0x9e, 0xef, 0xff, 0x9e, 0xef, 0xff,
    0x9e, 0xef, 0xff, 0x9e, 0xef, 0xff, 0x9e, 0xef, 0xff, 0x9e, 0xef, 0xff, 0x9e, 0xef, 0xff, 0x9e, 0xef, 0xff, 0x9e, 0xef, 0xff, 0x9e, 0xef, 0xff,
};

const lv_img_dsc_t home_icon_settings_img = {
    .header.cf = LV_IMG_CF_TRUE_COLOR_ALPHA,
    .header.always_zero = 0,
    .header.reserved = 0,
    .header.w = 40,
    .header.h = 40,
    .data_size = 40 * 40 * LV_IMG_PX_SIZE_ALPHA_BYTE,
    .data = home_icon_settings_img_map,
};

static const LV_ATTRIBUTE_MEM_ALIGN LV_ATTRIBUTE_LARGE_CONST uint8_t home_text_title_img_map[] = {
    0xdf, 0xf7, 0xff, 0xdf, 0xf7, 0xff, 0x9b, 0xce, 0xff, 0x1c, 0xdf, 0xff, 0xdf, 0xf7, 0xff, 0xdf, 0xf7, 0xff, 0xdf, 0xf7, 0xff, 0xdf, 0xf7, 0xff,
    0x7e, 0xef, 0xff, 0x1c, 0xdf, 0xff, 0x1c, 0xdf, 0xff, 0x1c, 0xdf, 0xff, 0x1c, 0xdf, 0xff, 0x1c, 0xdf, 0xff, 0x1c, 0xdf, 0xff, 0x1c, 0xdf, 0xff,
    0xdf, 0xf7, 0xff, 0xdf, 0xf7, 0xff, 0xdf, 0xf7, 0xff, 0xdf, 0xf7, 0xff, 0xdf, 0xf7, 0xff, 0xdf, 0xf7, 0xff, 0xdf, 0xf7, 0xff, 0xdf, 0xf7, 0xff,
    0xdf, 0xf7, 0xff, 0xdf, 0xf7, 0xff, 0xb0, 0x63, 0xff, 0x2f, 0x5b, 0xff, 0xf5, 0x94, 0xff, 0xdf, 0xf7, 0xff, 0xdf, 0xf7, 0xff, 0xdf, 0xf7, 0xff,
    0xdf, 0xf7, 0xff, 0xdf, 0xf7, 0xff, 0xdf, 0xf7, 0xff, 0xdf, 0xf7, 0xff, 0xdf, 0xf7, 0xff, 0xdf, 0xf7, 0xff, 0xdf, 0xf7, 0xff, 0xdf, 0xf7, 0xff,
    0xdf, 0xf7, 0xff, 0xdf, 0xf7, 0xff, 0xdf, 0xf7, 0xff, 0xdf, 0xf7, 0xff, 0xdf, 0xf7, 0xff, 0xdf, 0xf7, 0xff, 0xdf, 0xf7, 0xff, 0xdf, 0xf7, 0xff,
    0xd8, 0xad, 0xff, 0x2f, 0x5b, 0xff, 0xea, 0x29, 0xff, 0x7e, 0xef, 0xff, 0xdf, 0xf7, 0xff, 0xdf, 0xf7, 0xff, 0xdf, 0xf7, 0xff, 0xdf, 0xf7, 0xff,
    0xdf, 0xf7, 0xff, 0xdf, 0xf7, 0xff, 0xdf, 0xf7, 0xff, 0xdf, 0xf7, 0xff, 0xdf, 0xf7, 0xff, 0xdf, 0xf7, 0xff, 0xdf, 0xf7, 0xff, 0xdf, 0xf7, 0xff,
    0xdf, 0xf7, 0xff, 0xdf, 0xf7, 0xff, 0xdf, 0xf7, 0xff, 0xdf, 0xf7, 0xff, 0xdf, 0xf7, 0xff, 0xdf, 0xf7, 0xff, 0xdf, 0xf7, 0xff, 0xdf, 0xf7, 0xff,
    0xdf, 0xf7, 0xff, 0xdf, 0xf7, 0xff, 0xdf, 0xf7, 0xff, 0xdf, 0xf7, 0xff, 0xdf, 0xf7, 0xff, 0xdf, 0xf7, 0xff, 0xdf, 0xf7, 0xff, 0x39, 0xbe, 0xff,
    0x89, 0x19, 0xff, 0xea, 0x29, 0xff, 0x1c, 0xdf, 0xff, 0xdf, 0xf7, 0xff, 0xdf, 0xf7, 0xff, 0xdf, 0xf7, 0xff, 0x56, 0xa5, 0xff, 0x27, 0x11, 0xff,
    0x27, 0x11, 0xff, 0x27, 0x11, 0xff, 0x27, 0x11, 0xff, 0x27, 0x11, 0xff, 0x27, 0x11, 0xff, 0xea, 0x29, 0xff, 0xdf, 0xf7, 0xff, 0xdf, 0xf7, 0xff,
    0xdf, 0xf7, 0xff, 0xdf, 0xf7, 0xff, 0xdf, 0xf7, 0xff, 0xdf, 0xf7, 0xff, 0xdf, 0xf7, 0xff, 0xdf, 0xf7, 0xff, 0xdf, 0xf7, 0xff, 0x73, 0x84, 0xff,
    0x27, 0x11, 0xff, 0x27, 0x11, 0xff, 0xb0, 0x63, 0xff, 0x1c, 0xdf, 0xff, 0x1c, 0xdf, 0xff, 0x1c, 0xdf, 0xff, 0x1c, 0xdf, 0xff, 0x1c, 0xdf, 0xff,
    0x1c, 0xdf, 0xff, 0xdf, 0xf7, 0xff, 0xdf, 0xf7, 0xff, 0xdf, 0xf7, 0xff, 0xdf, 0xf7, 0xff, 0xdf, 0xf7, 0xff, 0xdf, 0xf7, 0xff, 0xdf, 0xf7, 0xff,
    0xdf, 0xf7, 0xff, 0xdf, 0xf7, 0xff, 0xdf, 0xf7, 0xff, 0xdf, 0xf7, 0xff, 0xdf, 0xf7, 0xff, 0xdf, 0xf7, 0xff, 0x39, 0xbe, 0xff, 0x27, 0x11, 0xff,
    0x27, 0x11, 0xff, 0x73, 0x84, 0xff, 0xdf, 0xf7, 0xff, 0xdf, 0xf7, 0xff, 0xdf, 0xf7, 0xff, 0xdf, 0xf7, 0xff, 0xdf, 0xf7, 0xff, 0xdf, 0xf7, 0xff,
    0xdf, 0xf7, 0xff, 0xdf, 0xf7, 0xff, 0xdf, 0xf7, 0xff, 0xdf, 0xf7, 0xff, 0xf5, 0x94, 0xff, 0x73, 0x84, 0xff, 0x73, 0x84, 0xff, 0x73, 0x84, 0xff,
    0x73, 0x84, 0xff, 0x73, 0x84, 0xff, 0x73, 0x84, 0xff, 0x73, 0x84, 0xff, 0x73, 0x84, 0xff, 0x73, 0x84, 0xff, 0x73, 0x84, 0xff, 0x73, 0x84, 0xff,
    0x73, 0x84, 0xff, 0x73, 0x84, 0xff, 0x73, 0x84, 0xff, 0x9b, 0xce, 0xff, 0xdf, 0xf7, 0xff, 0x1c, 0xdf, 0xff, 0xea, 0x29, 0xff, 0x27, 0x11, 0xff,
    0xea, 0x29, 0xff, 0x9b, 0xce, 0xff, 0xdf, 0xf7, 0xff, 0xdf, 0xf7, 0xff, 0x56, 0xa5, 0xff, 0x27, 0x11, 0xff, 0x27, 0x11, 0xff, 0x27, 0x11, 0xff,
    0x27, 0x11, 0xff, 0x27, 0x11, 0xff, 0x27, 0x11, 0xff, 0xea, 0x29, 0xff, 0xdf, 0xf7, 0xff, 0xdf, 0xf7, 0xff, 0xdf, 0xf7, 0xff, 0xdf, 0xf7, 0xff,
    0xdf, 0xf7, 0xff, 0xdf, 0xf7, 0xff, 0xdf, 0xf7, 0xff, 0xdf, 0xf7, 0xff, 0x12, 0x74, 0xff, 0x27, 0x11, 0xff, 0x27, 0x11, 0xff, 0x27, 0x11, 0xff,
    0x27, 0x11, 0xff, 0x27, 0x11, 0xff, 0x27, 0x11, 0xff, 0x27, 0x11, 0xff, 0x27, 0x11, 0xff, 0x27, 0x11, 0xff, 0x27, 0x11, 0xff, 0xb0, 0x63, 0xff,
    0xdf, 0xf7, 0xff, 0xdf, 0xf7, 0xff, 0xdf, 0xf7, 0xff, 0xdf, 0xf7, 0xff, 0xdf, 0xf7, 0xff, 0x39, 0xbe, 0xff, 0x73, 0x84, 0xff, 0x73, 0x84, 0xff,
    0x73, 0x84, 0xff, 0x73, 0x84, 0xff, 0x73, 0x84, 0xff, 0x73, 0x84, 0xff, 0x73, 0x84, 0xff, 0x89, 0x19, 0xff, 0x27, 0x11, 0xff, 0x4c, 0x3a, 0xff,
    0x73, 0x84, 0xff, 0x73, 0x84, 0xff, 0x73, 0x84, 0xff, 0x73, 0x84, 0xff, 0x73, 0x84, 0xff, 0x73, 0x84, 0xff, 0x9b, 0xce, 0xff, 0xdf, 0xf7, 0xff,
    0xdf, 0xf7, 0xff, 0xdf, 0xf7, 0xff, 0xea, 0x29, 0xff, 0x27, 0x11, 0xff, 0x27, 0x11, 0xff, 0x27, 0x11, 0xff, 0x27, 0x11, 0xff, 0x27, 0x11, 0xff,
    0x27, 0x11, 0xff, 0x27, 0x11, 0xff, 0x27, 0x11, 0xff, 0x27, 0x11, 0xff, 0x27, 0x11, 0xff, 0x27, 0x11, 0xff, 0x27, 0x11, 0xff, 0x27, 0x11, 0xff,
    0x27, 0x11, 0xff, 0x56, 0xa5, 0xff, 0xdf, 0xf7, 0xff, 0xdf, 0xf7, 0xff, 0x1c, 0xdf, 0xff, 0xea, 0x29, 0xff, 0x27, 0x11, 0xff, 0x6c, 0x3a, 0xff,
    0xdf, 0xf7, 0xff, 0xdf, 0xf7, 0xff, 0x56, 0xa5, 0xff, 0x27, 0x11, 0xff, 0xea, 0x29, 0xff, 0x1c, 0xdf, 0xff, 0x1c, 0xdf, 0xff, 0xf5, 0x94, 0xff,
    0x27, 0x11, 0xff, 0xea, 0x29, 0xff, 0xdf, 0xf7, 0xff, 0xdf, 0xf7, 0xff, 0xdf, 0xf7, 0xff, 0xdf, 0xf7, 0xff, 0xdf, 0xf7, 0xff, 0xdf, 0xf7, 0xff,
    0x1c, 0xdf, 0xff, 0x6c, 0x3a, 0xff, 0x27, 0x11, 0xff, 0x27, 0x11, 0xff, 0xea, 0x29, 0xff, 0xea, 0x29, 0xff, 0xea, 0x29, 0xff, 0xea, 0x29, 0xff,
    0xea, 0x29, 0xff, 0xea, 0x29, 0xff, 0x27, 0x11, 0xff, 0x27, 0x11, 0xff, 0x27, 0x11, 0xff, 0x73, 0x84, 0xff, 0xdf, 0xf7, 0xff, 0xdf, 0xf7, 0xff,
    0xdf, 0xf7, 0xff, 0xdf, 0xf7, 0xff, 0xdf, 0xf7, 0xff, 0x73, 0x84, 0xff, 0x27, 0x11, 0xff, 0x27, 0x11, 0xff, 0x27, 0x11, 0xff, 0x27, 0x11, 0xff,
    0x27, 0x11, 0xff, 0x27, 0x11, 0xff, 0x27, 0x11, 0xff, 0x27, 0x11, 0xff, 0x27, 0x11, 0xff, 0x27, 0x11, 0xff, 0x27, 0x11, 0xff, 0x27, 0x11, 0xff,
    0x27, 0x11, 0xff, 0x27, 0x11, 0xff, 0x27, 0x11, 0xff, 0x27, 0x11, 0xff, 0x56, 0xa5, 0xff, 0xdf, 0xf7, 0xff, 0xdf, 0xf7, 0xff, 0xdf, 0xf7, 0xff,
    0xea, 0x29, 0xff, 0x27, 0x11, 0xff, 0x89, 0x19, 0xff, 0xea, 0x29, 0xff, 0xea, 0x29, 0xff, 0xea, 0x29, 0xff, 0x27, 0x11, 0xff, 0x27, 0x11, 0xff,
    0x89, 0x19, 0xff, 0xea, 0x29, 0xff, 0xea, 0x29, 0xff, 0xea, 0x29, 0xff, 0xea, 0x29, 0xff, 0x27, 0x11, 0xff, 0x27, 0x11, 0xff, 0x56, 0xa5, 0xff,
    0xdf, 0xf7, 0xff, 0xdf, 0xf7, 0xff, 0xdf, 0xf7, 0xff, 0x1c, 0xdf, 0xff, 0x4c, 0x3a, 0xff, 0x1c, 0xdf, 0xff, 0xdf, 0xf7, 0xff, 0xdf, 0xf7, 0xff,
    0xb0, 0x63, 0xff, 0x27, 0x11, 0xff, 0xcd, 0x4a, 0xff, 0xdf, 0xf7, 0xff, 0xdf, 0xf7, 0xff, 0x56, 0xa5, 0xff, 0x27, 0x11, 0xff, 0xea, 0x29, 0xff,
    0xdf, 0xf7, 0xff, 0xdf, 0xf7, 0xff, 0xdf, 0xf7, 0xff, 0xdf, 0xf7, 0xff, 0x1c, 0xdf, 0xff, 0xb0, 0x63, 0xff, 0x27, 0x11, 0xff, 0x27, 0x11, 0xff,
    0x27, 0x11, 0xff, 0x27, 0x11, 0xff, 0x2f, 0x5b, 0xff, 0x1c, 0xdf, 0xff, 0xdf, 0xf7, 0xff, 0xdf, 0xf7, 0xff, 0x7e, 0xef, 0xff, 0x12, 0x74, 0xff,
    0x27, 0x11, 0xff, 0x27, 0x11, 0xff, 0x12, 0x74, 0xff, 0xdf, 0xf7, 0xff, 0xdf, 0xf7, 0xff, 0xdf, 0xf7, 0xff, 0xdf, 0xf7, 0xff, 0xdf, 0xf7, 0xff,
    0xdf, 0xf7, 0xff, 0x73, 0x84, 0xff, 0x27, 0x11, 0xff, 0x27, 0x11, 0xff, 0xea, 0x29, 0xff, 0xea, 0x29, 0xff, 0xea, 0x29, 0xff, 0xea, 0x29, 0xff,
    0xea, 0x29, 0xff, 0xea, 0x29, 0xff, 0xea, 0x29, 0xff, 0xea, 0x29, 0xff, 0xea, 0x29, 0xff, 0xea, 0x29, 0xff, 0xea, 0x29, 0xff, 0xea, 0x29, 0xff,
    0xea, 0x29, 0xff, 0xea, 0x29, 0xff, 0xd8, 0xad, 0xff, 0xdf, 0xf7, 0xff, 0xdf, 0xf7, 0xff, 0xdf, 0xf7, 0xff, 0xea, 0x29, 0xff, 0x27, 0x11, 0xff,
    0x73, 0x84, 0xff, 0xdf, 0xf7, 0xff, 0xdf, 0xf7, 0xff, 0xdf, 0xf7, 0xff, 0xcd, 0x4a, 0xff, 0x27, 0x11, 0xff, 0xcd, 0x4a, 0xff, 0xdf, 0xf7, 0xff,
    0xdf, 0xf7, 0xff, 0xdf, 0xf7, 0xff, 0xdf, 0xf7, 0xff, 0x27, 0x11, 0xff, 0x27, 0x11, 0xff, 0x56, 0xa5, 0xff, 0xdf, 0xf7, 0xff, 0xdf, 0xf7, 0xff,
    0xdf, 0xf7, 0xff, 0xdf, 0xf7, 0xff, 0xdf, 0xf7, 0xff, 0xdf, 0xf7, 0xff, 0xdf, 0xf7, 0xff, 0x1c, 0xdf, 0xff, 0xea, 0x29, 0xff, 0x27, 0x11, 0xff,
    0x12, 0x74, 0xff, 0xdf, 0xf7, 0xff, 0xdf, 0xf7, 0xff, 0x56, 0xa5, 0xff, 0x27, 0x11, 0xff, 0xea, 0x29, 0xff, 0xdf, 0xf7, 0xff, 0xdf, 0xf7, 0xff,
    0xdf, 0xf7, 0xff, 0xdf, 0xf7, 0xff, 0x7e, 0xef, 0xff, 0x6c, 0x3a, 0xff, 0x27, 0x11, 0xff, 0xea, 0x29, 0xff, 0x12, 0x74, 0xff, 0x27, 0x11, 0xff,
    0x27, 0x11, 0xff, 0xea, 0x29, 0xff, 0x73, 0x84, 0xff, 0xf5, 0x94, 0xff, 0xea, 0x29, 0xff, 0x27, 0x11, 0xff, 0x27, 0x11, 0xff, 0x12, 0x74, 0xff,
    0xdf, 0xf7, 0xff, 0xdf, 0xf7, 0xff, 0xdf, 0xf7, 0xff, 0xdf, 0xf7, 0xff, 0xdf, 0xf7, 0xff, 0xdf, 0xf7, 0xff, 0xdf, 0xf7, 0xff, 0x73, 0x84, 0xff,
    0x27, 0x11, 0xff, 0xea, 0x29, 0xff, 0xdf, 0xf7, 0xff, 0xdf, 0xf7, 0xff, 0xdf, 0xf7, 0xff, 0xdf, 0xf7, 0xff, 0xdf, 0xf7, 0xff, 0x7e, 0xef, 0xff,
    0x39, 0xbe, 0xff, 0xdf, 0xf7, 0xff, 0xdf, 0xf7, 0xff, 0xdf, 0xf7, 0xff, 0xdf, 0xf7, 0xff, 0x39, 0xbe, 0xff, 0x7e, 0xef, 0xff, 0xdf, 0xf7, 0xff,
    0xdf, 0xf7, 0xff, 0xdf, 0xf7, 0xff, 0xdf, 0xf7, 0xff, 0xdf, 0xf7, 0xff, 0xea, 0x29, 0xff, 0x27, 0x11, 0xff, 0x73, 0x84, 0xff, 0xdf, 0xf7, 0xff,
    0xdf, 0xf7, 0xff, 0xdf, 0xf7, 0xff, 0xcd, 0x4a, 0xff, 0x27, 0x11, 0xff, 0xcd, 0x4a, 0xff, 0xdf, 0xf7, 0xff, 0xdf, 0xf7, 0xff, 0xdf, 0xf7, 0xff,
    0xdf, 0xf7, 0xff, 0x27, 0x11, 0xff, 0x27, 0x11, 0xff, 0x56, 0xa5, 0xff, 0xb0, 0x63, 0xff, 0xb0, 0x63, 0xff, 0xb0, 0x63, 0xff, 0xb0, 0x63, 0xff,
    0xf5, 0x94, 0xff, 0xdf, 0xf7, 0xff, 0x56, 0xa5, 0xff, 0x89, 0x19, 0xff, 0x27, 0x11, 0xff, 0x89, 0x19, 0xff, 0x1c, 0xdf, 0xff, 0xdf, 0xf7, 0xff,
    0xdf, 0xf7, 0xff, 0xd8, 0xad, 0xff, 0x27, 0x11, 0xff, 0x27, 0x11, 0xff, 0x27, 0x11, 0xff, 0x27, 0x11, 0xff, 0x56, 0xa5, 0xff, 0xdf, 0xf7, 0xff,
    0xdf, 0xf7, 0xff, 0x1c, 0xdf, 0xff, 0x73, 0x84, 0xff, 0xdf, 0xf7, 0xff, 0xdf, 0xf7, 0xff, 0x1c, 0xdf, 0xff, 0x89, 0x19, 0xff, 0x27, 0x11, 0xff,
    0x27, 0x11, 0xff, 0x27, 0x11, 0xff, 0x27, 0x11, 0xff, 0x27, 0x11, 0xff, 0x12, 0x74, 0xff, 0xdf, 0xf7, 0xff, 0xdf, 0xf7, 0xff, 0xdf, 0xf7, 0xff,
    0xdf, 0xf7, 0xff, 0xdf, 0xf7, 0xff, 0xdf, 0xf7, 0xff, 0xdf, 0xf7, 0xff, 0xdf, 0xf7, 0xff, 0x73, 0x84, 0xff, 0x27, 0x11, 0xff, 0xea, 0x29, 0xff,
    0xdf, 0xf7, 0xff, 0x7e, 0xef, 0xff, 0x9b, 0xce, 0xff, 0xdf, 0xf7, 0xff, 0x56, 0xa5, 0xff, 0x27, 0x11, 0xff, 0x89, 0x19, 0xff, 0xdf, 0xf7, 0xff,
    0xdf, 0xf7, 0xff, 0xdf, 0xf7, 0xff, 0x7e, 0xef, 0xff, 0x27, 0x11, 0xff, 0x27, 0x11, 0xff, 0x73, 0x84, 0xff, 0xdf, 0xf7, 0xff, 0xdf, 0xf7, 0xff,
    0xdf, 0xf7, 0xff, 0xdf, 0xf7, 0xff, 0xea, 0x29, 0xff, 0x27, 0x11, 0xff, 0x89, 0x19, 0xff, 0xea, 0x29, 0xff, 0xea, 0x29, 0xff, 0xea, 0x29, 0xff,
    0x89, 0x19, 0xff, 0x27, 0x11, 0xff, 0x27, 0x11, 0xff, 0xea, 0x29, 0xff, 0xea, 0x29, 0xff, 0xea, 0x29, 0xff, 0xea, 0x29, 0xff, 0x27, 0x11, 0xff,
    0x27, 0x11, 0xff, 0x56, 0xa5, 0xff, 0x27, 0x11, 0xff, 0x27, 0x11, 0xff, 0x27, 0x11, 0xff, 0x27, 0x11, 0xff, 0xcd, 0x4a, 0xff, 0xdf, 0xf7, 0xff,
    0x73, 0x84, 0xff, 0x27, 0x11, 0xff, 0x89, 0x19, 0xff, 0xb8, 0xad, 0xff, 0xdf, 0xf7, 0xff, 0xdf, 0xf7, 0xff, 0xdf, 0xf7, 0xff, 0x7e, 0xef, 0xff,
    0xcd, 0x4a, 0xff, 0x27, 0x11, 0xff, 0x27, 0x11, 0xff, 0x27, 0x11, 0xff, 0xf5, 0x94, 0xff, 0xdf, 0xf7, 0xff, 0xdf, 0xf7, 0xff, 0xdf, 0xf7, 0xff,
    0x1c, 0xdf, 0xff, 0x56, 0xa5, 0xff, 0x12, 0x74, 0xff, 0xea, 0x29, 0xff, 0x27, 0x11, 0xff, 0x27, 0x11, 0xff, 0x27, 0x11, 0xff, 0x27, 0x11, 0xff,
    0x27, 0x11, 0xff, 0x27, 0x11, 0xff, 0x27, 0x11, 0xff, 0x6c, 0x3a, 0xff, 0x2f, 0x5b, 0xff, 0xf5, 0x94, 0xff, 0x39, 0xbe, 0xff, 0x9b, 0xce, 0xff,
    0x7e, 0xef, 0xff, 0xdf, 0xf7, 0xff, 0xdf, 0xf7, 0xff, 0x73, 0x84, 0xff, 0x27, 0x11, 0xff, 0xea, 0x29, 0xff, 0x39, 0xbe, 0xff, 0x89, 0x19, 0xff,
    0x89, 0x19, 0xff, 0xdf, 0xf7, 0xff, 0x9b, 0xce, 0xff, 0x27, 0x11, 0xff, 0x27, 0x11, 0xff, 0x39, 0xbe, 0xff, 0xdf, 0xf7, 0xff, 0xdf, 0xf7, 0xff,
    0x39, 0xbe, 0xff, 0x27, 0x11, 0xff, 0x27, 0x11, 0xff, 0x56, 0xa5, 0xff, 0xdf, 0xf7, 0xff, 0xdf, 0xf7, 0xff, 0xdf, 0xf7, 0xff, 0xdf, 0xf7, 0xff,
    0xea, 0x29, 0xff, 0x27, 0x11, 0xff, 0x27, 0x11, 0xff, 0x27, 0x11, 0xff, 0x27, 0x11, 0xff, 0x27, 0x11, 0xff, 0x27, 0x11, 0xff, 0x27, 0x11, 0xff,
    0x27, 0x11, 0xff, 0x27, 0x11, 0xff, 0x27, 0x11, 0xff, 0x27, 0x11, 0xff, 0x27, 0x11, 0xff, 0x27, 0x11, 0xff, 0x27, 0x11, 0xff, 0x56, 0xa5, 0xff,
    0xcd, 0x4a, 0xff, 0xcd, 0x4a, 0xff, 0xea, 0x29, 0xff, 0x27, 0x11, 0xff, 0xcd, 0x4a, 0xff, 0xdf, 0xf7, 0xff, 0xdf, 0xf7, 0xff, 0x2f, 0x5b, 0xff,
    0x39, 0xbe, 0xff, 0x1c, 0xdf, 0xff, 0x1c, 0xdf, 0xff, 0x1c, 0xdf, 0xff, 0x1c, 0xdf, 0xff, 0x1c, 0xdf, 0xff, 0x1c, 0xdf, 0xff, 0x9b, 0xce, 0xff,
    0x9b, 0xce, 0xff, 0x1c, 0xdf, 0xff, 0xdf, 0xf7, 0xff, 0x1c, 0xdf, 0xff, 0xea, 0x29, 0xff, 0x27, 0x11, 0xff, 0x27, 0x11, 0xff, 0x27, 0x11, 0xff,
    0x27, 0x11, 0xff, 0x27, 0x11, 0xff, 0x27, 0x11, 0xff, 0x89, 0x19, 0xff, 0x73, 0x84, 0xff, 0xd8, 0xad, 0xff, 0xb0, 0x63, 0xff, 0x27, 0x11, 0xff,
    0x27, 0x11, 0xff, 0x27, 0x11, 0xff, 0x27, 0x11, 0xff, 0x27, 0x11, 0xff, 0x27, 0x11, 0xff, 0x27, 0x11, 0xff, 0xb0, 0x63, 0xff, 0xdf, 0xf7, 0xff,
    0xdf, 0xf7, 0xff, 0x73, 0x84, 0xff, 0x27, 0x11, 0xff, 0xea, 0x29, 0xff, 0x9b, 0xce, 0xff, 0x27, 0x11, 0xff, 0x27, 0x11, 0xff, 0x39, 0xbe, 0xff,
    0xdf, 0xf7, 0xff, 0x89, 0x19, 0xff, 0x27, 0x11, 0xff, 0xf5, 0x94, 0xff, 0xdf, 0xf7, 0xff, 0xdf, 0xf7, 0xff, 0xb0, 0x63, 0xff, 0x27, 0x11, 0xff,
    0x27, 0x11, 0xff, 0x1c, 0xdf, 0xff, 0xdf, 0xf7, 0xff, 0xdf, 0xf7, 0xff, 0xdf, 0xf7, 0xff, 0xdf, 0xf7, 0xff, 0xea, 0x29, 0xff, 0x27, 0x11, 0xff,
    0x2f, 0x53, 0xff, 0x56, 0xa5, 0xff, 0x56, 0xa5, 0xff, 0x56, 0xa5, 0xff, 0xea, 0x29, 0xff, 0x27, 0x11, 0xff, 0x4c, 0x3a, 0xff, 0x56, 0xa5, 0xff,
    0x56, 0xa5, 0xff, 0x56, 0xa5, 0xff, 0x56, 0xa5, 0xff, 0x27, 0x11, 0xff, 0x27, 0x11, 0xff, 0x56, 0xa5, 0xff, 0xdf, 0xf7, 0xff, 0xdf, 0xf7, 0xff,
    0xb0, 0x63, 0xff, 0x27, 0x11, 0xff, 0xcd, 0x4a, 0xff, 0xdf, 0xf7, 0xff, 0x1c, 0xdf, 0xff, 0x27, 0x11, 0xff, 0x27, 0x11, 0xff, 0x27, 0x11, 0xff,
    0x27, 0x11, 0xff, 0x27, 0x11, 0xff, 0x27, 0x11, 0xff, 0x27, 0x11, 0xff, 0x27, 0x11, 0xff, 0x27, 0x11, 0xff, 0x27, 0x11, 0xff, 0x56, 0xa5, 0xff,
    0xdf, 0xf7, 0xff, 0xdf, 0xf7, 0xff, 0xcd, 0x4a, 0xff, 0x27, 0x11, 0xff, 0x27, 0x11, 0xff, 0x89, 0x19, 0xff, 0xcd, 0x4a, 0xff, 0x73, 0x84, 0xff,
    0x39, 0xbe, 0xff, 0xdf, 0xf7, 0xff, 0xdf, 0xf7, 0xff, 0xdf, 0xf7, 0xff, 0xdf, 0xf7, 0xff, 0xdf, 0xf7, 0xff, 0x39, 0xbe, 0xff, 0x12, 0x74, 0xff,
    0xcd, 0x4a, 0xff, 0x89, 0x19, 0xff, 0x27, 0x11, 0xff, 0xea, 0x29, 0xff, 0x1c, 0xdf, 0xff, 0xdf, 0xf7, 0xff, 0xdf, 0xf7, 0xff, 0x73, 0x84, 0xff,
    0x27, 0x11, 0xff, 0xea, 0x29, 0xff, 0xdf, 0xf7, 0xff, 0xcd, 0x4a, 0xff, 0x27, 0x11, 0xff, 0xb0, 0x63, 0xff, 0xdf, 0xf7, 0xff, 0x2f, 0x5b, 0xff,
    0x27, 0x11, 0xff, 0xcd, 0x4a, 0xff, 0xdf, 0xf7, 0xff, 0xdf, 0xf7, 0xff, 0xea, 0x29, 0xff, 0x27, 0x11, 0xff, 0x2f, 0x5b, 0xff, 0xdf, 0xf7, 0xff,
    0xdf, 0xf7, 0xff, 0xdf, 0xf7, 0xff, 0xdf, 0xf7, 0xff, 0xdf, 0xf7, 0xff, 0xea, 0x29, 0xff, 0x27, 0x11, 0xff, 0x73, 0x84, 0xff, 0xdf, 0xf7, 0xff,
    0xdf, 0xf7, 0xff, 0xdf, 0xf7, 0xff, 0xcd, 0x4a, 0xff, 0x27, 0x11, 0xff, 0xcd, 0x4a, 0xff, 0xdf, 0xf7, 0xff, 0xdf, 0xf7, 0xff, 0xdf, 0xf7, 0xff,
    0xdf, 0xf7, 0xff, 0x27, 0x11, 0xff, 0x27, 0x11, 0xff, 0x56, 0xa5, 0xff, 0xdf, 0xf7, 0xff, 0xdf, 0xf7, 0xff, 0xb0, 0x63, 0xff, 0x27, 0x11, 0xff,
    0xcd, 0x4a, 0xff, 0xdf, 0xf7, 0xff, 0x1c, 0xdf, 0xff, 0x27, 0x11, 0xff, 0x27, 0x11, 0xff, 0x27, 0x11, 0xff, 0x27, 0x11, 0xff, 0x27, 0x11, 0xff,
    0x27, 0x11, 0xff, 0x27, 0x11, 0xff, 0x27, 0x11, 0xff, 0x27, 0x11, 0xff, 0x27, 0x11, 0xff, 0x39, 0xbe, 0xff, 0xdf, 0xf7, 0xff, 0xdf, 0xf7, 0xff,
    0x9b, 0xce, 0xff, 0x56, 0xa5, 0xff, 0x6c, 0x3a, 0xff, 0xea, 0x29, 0xff, 0xea, 0x29, 0xff, 0xea, 0x29, 0xff, 0xea, 0x29, 0xff, 0xea, 0x29, 0xff,
    0xea, 0x29, 0xff, 0xea, 0x29, 0xff, 0xea, 0x29, 0xff, 0xea, 0x29, 0xff, 0xea, 0x29, 0xff, 0xea, 0x29, 0xff, 0xea, 0x29, 0xff, 0xea, 0x29, 0xff,
    0x9b, 0xce, 0xff, 0x1c, 0xdf, 0xff, 0xdf, 0xf7, 0xff, 0xdf, 0xf7, 0xff, 0xdf, 0xf7, 0xff, 0xb0, 0x63, 0xff, 0x27, 0x11, 0xff, 0x6c, 0x3a, 0xff,
    0xdf, 0xf7, 0xff, 0x73, 0x84, 0xff, 0x27, 0x11, 0xff, 0x89, 0x19, 0xff, 0x7e, 0xef, 0xff, 0xf5, 0x94, 0xff, 0x27, 0x11, 0xff, 0x89, 0x19, 0xff,
    0xdf, 0xf7, 0xff, 0x39, 0xbe, 0xff, 0x27, 0x11, 0xff, 0x27, 0x11, 0xff, 0xd8, 0xad, 0xff, 0xdf, 0xf7, 0xff, 0xdf, 0xf7, 0xff, 0xdf, 0xf7, 0xff,
    0xdf, 0xf7, 0xff, 0xdf, 0xf7, 0xff, 0xea, 0x29, 0xff, 0x27, 0x11, 0xff, 0x12, 0x74, 0xff, 0x1c, 0xdf, 0xff, 0x1c, 0xdf, 0xff, 0x1c, 0xdf, 0xff,
    0xcd, 0x4a, 0xff, 0x27, 0x11, 0xff, 0x6c, 0x3a, 0xff, 0x1c, 0xdf, 0xff, 0x1c, 0xdf, 0xff, 0x1c, 0xdf, 0xff, 0x1c, 0xdf, 0xff, 0x27, 0x11, 0xff,
    0x27, 0x11, 0xff, 0x56, 0xa5, 0xff, 0xdf, 0xf7, 0xff, 0xdf, 0xf7, 0xff, 0xb0, 0x63, 0xff, 0x27, 0x11, 0xff, 0xcd, 0x4a, 0xff, 0xdf, 0xf7, 0xff,
    0xdf, 0xf7, 0xff, 0x56, 0x9d, 0xff, 0x27, 0x11, 0xff, 0x89, 0x19, 0xff, 0x9b, 0xce, 0xff, 0x1c, 0xdf, 0xff, 0x1c, 0xdf, 0xff, 0x1c, 0xdf, 0xff,
    0x2f, 0x5b, 0xff, 0x27, 0x11, 0xff, 0xea, 0x29, 0xff, 0xdf, 0xf7, 0xff, 0xdf, 0xf7, 0xff, 0xdf, 0xf7, 0xff, 0xdf, 0xf7, 0xff, 0xdf, 0xf7, 0xff,
    0xcd, 0x4a, 0xff, 0x27, 0x11, 0xff, 0x27, 0x11, 0xff, 0x27, 0x11, 0xff, 0x27, 0x11, 0xff, 0x27, 0x11, 0xff, 0x27, 0x11, 0xff, 0x27, 0x11, 0xff,
    0x27, 0x11, 0xff, 0x27, 0x11, 0xff, 0x27, 0x11, 0xff, 0x27, 0x11, 0xff, 0x27, 0x11, 0xff, 0x27, 0x11, 0xff, 0x1c, 0xdf, 0xff, 0xdf, 0xf7, 0xff,
    0xdf, 0xf7, 0xff, 0xdf, 0xf7, 0xff, 0xdf, 0xf7, 0xff, 0xb0, 0x63, 0xff, 0x27, 0x11, 0xff, 0xcd, 0x4a, 0xff, 0xdf, 0xf7, 0xff, 0x1c, 0xdf, 0xff,
    0x27, 0x11, 0xff, 0x27, 0x11, 0xff, 0x39, 0xbe, 0xff, 0x39, 0xbe, 0xff, 0x27, 0x11, 0xff, 0x27, 0x11, 0xff, 0x9b, 0xce, 0xff, 0xb0, 0x63, 0xff,
    0x27, 0x11, 0xff, 0xea, 0x29, 0xff, 0xdf, 0xf7, 0xff, 0xdf, 0xf7, 0xff, 0xdf, 0xf7, 0xff, 0xdf, 0xf7, 0xff, 0xdf, 0xf7, 0xff, 0xdf, 0xf7, 0xff,
    0x27, 0x11, 0xff, 0x27, 0x11, 0xff, 0x27, 0x11, 0xff, 0x27, 0x11, 0xff, 0x27, 0x11, 0xff, 0x27, 0x11, 0xff, 0x27, 0x11, 0xff, 0x27, 0x11, 0xff,
    0x27, 0x11, 0xff, 0x27, 0x11, 0xff, 0x27, 0x11, 0xff, 0x27, 0x11, 0xff, 0x27, 0x11, 0xff, 0x27, 0x11, 0xff, 0x27, 0x11, 0xff, 0x56, 0xa5, 0xff,
    0xdf, 0xf7, 0xff, 0xdf, 0xf7, 0xff, 0xb0, 0x63, 0xff, 0x27, 0x11, 0xff, 0xcd, 0x4a, 0xff, 0xdf, 0xf7, 0xff, 0x1c, 0xdf, 0xff, 0xdf, 0xf7, 0xff,
    0xea, 0x29, 0xff, 0x27, 0x11, 0xff, 0xb0, 0x63, 0xff, 0xdf, 0xf7, 0xff, 0xdf, 0xf7, 0xff, 0x56, 0xa5, 0xff, 0x27, 0x11, 0xff, 0x27, 0x11, 0xff,
    0x56, 0xa5, 0xff, 0xdf, 0xf7, 0xff, 0xdf, 0xf7, 0xff, 0xdf, 0xf7, 0xff, 0xdf, 0xf7, 0xff, 0xdf, 0xf7, 0xff, 0xcd, 0x4a, 0xff, 0x27, 0x11, 0xff,
    0xcd, 0x4a, 0xff, 0x1c, 0xdf, 0xff, 0x1c, 0xdf, 0xff, 0x1c, 0xdf, 0xff, 0x27, 0x11, 0xff, 0x27, 0x11, 0xff, 0x12, 0x74, 0xff, 0x1c, 0xdf, 0xff,
    0x1c, 0xdf, 0xff, 0x12, 0x74, 0xff, 0x27, 0x11, 0xff, 0x27, 0x11, 0xff, 0x1c, 0xdf, 0xff, 0xdf, 0xf7, 0xff, 0xdf, 0xf7, 0xff, 0xdf, 0xf7, 0xff,
    0xdf, 0xf7, 0xff, 0xcd, 0x4a, 0xff, 0x27, 0x11, 0xff, 0x2f, 0x5b, 0xff, 0xdf, 0xf7, 0xff, 0xdf, 0xf7, 0xff, 0xea, 0x29, 0xff, 0x27, 0x11, 0xff,
    0xb0, 0x63, 0xff, 0x7e, 0xef, 0xff, 0x89, 0x19, 0xff, 0x2f, 0x5b, 0xff, 0xb8, 0xad, 0xff, 0x27, 0x11, 0xff, 0x27, 0x11, 0xff, 0x56, 0xa5, 0xff,
    0xdf, 0xf7, 0xff, 0xdf, 0xf7, 0xff, 0xdf, 0xf7, 0xff, 0xdf, 0xf7, 0xff, 0xdf, 0xf7, 0xff, 0x7e, 0xef, 0xff, 0x27, 0x11, 0xff, 0x27, 0x11, 0xff,
    0x27, 0x11, 0xff, 0x27, 0x11, 0xff, 0x27, 0x11, 0xff, 0x27, 0x11, 0xff, 0x27, 0x11, 0xff, 0x27, 0x11, 0xff, 0x27, 0x11, 0xff, 0x27, 0x11, 0xff,
    0x27, 0x11, 0xff, 0x27, 0x11, 0xff, 0x27, 0x11, 0xff, 0x27, 0x11, 0xff, 0x27, 0x11, 0xff, 0x56, 0xa5, 0xff, 0xdf, 0xf7, 0xff, 0xdf, 0xf7, 0xff,
    0xb0, 0x63, 0xff, 0x27, 0x11, 0xff, 0x6c, 0x3a, 0xff, 0xb0, 0x63, 0xff, 0xcd, 0x4a, 0xff, 0xdf, 0xf7, 0xff, 0x39, 0xbe, 0xff, 0x27, 0x11, 0xff,
    0x27, 0x11, 0xff, 0x73, 0x84, 0xff, 0x9b, 0xce, 0xff, 0x89, 0x19, 0xff, 0x27, 0x11, 0xff, 0xb0, 0x63, 0xff, 0xdf, 0xf7, 0xff, 0xdf, 0xf7, 0xff,
    0xdf, 0xf7, 0xff, 0xdf, 0xf7, 0xff, 0xdf, 0xf7, 0xff, 0xdf, 0xf7, 0xff, 0xcd, 0x4a, 0xff, 0x27, 0x11, 0xff, 0x89, 0x19, 0xff, 0xcd, 0x4a, 0xff,
    0xcd, 0x4a, 0xff, 0xcd, 0x4a, 0xff, 0x27, 0x11, 0xff, 0x27, 0x11, 0xff, 0xea, 0x29, 0xff, 0xcd, 0x4a, 0xff, 0xcd, 0x4a, 0xff, 0xea, 0x29, 0xff,
    0x27, 0x11, 0xff, 0x27, 0x11, 0xff, 0x1c, 0xdf, 0xff, 0xdf, 0xf7, 0xff, 0xdf, 0xf7, 0xff, 0xdf, 0xf7, 0xff, 0xdf, 0xf7, 0xff, 0x6c, 0x3a, 0xff,
    0x27, 0x11, 0xff, 0x12, 0x74, 0xff, 0xdf, 0xf7, 0xff, 0xdf, 0xf7, 0xff, 0x12, 0x74, 0xff, 0x89, 0x19, 0xff, 0xf5, 0x94, 0xff, 0xdf, 0xf7, 0xff,
    0xdf, 0xf7, 0xff, 0xdf, 0xf7, 0xff, 0xb0, 0x63, 0xff, 0x27, 0x11, 0xff, 0xea, 0x29, 0xff, 0xdf, 0xf7, 0xff, 0xdf, 0xf7, 0xff, 0xdf, 0xf7, 0xff,
    0xdf, 0xf7, 0xff, 0xdf, 0xf7, 0xff, 0xdf, 0xf7, 0xff, 0x39, 0xbe, 0xff, 0x27, 0x11, 0xff, 0x27, 0x11, 0xff, 0x39, 0xbe, 0xff, 0x1c, 0xdf, 0xff,
    0x1c, 0xdf, 0xff, 0x1c, 0xdf, 0xff, 0x6c, 0x3a, 0xff, 0x27, 0x11, 0xff, 0xcd, 0x4a, 0xff, 0x1c, 0xdf, 0xff, 0x1c, 0xdf, 0xff, 0x1c, 0xdf, 0xff,
    0x1c, 0xdf, 0xff, 0x27, 0x11, 0xff, 0x27, 0x11, 0xff, 0x56, 0xa5, 0xff, 0xdf, 0xf7, 0xff, 0xdf, 0xf7, 0xff, 0xb0, 0x63, 0xff, 0x27, 0x11, 0xff,
    0x27, 0x11, 0xff, 0x27, 0x11, 0xff, 0x27, 0x11, 0xff, 0x1c, 0xdf, 0xff, 0xdf, 0xf7, 0xff, 0xf5, 0x94, 0xff, 0x27, 0x11, 0xff, 0x27, 0x11, 0xff,
    0x27, 0x11, 0xff, 0x27, 0x11, 0xff, 0xea, 0x29, 0xff, 0x1c, 0xdf, 0xff, 0xdf, 0xf7, 0xff, 0xdf, 0xf7, 0xff, 0xdf, 0xf7, 0xff, 0xdf, 0xf7, 0xff,
    0xdf, 0xf7, 0xff, 0xdf, 0xf7, 0xff, 0xcd, 0x4a, 0xff, 0x27, 0x11, 0xff, 0x27, 0x11, 0xff, 0x27, 0x11, 0xff, 0x27, 0x11, 0xff, 0x27, 0x11, 0xff,
    0x27, 0x11, 0xff, 0x27, 0x11, 0xff, 0x27, 0x11, 0xff, 0x27, 0x11, 0xff, 0x27, 0x11, 0xff, 0x27, 0x11, 0xff, 0x27, 0x11, 0xff, 0x27, 0x11, 0xff,
    0x1c, 0xdf, 0xff, 0xdf, 0xf7, 0xff, 0xdf, 0xf7, 0xff, 0xdf, 0xf7, 0xff, 0x7e, 0xef, 0xff, 0x27, 0x11, 0xff, 0x27, 0x11, 0xff, 0xf5, 0x94, 0xff,
    0xdf, 0xf7, 0xff, 0xdf, 0xf7, 0xff, 0x1c, 0xdf, 0xff, 0x7e, 0xef, 0xff, 0xdf, 0xf7, 0xff, 0xdf, 0xf7, 0xff, 0xdf, 0xf7, 0xff, 0x1c, 0xdf, 0xff,
    0x27, 0x11, 0xff, 0x27, 0x11, 0xff, 0x56, 0xa5, 0xff, 0xdf, 0xf7, 0xff, 0xdf, 0xf7, 0xff, 0xdf, 0xf7, 0xff, 0xdf, 0xf7, 0xff, 0xdf, 0xf7, 0xff,
    0xdf, 0xf7, 0xff, 0x12, 0x74, 0xff, 0x27, 0x11, 0xff, 0x89, 0x19, 0xff, 0xdf, 0xf7, 0xff, 0xdf, 0xf7, 0xff, 0xdf, 0xf7, 0xff, 0xdf, 0xf7, 0xff,
    0xcd, 0x4a, 0xff, 0x27, 0x11, 0xff, 0xcd, 0x4a, 0xff, 0xdf, 0xf7, 0xff, 0xdf, 0xf7, 0xff, 0xdf, 0xf7, 0xff, 0xdf, 0xf7, 0xff, 0x27, 0x11, 0xff,
    0x27, 0x11, 0xff, 0x56, 0xa5, 0xff, 0xdf, 0xf7, 0xff, 0xdf, 0xf7, 0xff, 0xcd, 0x4a, 0xff, 0x27, 0x11, 0xff, 0x27, 0x11, 0xff, 0x89, 0x19, 0xff,
    0x39, 0xbe, 0xff, 0xdf, 0xf7, 0xff, 0xdf, 0xf7, 0xff, 0x39, 0xbe, 0xff, 0x89, 0x19, 0xff, 0x27, 0x11, 0xff, 0x27, 0x11, 0xff, 0x27, 0x11, 0xff,
    0x12, 0x74, 0xff, 0x1c, 0xdf, 0xff, 0xdf, 0xf7, 0xff, 0xdf, 0xf7, 0xff, 0xdf, 0xf7, 0xff, 0xdf, 0xf7, 0xff, 0xdf, 0xf7, 0xff, 0xdf, 0xf7, 0xff,
    0xcd, 0x4a, 0xff, 0x27, 0x11, 0xff, 0xcd, 0x4a, 0xff, 0x1c, 0xdf, 0xff, 0x1c, 0xdf, 0xff, 0x1c, 0xdf, 0xff, 0x27, 0x11, 0xff, 0x27, 0x11, 0xff,
    0x12, 0x74, 0xff, 0x1c, 0xdf, 0xff, 0x1c, 0xdf, 0xff, 0x12, 0x74, 0xff, 0x27, 0x11, 0xff, 0x27, 0x11, 0xff, 0x1c, 0xdf, 0xff, 0xdf, 0xf7, 0xff,
    0xdf, 0xf7, 0xff, 0xdf, 0xf7, 0xff, 0x39, 0xbe, 0xff, 0x27, 0x11, 0xff, 0x27, 0x11, 0xff, 0x39, 0xbe, 0xff, 0xdf, 0xf7, 0xff, 0xdf, 0xf7, 0xff,
    0xdf, 0xf7, 0xff, 0xdf, 0xf7, 0xff, 0xdf, 0xf7, 0xff, 0xdf, 0xf7, 0xff, 0xdf, 0xf7, 0xff, 0xb0, 0x63, 0xff, 0x27, 0x11, 0xff, 0xea, 0x29, 0xff,
    0xdf, 0xf7, 0xff, 0xdf, 0xf7, 0xff, 0xdf, 0xf7, 0xff, 0xdf, 0xf7, 0xff, 0xdf, 0xf7, 0xff, 0xdf, 0xf7, 0xff, 0xdf, 0xf7, 0xff, 0xea, 0x29, 0xff,
    0x27, 0x11, 0xff, 0xb0, 0x63, 0xff, 0xdf, 0xf7, 0xff, 0xdf, 0xf7, 0xff, 0xdf, 0xf7, 0xff, 0xdf, 0xf7, 0xff, 0xcd, 0x4a, 0xff, 0x27, 0x11, 0xff,
    0xcd, 0x4a, 0xff, 0xdf, 0xf7, 0xff, 0xdf, 0xf7, 0xff, 0xdf, 0xf7, 0xff, 0xdf, 0xf7, 0xff, 0x27, 0x11, 0xff, 0x27, 0x11, 0xff, 0x56, 0xa5, 0xff,
    0xdf, 0xf7, 0xff, 0xf5, 0x94, 0xff, 0x27, 0x11, 0xff, 0x27, 0x11, 0xff, 0xea, 0x29, 0xff, 0x9b, 0xce, 0xff, 0xb8, 0xad, 0xff, 0x12, 0x74, 0xff,
    0x89, 0x19, 0xff, 0x27, 0x11, 0xff, 0x27, 0x11, 0xff, 0x27, 0x11, 0xff, 0x89, 0x19, 0xff, 0x27, 0x11, 0xff, 0x27, 0x11, 0xff, 0x27, 0x11, 0xff,
    0x2f, 0x5b, 0xff, 0x56, 0xa5, 0xff, 0x1c, 0xdf, 0xff, 0xdf, 0xf7, 0xff, 0xdf, 0xf7, 0xff, 0xdf, 0xf7, 0xff, 0xcd, 0x4a, 0xff, 0x27, 0x11, 0xff,
    0x89, 0x19, 0xff, 0xb0, 0x63, 0xff, 0xb0, 0x63, 0xff, 0xb0, 0x63, 0xff, 0x27, 0x11, 0xff, 0x27, 0x11, 0xff, 0x6c, 0x3a, 0xff, 0xb0, 0x63, 0xff,
    0xb0, 0x63, 0xff, 0x6c, 0x3a, 0xff, 0x27, 0x11, 0xff, 0x27, 0x11, 0xff, 0x1c, 0xdf, 0xff, 0xdf, 0xf7, 0xff, 0xdf, 0xf7, 0xff, 0xdf, 0xf7, 0xff,
    0xb0, 0x63, 0xff, 0x27, 0x11, 0xff, 0x27, 0x11, 0xff, 0x56, 0xa5, 0xff, 0x27, 0x11, 0xff, 0x27, 0x11, 0xff, 0x27, 0x11, 0xff, 0x27, 0x11, 0xff,
    0x27, 0x11, 0xff, 0x27, 0x11, 0xff, 0x27, 0x11, 0xff, 0x27, 0x11, 0xff, 0x27, 0x11, 0xff, 0x27, 0x11, 0xff, 0x27, 0x11, 0xff, 0x27, 0x11, 0xff,
    0x27, 0x11, 0xff, 0x27, 0x11, 0xff, 0x73, 0x84, 0xff, 0xdf, 0xf7, 0xff, 0xf5, 0x94, 0xff, 0x27, 0x11, 0xff, 0x27, 0x11, 0xff, 0xd8, 0xad, 0xff,
    0xdf, 0xf7, 0xff, 0xdf, 0xf7, 0xff, 0xdf, 0xf7, 0xff, 0xdf, 0xf7, 0xff, 0xcd, 0x4a, 0xff, 0x27, 0x11, 0xff, 0xcd, 0x4a, 0xff, 0x1c, 0xdf, 0xff,
    0x56, 0xa5, 0xff, 0x56, 0xa5, 0xff, 0x56, 0xa5, 0xff, 0x27, 0x11, 0xff, 0x27, 0x11, 0xff, 0xd8, 0xad, 0xff, 0xdf, 0xf7, 0xff, 0x7e, 0xef, 0xff,
    0x89, 0x19, 0xff, 0x4c, 0x3a, 0xff, 0x1c, 0xdf, 0xff, 0x1c, 0xdf, 0xff, 0x89, 0x19, 0xff, 0x27, 0x11, 0xff, 0x27, 0x11, 0xff, 0x27, 0x11, 0xff,
    0xcd, 0x4a, 0xff, 0x39, 0xbe, 0xff, 0x1c, 0xdf, 0xff, 0xb0, 0x63, 0xff, 0x27, 0x11, 0xff, 0x27, 0x11, 0xff, 0x27, 0x11, 0xff, 0x27, 0x11, 0xff,
    0xb8, 0xad, 0xff, 0xdf, 0xf7, 0xff, 0xdf, 0xf7, 0xff, 0xdf, 0xf7, 0xff, 0xcd, 0x4a, 0xff, 0x27, 0x11, 0xff, 0x27, 0x11, 0xff, 0x27, 0x11, 0xff,
    0x27, 0x11, 0xff, 0x27, 0x11, 0xff, 0x27, 0x11, 0xff, 0x27, 0x11, 0xff, 0x27, 0x11, 0xff, 0x27, 0x11, 0xff, 0x27, 0x11, 0xff, 0x27, 0x11, 0xff,
    0x27, 0x11, 0xff, 0x27, 0x11, 0xff, 0x1c, 0xdf, 0xff, 0xdf, 0xf7, 0xff, 0xdf, 0xf7, 0xff, 0x7e, 0xef, 0xff, 0xea, 0x29, 0xff, 0x27, 0x11, 0xff,
    0x2f, 0x5b, 0xff, 0x56, 0xa5, 0xff, 0x27, 0x11, 0xff, 0x27, 0x11, 0xff, 0x27, 0x11, 0xff, 0x27, 0x11, 0xff, 0x27, 0x11, 0xff, 0x27, 0x11, 0xff,
    0x27, 0x11, 0xff, 0x27, 0x11, 0xff, 0x27, 0x11, 0xff, 0x27, 0x11, 0xff, 0x27, 0x11, 0xff, 0x27, 0x11, 0xff, 0x27, 0x11, 0xff, 0x27, 0x11, 0xff,
    0x73, 0x84, 0xff, 0xdf, 0xf7, 0xff, 0x89, 0x19, 0xff, 0x27, 0x11, 0xff, 0xea, 0x29, 0xff, 0xdf, 0xf7, 0xff, 0xdf, 0xf7, 0xff, 0xdf, 0xf7, 0xff,
    0xdf, 0xf7, 0xff, 0xdf, 0xf7, 0xff, 0xcd, 0x4a, 0xff, 0x27, 0x11, 0xff, 0xcd, 0x4a, 0xff, 0x7e, 0xef, 0xff, 0x89, 0x19, 0xff, 0x27, 0x11, 0xff,
    0x27, 0x11, 0xff, 0x27, 0x11, 0xff, 0x27, 0x11, 0xff, 0x1c, 0xdf, 0xff, 0xdf, 0xf7, 0xff, 0xdf, 0xf7, 0xff, 0x56, 0xa5, 0xff, 0x7e, 0xef, 0xff,
    0xdf, 0xf7, 0xff, 0xdf, 0xf7, 0xff, 0x73, 0x84, 0xff, 0xcd, 0x4a, 0xff, 0xf5, 0x94, 0xff, 0x7e, 0xef, 0xff, 0xdf, 0xf7, 0xff, 0xdf, 0xf7, 0xff,
    0xdf, 0xf7, 0xff, 0xdf, 0xf7, 0xff, 0x1c, 0xdf, 0xff, 0x73, 0x84, 0xff, 0x6c, 0x3a, 0xff, 0xb0, 0x63, 0xff, 0xdf, 0xf7, 0xff, 0xdf, 0xf7, 0xff,
    0xdf, 0xf7, 0xff, 0xdf, 0xf7, 0xff, 0xcd, 0x4a, 0xff, 0x27, 0x11, 0xff, 0xea, 0x29, 0xff, 0x73, 0x84, 0xff, 0x73, 0x84, 0xff, 0x73, 0x84, 0xff,
    0x73, 0x84, 0xff, 0x73, 0x84, 0xff, 0x73, 0x84, 0xff, 0x73, 0x84, 0xff, 0x73, 0x84, 0xff, 0xcd, 0x4a, 0xff, 0x27, 0x11, 0xff, 0x27, 0x11, 0xff,
    0x1c, 0xdf, 0xff, 0xdf, 0xf7, 0xff, 0xdf, 0xf7, 0xff, 0xdf, 0xf7, 0xff, 0x1c, 0xdf, 0xff, 0xea, 0x29, 0xff, 0x56, 0xa5, 0xff, 0x1c, 0xdf, 0xff,
    0x39, 0xbe, 0xff, 0x39, 0xbe, 0xff, 0x39, 0xbe, 0xff, 0x39, 0xbe, 0xff, 0x39, 0xbe, 0xff, 0x39, 0xbe, 0xff, 0x39, 0xbe, 0xff, 0x39, 0xbe, 0xff,
    0x39, 0xbe, 0xff, 0x39, 0xbe, 0xff, 0x39, 0xbe, 0xff, 0x39, 0xbe, 0xff, 0x39, 0xbe, 0xff, 0x39, 0xbe, 0xff, 0x1c, 0xdf, 0xff, 0xdf, 0xf7, 0xff,
    0x1c, 0xdf, 0xff, 0xea, 0x29, 0xff, 0x1c, 0xdf, 0xff, 0xdf, 0xf7, 0xff, 0xdf, 0xf7, 0xff, 0xdf, 0xf7, 0xff, 0xdf, 0xf7, 0xff, 0xdf, 0xf7, 0xff,
    0x12, 0x74, 0xff, 0xcd, 0x4a, 0xff, 0x12, 0x74, 0xff, 0xdf, 0xf7, 0xff, 0x2f, 0x5b, 0xff, 0xea, 0x29, 0xff, 0xea, 0x29, 0xff, 0x2f, 0x5b, 0xff,
    0xb8, 0xad, 0xff, 0xdf, 0xf7, 0xff, 0xdf, 0xf7, 0xff, 0xdf, 0xf7, 0xff, 0xdf, 0xf7, 0xff, 0xdf, 0xf7, 0xff, 0xdf, 0xf7, 0xff, 0xdf, 0xf7, 0xff,
    0xdf, 0xf7, 0xff, 0xdf, 0xf7, 0xff, 0xdf, 0xf7, 0xff, 0xdf, 0xf7, 0xff, 0xdf, 0xf7, 0xff, 0xdf, 0xf7, 0xff, 0xdf, 0xf7, 0xff, 0xdf, 0xf7, 0xff,
    0xdf, 0xf7, 0xff, 0xdf, 0xf7, 0xff, 0xdf, 0xf7, 0xff, 0xdf, 0xf7, 0xff, 0xdf, 0xf7, 0xff, 0xdf, 0xf7, 0xff, 0xdf, 0xf7, 0xff, 0xdf, 0xf7, 0xff,
    0xdf, 0xf7, 0xff, 0xdf, 0xf7, 0xff, 0xdf, 0xf7, 0xff, 0xdf, 0xf7, 0xff, 0xdf, 0xf7, 0xff, 0xdf, 0xf7, 0xff, 0xdf, 0xf7, 0xff, 0xdf, 0xf7, 0xff,
    0xdf, 0xf7, 0xff, 0xdf, 0xf7, 0xff, 0xdf, 0xf7, 0xff, 0xdf, 0xf7, 0xff, 0xdf, 0xf7, 0xff, 0xdf, 0xf7, 0xff, 0xdf, 0xf7, 0xff, 0xdf, 0xf7, 0xff,
    0xdf, 0xf7, 0xff, 0xdf, 0xf7, 0xff, 0xdf, 0xf7, 0xff, 0xdf, 0xf7, 0xff, 0xdf, 0xf7, 0xff, 0xdf, 0xf7, 0xff, 0xdf, 0xf7, 0xff, 0xdf, 0xf7, 0xff,
    0xdf, 0xf7, 0xff, 0xdf, 0xf7, 0xff, 0xdf, 0xf7, 0xff, 0xdf, 0xf7, 0xff, 0xdf, 0xf7, 0xff, 0xdf, 0xf7, 0xff, 0xdf, 0xf7, 0xff, 0xdf, 0xf7, 0xff,
    0xdf, 0xf7, 0xff, 0xdf, 0xf7, 0xff, 0xdf, 0xf7, 0xff, 0xdf, 0xf7, 0xff, 0xdf, 0xf7, 0xff, 0xdf, 0xf7, 0xff, 0xdf, 0xf7, 0xff, 0x7e, 0xef, 0xff,
    0xdf, 0xf7, 0xff, 0xdf, 0xf7, 0xff, 0xdf, 0xf7, 0xff, 0xdf, 0xf7, 0xff, 0xdf, 0xf7, 0xff, 0xdf, 0xf7, 0xff, 0xdf, 0xf7, 0xff, 0xdf, 0xf7, 0xff,
    0xdf, 0xf7, 0xff, 0xdf, 0xf7, 0xff, 0xdf, 0xf7, 0xff, 0xdf, 0xf7, 0xff, 0xdf, 0xf7, 0xff, 0xdf, 0xf7, 0xff, 0xdf, 0xf7, 0xff, 0xdf, 0xf7, 0xff,
};

const lv_img_dsc_t home_text_title_img = {
    .header.cf = LV_IMG_CF_TRUE_COLOR_ALPHA,
    .header.always_zero = 0,
    .header.reserved = 0,
    .header.w = 78,
    .header.h = 20,
    .data_size = 78 * 20 * LV_IMG_PX_SIZE_ALPHA_BYTE,
    .data = home_text_title_img_map,
};

static const LV_ATTRIBUTE_MEM_ALIGN LV_ATTRIBUTE_LARGE_CONST uint8_t home_text_view_img_map[] = {
    0xff, 0xff, 0xff, 0xff, 0xff, 0xff, 0xff, 0xff, 0xff, 0xff, 0xff, 0xff, 0xff, 0xff, 0xff, 0xff, 0xff, 0xff, 0xff, 0xff, 0xff, 0xff, 0xff, 0xff,
    0xcd, 0x4a, 0xff, 0x27, 0x11, 0xff, 0xb0, 0x6b, 0xff, 0xff, 0xff, 0xff, 0xff, 0xff, 0xff, 0xff, 0xff, 0xff, 0xff, 0xff, 0xff, 0xff, 0xff, 0xff,
    0xff, 0xff, 0xff, 0xff, 0xff, 0xff, 0xff, 0xff, 0xff, 0xff, 0xff, 0xff, 0xff, 0xff, 0xff, 0x9e, 0xf7, 0xff, 0x1c, 0xe7, 0xff, 0x1c, 0xe7, 0xff,
    0x1c, 0xe7, 0xff, 0x1c, 0xe7, 0xff, 0xbb, 0xd6, 0xff, 0x59, 0xc6, 0xff, 0x59, 0xc6, 0xff, 0x76, 0xa5, 0xff, 0x76, 0xa5, 0xff, 0xf5, 0x94, 0xff,
    0x93, 0x84, 0xff, 0xb0, 0x6b, 0xff, 0x4f, 0x5b, 0xff, 0x0a, 0x2a, 0xff, 0x59, 0xc6, 0xff, 0xff, 0xff, 0xff, 0xff, 0xff, 0xff, 0xff, 0xff, 0xff,
    0xff, 0xff, 0xff, 0xff, 0xff, 0xff, 0xff, 0xff, 0xff, 0xff, 0xff, 0xff, 0xff, 0xff, 0xff, 0xff, 0xff, 0xff, 0xff, 0xff, 0xff, 0xcd, 0x4a, 0xff,
    0x27, 0x11, 0xff, 0xb0, 0x6b, 0xff, 0xff, 0xff, 0xff, 0xff, 0xff, 0xff, 0xff, 0xff, 0xff, 0xff, 0xff, 0xff, 0xff, 0xff, 0xff, 0xff, 0xff, 0xff,
    0xff, 0xff, 0xff, 0xff, 0xff, 0xff, 0xff, 0xff, 0xff, 0xff, 0xff, 0xff, 0x9e, 0xf7, 0xff, 0x89, 0x19, 0xff, 0x27, 0x11, 0xff, 0x27, 0x11, 0xff,
    0x27, 0x11, 0xff, 0x27, 0x11, 0xff, 0x27, 0x11, 0xff, 0x27, 0x11, 0xff, 0x27, 0x11, 0xff, 0x27, 0x11, 0xff, 0x27, 0x11, 0xff, 0x27, 0x11, 0xff,
    0x27, 0x11, 0xff, 0x27, 0x11, 0xff, 0x27, 0x11, 0xff, 0xcd, 0x4a, 0xff, 0x9e, 0xf7, 0xff, 0xff, 0xff, 0xff, 0x59, 0xc6, 0xff, 0xcd, 0x4a, 0xff,
    0xcd, 0x4a, 0xff, 0xcd, 0x4a, 0xff, 0xcd, 0x4a, 0xff, 0xcd, 0x4a, 0xff, 0xcd, 0x4a, 0xff, 0xcd, 0x4a, 0xff, 0x89, 0x19, 0xff, 0x27, 0x11, 0xff,
    0xea, 0x29, 0xff, 0xcd, 0x4a, 0xff, 0xcd, 0x4a, 0xff, 0xcd, 0x4a, 0xff, 0xcd, 0x4a, 0xff, 0xcd, 0x4a, 0xff, 0xcd, 0x4a, 0xff, 0xcd, 0x4a, 0xff,
    0x76, 0xa5, 0xff, 0xff, 0xff, 0xff, 0xff, 0xff, 0xff, 0xff, 0xff, 0xff, 0x93, 0x84, 0xff, 0xb0, 0x6b, 0xff, 0xb0, 0x6b, 0xff, 0xb0, 0x6b, 0xff,
    0xb0, 0x6b, 0xff, 0x89, 0x19, 0xff, 0x27, 0x11, 0xff, 0xea, 0x29, 0xff, 0x93, 0x84, 0xff, 0x76, 0xa5, 0xff, 0x76, 0xa5, 0xff, 0x39, 0xc6, 0xff,
    0x1c, 0xe7, 0xff, 0x9e, 0xf7, 0xff, 0xff, 0xff, 0xff, 0xff, 0xff, 0xff, 0xff, 0xff, 0xff, 0x76, 0xa5, 0xff, 0x27, 0x11, 0xff, 0x27, 0x11, 0xff,
    0x27, 0x11, 0xff, 0x27, 0x11, 0xff, 0x27, 0x11, 0xff, 0x27, 0x11, 0xff, 0x27, 0x11, 0xff, 0x27, 0x11, 0xff, 0x27, 0x11, 0xff, 0x27, 0x11, 0xff,
    0x27, 0x11, 0xff, 0x27, 0x11, 0xff, 0x27, 0x11, 0xff, 0x27, 0x11, 0xff, 0x27, 0x11, 0xff, 0x27, 0x11, 0xff, 0x27, 0x11, 0xff, 0x93, 0x84, 0xff,
    0xff, 0xff, 0xff, 0xff, 0xff, 0xff, 0xff, 0xff, 0xff, 0x93, 0x84, 0xff, 0x93, 0x84, 0xff, 0x93, 0x84, 0xff, 0x93, 0x84, 0xff, 0x93, 0x84, 0xff,
    0x27, 0x11, 0xff, 0x27, 0x11, 0xff, 0xcd, 0x4a, 0xff, 0x93, 0x84, 0xff, 0x93, 0x84, 0xff, 0x93, 0x84, 0xff, 0x93, 0x84, 0xff, 0x93, 0x84, 0xff,
    0x93, 0x84, 0xff, 0x93, 0x84, 0xff, 0xbb, 0xd6, 0xff, 0xff, 0xff, 0xff, 0x1c, 0xe7, 0xff, 0x76, 0xa5, 0xff, 0x76, 0xa5, 0xff, 0x76, 0xa5, 0xff,
    0x76, 0xa5, 0xff, 0xcd, 0x4a, 0xff, 0x27, 0x11, 0xff, 0x27, 0x11, 0xff, 0x27, 0x11, 0xff, 0x27, 0x11, 0xff, 0x27, 0x11, 0xff, 0x27, 0x11, 0xff,
    0x27, 0x11, 0xff, 0x93, 0x84, 0xff, 0x76, 0xa5, 0xff, 0x76, 0xa5, 0xff, 0x76, 0xa5, 0xff, 0x76, 0xa5, 0xff, 0xbb, 0xd6, 0xff, 0xff, 0xff, 0xff,
    0xff, 0xff, 0xff, 0xff, 0xff, 0xff, 0x27, 0x11, 0xff, 0x27, 0x11, 0xff, 0x27, 0x11, 0xff, 0x27, 0x11, 0xff, 0x27, 0x11, 0xff, 0x27, 0x11, 0xff,
    0x27, 0x11, 0xff, 0x27, 0x11, 0xff, 0x27, 0x11, 0xff, 0x27, 0x11, 0xff, 0x27, 0x11, 0xff, 0x27, 0x11, 0xff, 0x27, 0x11, 0xff, 0x27, 0x11, 0xff,
    0x27, 0x11, 0xff, 0x76, 0xa5, 0xff, 0xff, 0xff, 0xff, 0xff, 0xff, 0xff, 0xff, 0xff, 0xff, 0xff, 0xff, 0xff, 0xff, 0xff, 0xff, 0xf5, 0x94, 0xff,
    0x27, 0x11, 0xff, 0x27, 0x11, 0xff, 0xcd, 0x4a, 0xff, 0xcd, 0x4a, 0xff, 0x27, 0x11, 0xff, 0x4f, 0x5b, 0xff, 0x6c, 0x3a, 0xff, 0x27, 0x11, 0xff,
    0x89, 0x19, 0xff, 0xf5, 0x94, 0xff, 0xff, 0xff, 0xff, 0xff, 0xff, 0xff, 0xff, 0xff, 0xff, 0xff, 0xff, 0xff, 0xff, 0xff, 0xff, 0xff, 0xff, 0xff,
    0xff, 0xff, 0xff, 0x39, 0xc6, 0xff, 0x39, 0xc6, 0xff, 0x39, 0xc6, 0xff, 0x39, 0xc6, 0xff, 0x89, 0x19, 0xff, 0x27, 0x11, 0xff, 0x6c, 0x3a, 0xff,
    0x39, 0xc6, 0xff, 0x39, 0xc6, 0xff, 0x39, 0xc6, 0xff, 0x39, 0xc6, 0xff, 0x39, 0xc6, 0xff, 0x39, 0xc6, 0xff, 0x39, 0xc6, 0xff, 0x39, 0xc6, 0xff,
    0x9e, 0xf7, 0xff, 0xff, 0xff, 0xff, 0xff, 0xff, 0xff, 0xff, 0xff, 0xff, 0x59, 0xc6, 0xff, 0xcd, 0x4a, 0xff, 0x27, 0x11, 0xff, 0x27, 0x11, 0xff,
    0xcd, 0x4a, 0xff, 0x9e, 0xf7, 0xff, 0xcd, 0x4a, 0xff, 0x27, 0x11, 0xff, 0xb0, 0x6b, 0xff, 0x9e, 0xf7, 0xff, 0xcd, 0x4a, 0xff, 0x27, 0x11, 0xff,
    0x27, 0x11, 0xff, 0xea, 0x29, 0xff, 0x59, 0xc6, 0xff, 0xff, 0xff, 0xff, 0xff, 0xff, 0xff, 0xff, 0xff, 0xff, 0xd8, 0xb5, 0xff, 0x0a, 0x2a, 0xff,
    0x0a, 0x2a, 0xff, 0x0a, 0x2a, 0xff, 0x0a, 0x2a, 0xff, 0x0a, 0x2a, 0xff, 0x27, 0x11, 0xff, 0x27, 0x11, 0xff, 0x89, 0x19, 0xff, 0x0a, 0x2a, 0xff,
    0x0a, 0x2a, 0xff, 0x0a, 0x2a, 0xff, 0x0a, 0x2a, 0xff, 0x0a, 0x2a, 0xff, 0x0a, 0x2a, 0xff, 0x0a, 0x2a, 0xff, 0x0a, 0x2a, 0xff, 0x0a, 0x2a, 0xff,
    0xf5, 0x94, 0xff, 0x59, 0xc6, 0xff, 0xcd, 0x4a, 0xff, 0x27, 0x11, 0xff, 0x27, 0x11, 0xff, 0x27, 0x11, 0xff, 0x12, 0x7c, 0xff, 0xff, 0xff, 0xff,
    0xff, 0xff, 0xff, 0xb0, 0x6b, 0xff, 0xea, 0x29, 0xff, 0x12, 0x7c, 0xff, 0xff, 0xff, 0xff, 0xff, 0xff, 0xff, 0x93, 0x84, 0xff, 0x27, 0x11, 0xff,
    0x27, 0x11, 0xff, 0x27, 0x11, 0xff, 0xea, 0x29, 0xff, 0x76, 0xa5, 0xff, 0xff, 0xff, 0xff, 0x76, 0xa5, 0xff, 0x27, 0x11, 0xff, 0x27, 0x11, 0xff,
    0x27, 0x11, 0xff, 0x27, 0x11, 0xff, 0x27, 0x11, 0xff, 0x27, 0x11, 0xff, 0x27, 0x11, 0xff, 0x27, 0x11, 0xff, 0x27, 0x11, 0xff, 0x27, 0x11, 0xff,
    0x27, 0x11, 0xff, 0x27, 0x11, 0xff, 0x27, 0x11, 0xff, 0x27, 0x11, 0xff, 0x27, 0x11, 0xff, 0x27, 0x11, 0xff, 0x27, 0x11, 0xff, 0x93, 0x84, 0xff,
    0x93, 0x84, 0xff, 0x27, 0x11, 0xff, 0x27, 0x11, 0xff, 0x27, 0x11, 0xff, 0xcd, 0x4a, 0xff, 0x93, 0x84, 0xff, 0x93, 0x84, 0xff, 0x93, 0x84, 0xff,
    0x93, 0x84, 0xff, 0x93, 0x84, 0xff, 0x93, 0x84, 0xff, 0x93, 0x84, 0xff, 0x93, 0x84, 0xff, 0x93, 0x84, 0xff, 0x2f, 0x5b, 0xff, 0x89, 0x19, 0xff,
    0x27, 0x11, 0xff, 0x27, 0x11, 0xff, 0x59, 0xc6, 0xff, 0xff, 0xff, 0xff, 0xff, 0xff, 0xff, 0xff, 0xff, 0xff, 0xff, 0xff, 0xff, 0xff, 0xff, 0xff,
    0xf5, 0x94, 0xff, 0x27, 0x11, 0xff, 0x27, 0x11, 0xff, 0x93, 0x84, 0xff, 0x1c, 0xe7, 0xff, 0x1c, 0xe7, 0xff, 0x1c, 0xe7, 0xff, 0x1c, 0xe7, 0xff,
    0x1c, 0xe7, 0xff, 0x1c, 0xe7, 0xff, 0x1c, 0xe7, 0xff, 0x1c, 0xe7, 0xff, 0x9e, 0xf7, 0xff, 0xff, 0xff, 0xff, 0xff, 0xff, 0xff, 0xff, 0xff, 0xff,
    0xf5, 0x94, 0xff, 0x76, 0xa5, 0xff, 0x76, 0xa5, 0xff, 0x27, 0x11, 0xff, 0x27, 0x11, 0xff, 0x27, 0x11, 0xff, 0x27, 0x11, 0xff, 0x27, 0x11, 0xff,
    0x27, 0x11, 0xff, 0x27, 0x11, 0xff, 0x27, 0x11, 0xff, 0x27, 0x11, 0xff, 0x27, 0x11, 0xff, 0x27, 0x11, 0xff, 0x59, 0xc6, 0xff, 0x39, 0xc6, 0xff,
    0xf5, 0x94, 0xff, 0xff, 0xff, 0xff, 0xff, 0xff, 0xff, 0xff, 0xff, 0xff, 0xff, 0xff, 0xff, 0xff, 0xff, 0xff, 0x3c, 0xe7, 0xff, 0x27, 0x11, 0xff,
    0x27, 0x11, 0xff, 0x27, 0x11, 0xff, 0x27, 0x11, 0xff, 0x27, 0x11, 0xff, 0x27, 0x11, 0xff, 0x27, 0x11, 0xff, 0x27, 0x11, 0xff, 0x27, 0x11, 0xff,
    0x27, 0x11, 0xff, 0x27, 0x11, 0xff, 0x27, 0x11, 0xff, 0x93, 0x84, 0xff, 0xff, 0xff, 0xff, 0xff, 0xff, 0xff, 0xff, 0xff, 0xff, 0xff, 0xff, 0xff,
    0xff, 0xff, 0xff, 0x76, 0xa5, 0xff, 0x27, 0x11, 0xff, 0x27, 0x11, 0xff, 0x1c, 0xe7, 0xff, 0x1c, 0xe7, 0xff, 0x1c, 0xe7, 0xff, 0x1c, 0xe7, 0xff,
    0x1c, 0xe7, 0xff, 0x1c, 0xe7, 0xff, 0x76, 0xa5, 0xff, 0x27, 0x11, 0xff, 0x27, 0x11, 0xff, 0x59, 0xc6, 0xff, 0xff, 0xff, 0xff, 0xff, 0xff, 0xff,
    0xff, 0xff, 0xff, 0xff, 0xff, 0xff, 0xff, 0xff, 0xff, 0xff, 0xff, 0xff, 0x3c, 0xe7, 0xff, 0xea, 0x29, 0xff, 0x27, 0x11, 0xff, 0x27, 0x11, 0xff,
    0x89, 0x19, 0xff, 0xb0, 0x6b, 0xff, 0xb0, 0x6b, 0xff, 0xb0, 0x6b, 0xff, 0xb0, 0x6b, 0xff, 0xb0, 0x6b, 0xff, 0xb0, 0x6b, 0xff, 0xb0, 0x6b, 0xff,
    0x89, 0x19, 0xff, 0x27, 0x11, 0xff, 0x93, 0x84, 0xff, 0xff, 0xff, 0xff, 0xff, 0xff, 0xff, 0xff, 0xff, 0xff, 0xff, 0xff, 0xff, 0xff, 0xff, 0xff,
    0x76, 0xa5, 0xff, 0x27, 0x11, 0xff, 0x27, 0x11, 0xff, 0x0a, 0x2a, 0xff, 0x0a, 0x2a, 0xff, 0x0a, 0x2a, 0xff, 0x0a, 0x2a, 0xff, 0x0a, 0x2a, 0xff,
    0x0a, 0x2a, 0xff, 0x0a, 0x2a, 0xff, 0x27, 0x11, 0xff, 0x27, 0x11, 0xff, 0x59, 0xc6, 0xff, 0xff, 0xff, 0xff, 0xff, 0xff, 0xff, 0xff, 0xff, 0xff,
    0xff, 0xff, 0xff, 0xff, 0xff, 0xff, 0x59, 0xc6, 0xff, 0xea, 0x29, 0xff, 0x27, 0x11, 0xff, 0x27, 0x11, 0xff, 0x27, 0x11, 0xff, 0x89, 0x19, 0xff,
    0x93, 0x84, 0xff, 0x93, 0x84, 0xff, 0x93, 0x84, 0xff, 0x93, 0x84, 0xff, 0x93, 0x84, 0xff, 0x93, 0x84, 0xff, 0x93, 0x84, 0xff, 0x89, 0x19, 0xff,
    0x27, 0x11, 0xff, 0x93, 0x84, 0xff, 0xff, 0xff, 0xff, 0xff, 0xff, 0xff, 0xff, 0xff, 0xff, 0xff, 0xff, 0xff, 0xff, 0xff, 0xff, 0x76, 0xa5, 0xff,
    0x27, 0x11, 0xff, 0x27, 0x11, 0xff, 0xb0, 0x6b, 0xff, 0xb0, 0x6b, 0xff, 0xb0, 0x6b, 0xff, 0xb0, 0x6b, 0xff, 0xb0, 0x6b, 0xff, 0xb0, 0x6b, 0xff,
    0xcd, 0x4a, 0xff, 0x27, 0x11, 0xff, 0x27, 0x11, 0xff, 0x59, 0xc6, 0xff, 0xff, 0xff, 0xff, 0xff, 0xff, 0xff, 0xff, 0xff, 0xff, 0xff, 0xff, 0xff,
    0x32, 0x7c, 0xff, 0x27, 0x11, 0xff, 0x27, 0x11, 0xff, 0x27, 0x11, 0xff, 0x4f, 0x5b, 0xff, 0x27, 0x11, 0xff, 0x27, 0x11, 0xff, 0x27, 0x11, 0xff,
    0x27, 0x11, 0xff, 0x27, 0x11, 0xff, 0x27, 0x11, 0xff, 0x27, 0x11, 0xff, 0x27, 0x11, 0xff, 0x27, 0x11, 0xff, 0x27, 0x11, 0xff, 0x27, 0x11, 0xff,
    0x93, 0x84, 0xff, 0xff, 0xff, 0xff, 0xff, 0xff, 0xff, 0xff, 0xff, 0xff, 0xff, 0xff, 0xff, 0xff, 0xff, 0xff, 0x76, 0xa5, 0xff, 0x27, 0x11, 0xff,
    0x27, 0x11, 0xff, 0x76, 0xa5, 0xff, 0x76, 0xa5, 0xff, 0x76, 0xa5, 0xff, 0x76, 0xa5, 0xff, 0x76, 0xa5, 0xff, 0x76, 0xa5, 0xff, 0x93, 0x84, 0xff,
    0x27, 0x11, 0xff, 0x27, 0x11, 0xff, 0x59, 0xc6, 0xff, 0xff, 0xff, 0xff, 0xff, 0xff, 0xff, 0xff, 0xff, 0xff, 0xff, 0xff, 0xff, 0x76, 0xa5, 0xff,
    0x27, 0x11, 0xff, 0xea, 0x29, 0xff, 0x59, 0xc6, 0xff, 0x76, 0xa5, 0xff, 0x27, 0x11, 0xff, 0xea, 0x29, 0xff, 0x1c, 0xe7, 0xff, 0x1c, 0xe7, 0xff,
    0x1c, 0xe7, 0xff, 0x1c, 0xe7, 0xff, 0x1c, 0xe7, 0xff, 0x1c, 0xe7, 0xff, 0x1c, 0xe7, 0xff, 0xea, 0x29, 0xff, 0x27, 0x11, 0xff, 0x93, 0x84, 0xff,
    0xff, 0xff, 0xff, 0xff, 0xff, 0xff, 0xff, 0xff, 0xff, 0xff, 0xff, 0xff, 0xff, 0xff, 0xff, 0x76, 0xa5, 0xff, 0x27, 0x11, 0xff, 0x27, 0x11, 0xff,
    0x27, 0x11, 0xff, 0x27, 0x11, 0xff, 0x27, 0x11, 0xff, 0x27, 0x11, 0xff, 0x27, 0x11, 0xff, 0x27, 0x11, 0xff, 0x27, 0x11, 0xff, 0x27, 0x11, 0xff,
    0x27, 0x11, 0xff, 0x59, 0xc6, 0xff, 0xff, 0xff, 0xff, 0xff, 0xff, 0xff, 0xff, 0xff, 0xff, 0xff, 0xff, 0xff, 0xff, 0xff, 0xff, 0x76, 0xa5, 0xff,
    0x9e, 0xf7, 0xff, 0xff, 0xff, 0xff, 0x76, 0xa5, 0xff, 0x27, 0x11, 0xff, 0x27, 0x11, 0xff, 0x27, 0x11, 0xff, 0x27, 0x11, 0xff, 0x27, 0x11, 0xff,
    0x27, 0x11, 0xff, 0x27, 0x11, 0xff, 0x27, 0x11, 0xff, 0x27, 0x11, 0xff, 0x27, 0x11, 0xff, 0x27, 0x11, 0xff, 0x93, 0x84, 0xff, 0xff, 0xff, 0xff,
    0xff, 0xff, 0xff, 0xff, 0xff, 0xff, 0xff, 0xff, 0xff, 0xff, 0xff, 0xff, 0x1c, 0xe7, 0xff, 0x39, 0xc6, 0xff, 0x39, 0xc6, 0xff, 0x39, 0xc6, 0xff,
    0x39, 0xc6, 0xff, 0x39, 0xc6, 0xff, 0x39, 0xc6, 0xff, 0x39, 0xc6, 0xff, 0x39, 0xc6, 0xff, 0x39, 0xc6, 0xff, 0x39, 0xc6, 0xff, 0x39, 0xc6, 0xff,
    0x9e, 0xf7, 0xff, 0xff, 0xff, 0xff, 0xff, 0xff, 0xff, 0xff, 0xff, 0xff, 0xff, 0xff, 0xff, 0xff, 0xff, 0xff, 0xff, 0xff, 0xff, 0xff, 0xff, 0xff,
    0xff, 0xff, 0xff, 0x76, 0xa5, 0xff, 0x27, 0x11, 0xff, 0x89, 0x19, 0xff, 0x76, 0xa5, 0xff, 0x76, 0xa5, 0xff, 0x76, 0xa5, 0xff, 0x76, 0xa5, 0xff,
    0x76, 0xa5, 0xff, 0x76, 0xa5, 0xff, 0x76, 0xa5, 0xff, 0x89, 0x19, 0xff, 0x27, 0x11, 0xff, 0x93, 0x84, 0xff, 0xff, 0xff, 0xff, 0xff, 0xff, 0xff,
    0x39, 0xc6, 0xff, 0x0a, 0x2a, 0xff, 0x0a, 0x2a, 0xff, 0x0a, 0x2a, 0xff, 0x0a, 0x2a, 0xff, 0x0a, 0x2a, 0xff, 0x0a, 0x2a, 0xff, 0x0a, 0x2a, 0xff,
    0x0a, 0x2a, 0xff, 0x0a, 0x2a, 0xff, 0x0a, 0x2a, 0xff, 0x0a, 0x2a, 0xff, 0x0a, 0x2a, 0xff, 0x0a, 0x2a, 0xff, 0x0a, 0x2a, 0xff, 0x0a, 0x2a, 0xff,
    0x0a, 0x2a, 0xff, 0x0a, 0x2a, 0xff, 0xd8, 0xb5, 0xff, 0xff, 0xff, 0xff, 0xff, 0xff, 0xff, 0xff, 0xff, 0xff, 0xff, 0xff, 0xff, 0xff, 0xff, 0xff,
    0x76, 0xa5, 0xff, 0x27, 0x11, 0xff, 0x89, 0x19, 0xff, 0xcd, 0x4a, 0xff, 0xcd, 0x4a, 0xff, 0xcd, 0x4a, 0xff, 0xcd, 0x4a, 0xff, 0xcd, 0x4a, 0xff,
    0xcd, 0x4a, 0xff, 0xcd, 0x4a, 0xff, 0x27, 0x11, 0xff, 0x27, 0x11, 0xff, 0x93, 0x84, 0xff, 0xff, 0xff, 0xff, 0xff, 0xff, 0xff, 0x39, 0xc6, 0xff,
    0x27, 0x11, 0xff, 0x27, 0x11, 0xff, 0x27, 0x11, 0xff, 0x27, 0x11, 0xff, 0x27, 0x11, 0xff, 0x27, 0x11, 0xff, 0x27, 0x11, 0xff, 0x27, 0x11, 0xff,
    0x27, 0x11, 0xff, 0x27, 0x11, 0xff, 0x27, 0x11, 0xff, 0x27, 0x11, 0xff, 0x27, 0x11, 0xff, 0x27, 0x11, 0xff, 0x27, 0x11, 0xff, 0x27, 0x11, 0xff,
    0x27, 0x11, 0xff, 0x76, 0xa5, 0xff, 0xff, 0xff, 0xff, 0xff, 0xff, 0xff, 0xff, 0xff, 0xff, 0xff, 0xff, 0xff, 0xff, 0xff, 0xff, 0x76, 0xa5, 0xff,
    0x27, 0x11, 0xff, 0x27, 0x11, 0xff, 0x27, 0x11, 0xff, 0x27, 0x11, 0xff, 0x27, 0x11, 0xff, 0x27, 0x11, 0xff, 0x27, 0x11, 0xff, 0x27, 0x11, 0xff,
    0x27, 0x11, 0xff, 0x27, 0x11, 0xff, 0x27, 0x11, 0xff, 0x93, 0x84, 0xff, 0xff, 0xff, 0xff, 0xff, 0xff, 0xff, 0x9e, 0xf7, 0xff, 0x39, 0xc6, 0xff,
    0x39, 0xc6, 0xff, 0x39, 0xc6, 0xff, 0x39, 0xc6, 0xff, 0x39, 0xc6, 0xff, 0x39, 0xc6, 0xff, 0x39, 0xc6, 0xff, 0x39, 0xc6, 0xff, 0x39, 0xc6, 0xff,
    0x39, 0xc6, 0xff, 0x39, 0xc6, 0xff, 0x39, 0xc6, 0xff, 0x39, 0xc6, 0xff, 0x39, 0xc6, 0xff, 0x39, 0xc6, 0xff, 0x39, 0xc6, 0xff, 0x39, 0xc6, 0xff,
    0x9e, 0xf7, 0xff, 0xff, 0xff, 0xff, 0xff, 0xff, 0xff, 0xff, 0xff, 0xff, 0xff, 0xff, 0xff, 0xff, 0xff, 0xff, 0xd8, 0xb5, 0xff, 0xea, 0x29, 0xff,
    0xcd, 0x4a, 0xff, 0x1c, 0xe7, 0xff, 0x1c, 0xe7, 0xff, 0x1c, 0xe7, 0xff, 0x1c, 0xe7, 0xff, 0x1c, 0xe7, 0xff, 0x1c, 0xe7, 0xff, 0x1c, 0xe7, 0xff,
    0xcd, 0x4a, 0xff, 0xea, 0x29, 0xff, 0xf5, 0x94, 0xff, 0xff, 0xff, 0xff, 0xff, 0xff, 0xff,
};

const lv_img_dsc_t home_text_view_img = {
    .header.cf = LV_IMG_CF_TRUE_COLOR_ALPHA,
    .header.always_zero = 0,
    .header.reserved = 0,
    .header.w = 39,
    .header.h = 19,
    .data_size = 39 * 19 * LV_IMG_PX_SIZE_ALPHA_BYTE,
    .data = home_text_view_img_map,
};

static const LV_ATTRIBUTE_MEM_ALIGN LV_ATTRIBUTE_LARGE_CONST uint8_t home_text_view_desc_img_map[] = {
    0xff, 0xff, 0xff, 0x5a, 0xc6, 0xff, 0x7e, 0xef, 0xff, 0xff, 0xff, 0xff, 0xfc, 0xde, 0xff, 0x7a, 0xc6, 0xff, 0x7a, 0xc6, 0xff, 0x7a, 0xc6, 0xff,
    0x7a, 0xc6, 0xff, 0x7a, 0xc6, 0xff, 0x7a, 0xc6, 0xff, 0x7a, 0xc6, 0xff, 0xfc, 0xde, 0xff, 0xff, 0xff, 0xff, 0xff, 0xff, 0xff, 0xff, 0xff, 0xff,
    0xff, 0xff, 0xff, 0xff, 0xff, 0xff, 0xff, 0xff, 0xff, 0x19, 0xbe, 0xff, 0xf2, 0x6b, 0xff, 0xfc, 0xde, 0xff, 0xff, 0xff, 0xff, 0xff, 0xff, 0xff,
    0xff, 0xff, 0xff, 0xff, 0xff, 0xff, 0xff, 0xff, 0xff, 0xff, 0xff, 0xff, 0xff, 0xff, 0xff, 0x7a, 0xc6, 0xff, 0xfc, 0xde, 0xff, 0xfc, 0xde, 0xff,
    0x33, 0x74, 0xff, 0xbb, 0xce, 0xff, 0xff, 0xff, 0xff, 0x3d, 0xe7, 0xff, 0x15, 0x95, 0xff, 0x3d, 0xe7, 0xff, 0xff, 0xff, 0xff, 0xff, 0xff, 0xff,
    0xff, 0xff, 0xff, 0xff, 0xff, 0xff, 0xff, 0xff, 0xff, 0xff, 0xff, 0xff, 0xff, 0xff, 0xff, 0xff, 0xff, 0xff, 0xff, 0xff, 0xff, 0xff, 0xff, 0xff,
    0xff, 0xff, 0xff, 0xff, 0xff, 0xff, 0xff, 0xff, 0xff, 0x7e, 0xef, 0xff, 0xd8, 0xb5, 0xff, 0xd8, 0xb5, 0xff, 0xff, 0xff, 0xff, 0x3d, 0xe7, 0xff,
    0xb1, 0x63, 0xff, 0x33, 0x74, 0xff, 0x7e, 0xef, 0xff, 0x56, 0x9d, 0xff, 0xb1, 0x63, 0xff, 0xb1, 0x63, 0xff, 0xb1, 0x63, 0xff, 0xb1, 0x63, 0xff,
    0xb1, 0x63, 0xff, 0xb1, 0x63, 0xff, 0xb1, 0x63, 0xff, 0x56, 0x9d, 0xff, 0xff, 0xff, 0xff, 0xff, 0xff, 0xff, 0xd4, 0x8c, 0xff, 0xd4, 0x8c, 0xff,
    0xd4, 0x8c, 0xff, 0xd4, 0x8c, 0xff, 0x33, 0x74, 0xff, 0xb1, 0x63, 0xff, 0x33, 0x74, 0xff, 0xd4, 0x8c, 0xff, 0xd4, 0x8c, 0xff, 0xd4, 0x8c, 0xff,
    0xd4, 0x8c, 0xff, 0x7e, 0xef, 0xff, 0xff, 0xff, 0xff, 0xff, 0xff, 0xff, 0xb1, 0x63, 0xff, 0x56, 0x9d, 0xff, 0xfc, 0xde, 0xff, 0xb1, 0x63, 0xff,
    0x5a, 0xc6, 0xff, 0xff, 0xff, 0xff, 0x97, 0xad, 0xff, 0xb1, 0x63, 0xff, 0x3d, 0xe7, 0xff, 0xff, 0xff, 0xff, 0xff, 0xff, 0xff, 0xff, 0xff, 0xff,
    0xff, 0xff, 0xff, 0x5a, 0xc6, 0xff, 0x56, 0x9d, 0xff, 0x56, 0x9d, 0xff, 0x56, 0x9d, 0xff, 0x97, 0xad, 0xff, 0xff, 0xff, 0xff, 0x5a, 0xc6, 0xff,
    0x56, 0x9d, 0xff, 0x33, 0x74, 0xff, 0xb1, 0x63, 0xff, 0xb1, 0x63, 0xff, 0xf2, 0x6b, 0xff, 0x3d, 0xe7, 0xff, 0xff, 0xff, 0xff, 0x3d, 0xe7, 0xff,
    0xf2, 0x6b, 0xff, 0xd4, 0x8c, 0xff, 0xbf, 0xf7, 0xff, 0x7e, 0xef, 0xff, 0x3d, 0xe7, 0xff, 0xb1, 0x63, 0xff, 0x56, 0x9d, 0xff, 0x7e, 0xef, 0xff,
    0x7e, 0xef, 0xff, 0x7e, 0xef, 0xff, 0xbf, 0xf7, 0xff, 0xff, 0xff, 0xff, 0xff, 0xff, 0xff, 0xb4, 0x8c, 0xff, 0xb4, 0x8c, 0xff, 0x33, 0x74, 0xff,
    0x33, 0x74, 0xff, 0xb4, 0x8c, 0xff, 0xb4, 0x8c, 0xff, 0xb4, 0x8c, 0xff, 0x73, 0x84, 0xff, 0xf2, 0x6b, 0xff, 0xb4, 0x8c, 0xff, 0xb4, 0x8c, 0xff,
    0xbf, 0xf7, 0xff, 0xff, 0xff, 0xff, 0xff, 0xff, 0xff, 0xb1, 0x63, 0xff, 0x56, 0x9d, 0xff, 0xfc, 0xde, 0xff, 0xb1, 0x63, 0xff, 0x5a, 0xc6, 0xff,
    0xff, 0xff, 0xff, 0x33, 0x74, 0xff, 0xb1, 0x63, 0xff, 0xb1, 0x63, 0xff, 0xb1, 0x63, 0xff, 0xb1, 0x63, 0xff, 0xd4, 0x8c, 0xff, 0xff, 0xff, 0xff,
    0x56, 0x9d, 0xff, 0xb1, 0x63, 0xff, 0xb1, 0x63, 0xff, 0xb1, 0x63, 0xff, 0x33, 0x74, 0xff, 0xff, 0xff, 0xff, 0x33, 0x74, 0xff, 0xb1, 0x63, 0xff,
    0x15, 0x95, 0xff, 0xd8, 0xb5, 0xff, 0xfc, 0xde, 0xff, 0xff, 0xff, 0xff, 0xff, 0xff, 0xff, 0xff, 0xff, 0xff, 0xff, 0xff, 0xff, 0xbb, 0xce, 0xff,
    0x7e, 0xef, 0xff, 0x7e, 0xef, 0xff, 0x33, 0x74, 0xff, 0x33, 0x74, 0xff, 0xb1, 0x63, 0xff, 0xf2, 0x6b, 0xff, 0x33, 0x74, 0xff, 0x33, 0x74, 0xff,
    0x56, 0x9d, 0xff, 0xff, 0xff, 0xff, 0xff, 0xff, 0xff, 0xff, 0xff, 0xff, 0xff, 0xff, 0xff, 0xbe, 0xf7, 0xff, 0xf2, 0x6b, 0xff, 0xd4, 0x8c, 0xff,
    0xff, 0xff, 0xff, 0xff, 0xff, 0xff, 0xff, 0xff, 0xff, 0x56, 0x9d, 0xff, 0xb1, 0x63, 0xff, 0x5a, 0xc6, 0xff, 0xff, 0xff, 0xff, 0xff, 0xff, 0xff,
    0xff, 0xff, 0xff, 0xff, 0xff, 0xff, 0xb1, 0x63, 0xff, 0x56, 0x9d, 0xff, 0xfc, 0xde, 0xff, 0xb1, 0x63, 0xff, 0x5a, 0xc6, 0xff, 0x5a, 0xc6, 0xff,
    0xb1, 0x63, 0xff, 0x56, 0x9d, 0xff, 0xd8, 0xb5, 0xff, 0xd8, 0xb5, 0xff, 0xd8, 0xb5, 0xff, 0x5a, 0xc6, 0xff, 0xff, 0xff, 0xff, 0x56, 0x9d, 0xff,
    0xb1, 0x63, 0xff, 0xff, 0xff, 0xff, 0x33, 0x74, 0xff, 0x33, 0x74, 0xff, 0xff, 0xff, 0xff, 0x33, 0x74, 0xff, 0x33, 0x74, 0xff, 0xff, 0xff, 0xff,
    0xff, 0xff, 0xff, 0xff, 0xff, 0xff, 0xff, 0xff, 0xff, 0xff, 0xff, 0xff, 0xd8, 0xb5, 0xff, 0xd8, 0xb5, 0xff, 0xd8, 0xb5, 0xff, 0x7e, 0xef, 0xff,
    0xbe, 0xf7, 0xff, 0x56, 0x9d, 0xff, 0x74, 0x84, 0xff, 0xb1, 0x63, 0xff, 0x15, 0x95, 0xff, 0x56, 0x9d, 0xff, 0xf2, 0x6b, 0xff, 0x15, 0x95, 0xff,
    0xff, 0xff, 0xff, 0xff, 0xff, 0xff, 0x5a, 0xc6, 0xff, 0xd8, 0xb5, 0xff, 0xd8, 0xb5, 0xff, 0xf2, 0x6b, 0xff, 0xb1, 0x63, 0xff, 0x97, 0xa5, 0xff,
    0xd8, 0xb5, 0xff, 0xd8, 0xb5, 0xff, 0x33, 0x74, 0xff, 0xb1, 0x63, 0xff, 0xd8, 0xb5, 0xff, 0xd8, 0xb5, 0xff, 0x19, 0xbe, 0xff, 0xff, 0xff, 0xff,
    0xff, 0xff, 0xff, 0xb1, 0x63, 0xff, 0x56, 0x9d, 0xff, 0xfc, 0xde, 0xff, 0xb1, 0x63, 0xff, 0x19, 0xbe, 0xff, 0x33, 0x74, 0xff, 0x33, 0x74, 0xff,
    0xbb, 0xce, 0xff, 0x33, 0x74, 0xff, 0xd8, 0xb5, 0xff, 0xff, 0xff, 0xff, 0xff, 0xff, 0xff, 0xff, 0xff, 0xff, 0x56, 0x9d, 0xff, 0xb1, 0x63, 0xff,
    0xff, 0xff, 0xff, 0x33, 0x74, 0xff, 0x33, 0x74, 0xff, 0xff, 0xff, 0xff, 0x33, 0x74, 0xff, 0xf2, 0x6b, 0xff, 0x7a, 0xc6, 0xff, 0x7a, 0xc6, 0xff,
    0x7a, 0xc6, 0xff, 0x7a, 0xc6, 0xff, 0xbb, 0xce, 0xff, 0xb1, 0x63, 0xff, 0xb1, 0x63, 0xff, 0xb1, 0x63, 0xff, 0xfc, 0xde, 0xff, 0x7e, 0xef, 0xff,
    0x7e, 0xef, 0xff, 0xb4, 0x8c, 0xff, 0xf2, 0x6b, 0xff, 0x7e, 0xef, 0xff, 0x7e, 0xef, 0xff, 0xb1, 0x63, 0xff, 0x15, 0x95, 0xff, 0x7e, 0xef, 0xff,
    0xff, 0xff, 0xff, 0xb4, 0x8c, 0xff, 0xb1, 0x63, 0xff, 0xb1, 0x63, 0xff, 0xb1, 0x63, 0xff, 0xb1, 0x63, 0xff, 0xb1, 0x63, 0xff, 0xb1, 0x63, 0xff,
    0xb1, 0x63, 0xff, 0xb1, 0x63, 0xff, 0xb1, 0x63, 0xff, 0xb1, 0x63, 0xff, 0xb1, 0x63, 0xff, 0x33, 0x74, 0xff, 0xff, 0xff, 0xff, 0xff, 0xff, 0xff,
    0xb1, 0x63, 0xff, 0x56, 0x9d, 0xff, 0xfc, 0xde, 0xff, 0xb1, 0x63, 0xff, 0x97, 0xa5, 0xff, 0x33, 0x74, 0xff, 0x5a, 0xc6, 0xff, 0xbe, 0xf7, 0xff,
    0x74, 0x84, 0xff, 0xb1, 0x63, 0xff, 0xd8, 0xb5, 0xff, 0xff, 0xff, 0xff, 0xff, 0xff, 0xff, 0x56, 0x9d, 0xff, 0xb1, 0x63, 0xff, 0xff, 0xff, 0xff,
    0x33, 0x74, 0xff, 0x33, 0x74, 0xff, 0xff, 0xff, 0xff, 0x33, 0x74, 0xff, 0xb1, 0x63, 0xff, 0xb1, 0x63, 0xff, 0xb1, 0x63, 0xff, 0xb1, 0x63, 0xff,
    0xb1, 0x63, 0xff, 0x33, 0x74, 0xff, 0xff, 0xff, 0xff, 0x7a, 0xc6, 0xff, 0xb1, 0x63, 0xff, 0x7a, 0xc6, 0xff, 0xb1, 0x63, 0xff, 0xb1, 0x63, 0xff,
    0xb1, 0x63, 0xff, 0xb1, 0x63, 0xff, 0xb1, 0x63, 0xff, 0xb1, 0x63, 0xff, 0xb1, 0x63, 0xff, 0xb1, 0x63, 0xff, 0xb1, 0x63, 0xff, 0x7e, 0xef, 0xff,
    0xff, 0xff, 0xff, 0xff, 0xff, 0xff, 0x7e, 0xef, 0xff, 0x7e, 0xef, 0xff, 0x7e, 0xef, 0xff, 0x7e, 0xef, 0xff, 0x7e, 0xef, 0xff, 0x7e, 0xef, 0xff,
    0x7e, 0xef, 0xff, 0x7e, 0xef, 0xff, 0x7e, 0xef, 0xff, 0xff, 0xff, 0xff, 0xff, 0xff, 0xff, 0xff, 0xff, 0xff, 0xff, 0xff, 0xff, 0x56, 0x9d, 0xff,
    0x5a, 0xc6, 0xff, 0xfc, 0xde, 0xff, 0xb1, 0x63, 0xff, 0x5a, 0xc6, 0xff, 0xbf, 0xf7, 0xff, 0xff, 0xff, 0xff, 0xff, 0xff, 0xff, 0xbe, 0xf7, 0xff,
    0x74, 0x84, 0xff, 0x56, 0x9d, 0xff, 0xff, 0xff, 0xff, 0xff, 0xff, 0xff, 0x56, 0x9d, 0xff, 0xb1, 0x63, 0xff, 0xff, 0xff, 0xff, 0x33, 0x74, 0xff,
    0x33, 0x74, 0xff, 0xff, 0xff, 0xff, 0xb1, 0x63, 0xff, 0x74, 0x84, 0xff, 0xfc, 0xde, 0xff, 0x19, 0xbe, 0xff, 0xb1, 0x63, 0xff, 0x97, 0xa5, 0xff,
    0x3d, 0xe7, 0xff, 0xff, 0xff, 0xff, 0x7a, 0xc6, 0xff, 0xb1, 0x63, 0xff, 0xbb, 0xce, 0xff, 0x7a, 0xc6, 0xff, 0x7a, 0xc6, 0xff, 0x7a, 0xc6, 0xff,
    0x7a, 0xc6, 0xff, 0x7a, 0xc6, 0xff, 0x7a, 0xc6, 0xff, 0x7a, 0xc6, 0xff, 0x7a, 0xc6, 0xff, 0x7a, 0xc6, 0xff, 0xbf, 0xf7, 0xff, 0xff, 0xff, 0xff,
    0xff, 0xff, 0xff, 0xb1, 0x63, 0xff, 0xb1, 0x63, 0xff, 0xb1, 0x63, 0xff, 0xb1, 0x63, 0xff, 0xb1, 0x63, 0xff, 0xb1, 0x63, 0xff, 0xb1, 0x63, 0xff,
    0xb1, 0x63, 0xff, 0xb1, 0x63, 0xff, 0xfc, 0xde, 0xff, 0xff, 0xff, 0xff, 0xff, 0xff, 0xff, 0xff, 0xff, 0xff, 0x3d, 0xe7, 0xff, 0x7a, 0xc6, 0xff,
    0x7a, 0xc6, 0xff, 0x7a, 0xc6, 0xff, 0x7a, 0xc6, 0xff, 0x7a, 0xc6, 0xff, 0x7a, 0xc6, 0xff, 0x7a, 0xc6, 0xff, 0x7a, 0xc6, 0xff, 0x19, 0xbe, 0xff,
    0xfc, 0xde, 0xff, 0xff, 0xff, 0xff, 0xff, 0xff, 0xff, 0x56, 0x9d, 0xff, 0xb1, 0x63, 0xff, 0xff, 0xff, 0xff, 0x33, 0x74, 0xff, 0x33, 0x74, 0xff,
    0xff, 0xff, 0xff, 0xb1, 0x63, 0xff, 0xd4, 0x8c, 0xff, 0xff, 0xff, 0xff, 0xfc, 0xde, 0xff, 0xb1, 0x63, 0xff, 0x5a, 0xc6, 0xff, 0xff, 0xff, 0xff,
    0xff, 0xff, 0xff, 0x7a, 0xc6, 0xff, 0xb1, 0x63, 0xff, 0xfc, 0xde, 0xff, 0xff, 0xff, 0xff, 0x33, 0x74, 0xff, 0x33, 0x74, 0xff, 0x33, 0x74, 0xff,
    0x33, 0x74, 0xff, 0x33, 0x74, 0xff, 0x33, 0x74, 0xff, 0x33, 0x74, 0xff, 0x7e, 0xef, 0xff, 0xff, 0xff, 0xff, 0xff, 0xff, 0xff, 0xff, 0xff, 0xff,
    0xb1, 0x63, 0xff, 0xd4, 0x8c, 0xff, 0xfc, 0xde, 0xff, 0xfc, 0xde, 0xff, 0xfc, 0xde, 0xff, 0xfc, 0xde, 0xff, 0xfc, 0xde, 0xff, 0x56, 0x9d, 0xff,
    0xb1, 0x63, 0xff, 0xfc, 0xde, 0xff, 0xff, 0xff, 0xff, 0xff, 0xff, 0xff, 0xff, 0xff, 0xff, 0xd8, 0xb5, 0xff, 0xb1, 0x63, 0xff, 0xb1, 0x63, 0xff,
    0xb1, 0x63, 0xff, 0xb1, 0x63, 0xff, 0xb1, 0x63, 0xff, 0xb1, 0x63, 0xff, 0xb1, 0x63, 0xff, 0xb1, 0x63, 0xff, 0xb1, 0x63, 0xff, 0x56, 0x9d, 0xff,
    0xff, 0xff, 0xff, 0xff, 0xff, 0xff, 0x56, 0x9d, 0xff, 0xb1, 0x63, 0xff, 0x33, 0x74, 0xff, 0xb1, 0x63, 0xff, 0x33, 0x74, 0xff, 0x7e, 0xef, 0xff,
    0xb1, 0x63, 0xff, 0x15, 0x95, 0xff, 0xff, 0xff, 0xff, 0xfc, 0xde, 0xff, 0xb1, 0x63, 0xff, 0x5a, 0xc6, 0xff, 0xff, 0xff, 0xff, 0xff, 0xff, 0xff,
    0x7a, 0xc6, 0xff, 0xb1, 0x63, 0xff, 0xbb, 0xce, 0xff, 0xfc, 0xde, 0xff, 0xb1, 0x63, 0xff, 0x74, 0x84, 0xff, 0x56, 0x9d, 0xff, 0x56, 0x9d, 0xff,
    0x56, 0x9d, 0xff, 0x74, 0x84, 0xff, 0xb1, 0x63, 0xff, 0x7e, 0xef, 0xff, 0xff, 0xff, 0xff, 0xff, 0xff, 0xff, 0xff, 0xff, 0xff, 0xb1, 0x63, 0xff,
    0xf2, 0x6b, 0xff, 0x33, 0x74, 0xff, 0x33, 0x74, 0xff, 0x33, 0x74, 0xff, 0x33, 0x74, 0xff, 0x33, 0x74, 0xff, 0xf2, 0x6b, 0xff, 0xb1, 0x63, 0xff,
    0xfc, 0xde, 0xff, 0xff, 0xff, 0xff, 0xff, 0xff, 0xff, 0xff, 0xff, 0xff, 0xd8, 0xb5, 0xff, 0xb1, 0x63, 0xff, 0x7e, 0xef, 0xff, 0x56, 0x9d, 0xff,
    0x33, 0x74, 0xff, 0xff, 0xff, 0xff, 0x33, 0x74, 0xff, 0xd4, 0x8c, 0xff, 0xff, 0xff, 0xff, 0xb1, 0x63, 0xff, 0x56, 0x9d, 0xff, 0xff, 0xff, 0xff,
    0xff, 0xff, 0xff, 0x56, 0x9d, 0xff, 0xb1, 0x63, 0xff, 0xb4, 0x8c, 0xff, 0xb4, 0x8c, 0xff, 0x56, 0x9d, 0xff, 0xfc, 0xde, 0xff, 0xb1, 0x63, 0xff,
    0xd8, 0xb5, 0xff, 0xff, 0xff, 0xff, 0xfc, 0xde, 0xff, 0xb1, 0x63, 0xff, 0x5a, 0xc6, 0xff, 0xff, 0xff, 0xff, 0xff, 0xff, 0xff, 0x7a, 0xc6, 0xff,
    0xb1, 0x63, 0xff, 0xb1, 0x63, 0xff, 0x33, 0x74, 0xff, 0xb1, 0x63, 0xff, 0xd8, 0xb5, 0xff, 0xff, 0xff, 0xff, 0xff, 0xff, 0xff, 0xff, 0xff, 0xff,
    0xd8, 0xb5, 0xff, 0xb1, 0x63, 0xff, 0x7e, 0xef, 0xff, 0xff, 0xff, 0xff, 0xff, 0xff, 0xff, 0xff, 0xff, 0xff, 0xb1, 0x63, 0xff, 0x74, 0x84, 0xff,
    0xd8, 0xb5, 0xff, 0xd8, 0xb5, 0xff, 0xd8, 0xb5, 0xff, 0xd8, 0xb5, 0xff, 0xd8, 0xb5, 0xff, 0xb4, 0x8c, 0xff, 0xb1, 0x63, 0xff, 0xfc, 0xde, 0xff,
    0xff, 0xff, 0xff, 0xff, 0xff, 0xff, 0xff, 0xff, 0xff, 0xd8, 0xb5, 0xff, 0xb1, 0x63, 0xff, 0x7e, 0xef, 0xff, 0x56, 0x9d, 0xff, 0x33, 0x74, 0xff,
    0xff, 0xff, 0xff, 0x33, 0x74, 0xff, 0xd4, 0x8c, 0xff, 0xff, 0xff, 0xff, 0xb1, 0x63, 0xff, 0x56, 0x9d, 0xff, 0xff, 0xff, 0xff, 0xff, 0xff, 0xff,
    0x97, 0xa5, 0xff, 0x33, 0x74, 0xff, 0xff, 0xff, 0xff, 0xff, 0xff, 0xff, 0xff, 0xff, 0xff, 0x56, 0x9d, 0xff, 0xb1, 0x63, 0xff, 0xfc, 0xde, 0xff,
    0xff, 0xff, 0xff, 0xfc, 0xde, 0xff, 0xb1, 0x63, 0xff, 0x5a, 0xc6, 0xff, 0xff, 0xff, 0xff, 0xff, 0xff, 0xff, 0x74, 0x84, 0xff, 0xb1, 0x63, 0xff,
    0x74, 0x84, 0xff, 0x7e, 0xef, 0xff, 0xb1, 0x63, 0xff, 0x74, 0x84, 0xff, 0x56, 0x9d, 0xff, 0x56, 0x9d, 0xff, 0x56, 0x9d, 0xff, 0x74, 0x84, 0xff,
    0xb1, 0x63, 0xff, 0x7e, 0xef, 0xff, 0xff, 0xff, 0xff, 0xff, 0xff, 0xff, 0xff, 0xff, 0xff, 0xb1, 0x63, 0xff, 0x74, 0x84, 0xff, 0xd8, 0xb5, 0xff,
    0xd8, 0xb5, 0xff, 0xd8, 0xb5, 0xff, 0xd8, 0xb5, 0xff, 0xd8, 0xb5, 0xff, 0xb4, 0x8c, 0xff, 0xb1, 0x63, 0xff, 0xfc, 0xde, 0xff, 0xff, 0xff, 0xff,
    0xff, 0xff, 0xff, 0x19, 0xbe, 0xff, 0xb4, 0x8c, 0xff, 0xb1, 0x63, 0xff, 0x97, 0xa5, 0xff, 0x74, 0x84, 0xff, 0xf2, 0x6b, 0xff, 0xd8, 0xb5, 0xff,
    0xf2, 0x6b, 0xff, 0x33, 0x74, 0xff, 0xd8, 0xb5, 0xff, 0xb1, 0x63, 0xff, 0x74, 0x84, 0xff, 0x19, 0xbe, 0xff, 0xff, 0xff, 0xff, 0xff, 0xff, 0xff,
    0xff, 0xff, 0xff, 0xff, 0xff, 0xff, 0xff, 0xff, 0xff, 0x7e, 0xef, 0xff, 0x33, 0x74, 0xff, 0x33, 0x74, 0xff, 0xff, 0xff, 0xff, 0xff, 0xff, 0xff,
    0xfc, 0xde, 0xff, 0xb1, 0x63, 0xff, 0x5a, 0xc6, 0xff, 0xff, 0xff, 0xff, 0xff, 0xff, 0xff, 0xd8, 0xb5, 0xff, 0x97, 0xa5, 0xff, 0xff, 0xff, 0xff,
    0xff, 0xff, 0xff, 0xb1, 0x63, 0xff, 0xf2, 0x6b, 0xff, 0x33, 0x74, 0xff, 0x33, 0x74, 0xff, 0x33, 0x74, 0xff, 0xf2, 0x6b, 0xff, 0xb1, 0x63, 0xff,
    0x7e, 0xef, 0xff, 0xff, 0xff, 0xff, 0xff, 0xff, 0xff, 0xff, 0xff, 0xff, 0xb1, 0x63, 0xff, 0xf2, 0x6b, 0xff, 0x33, 0x74, 0xff, 0x33, 0x74, 0xff,
    0x33, 0x74, 0xff, 0x33, 0x74, 0xff, 0x33, 0x74, 0xff, 0xf2, 0x6b, 0xff, 0xb1, 0x63, 0xff, 0xfc, 0xde, 0xff, 0xff, 0xff, 0xff, 0xff, 0xff, 0xff,
    0x33, 0x74, 0xff, 0xb1, 0x63, 0xff, 0xb1, 0x63, 0xff, 0xb1, 0x63, 0xff, 0xb1, 0x63, 0xff, 0xb1, 0x63, 0xff, 0xb1, 0x63, 0xff, 0xb1, 0x63, 0xff,
    0xb1, 0x63, 0xff, 0xb1, 0x63, 0xff, 0xb1, 0x63, 0xff, 0xb1, 0x63, 0xff, 0x33, 0x74, 0xff, 0xff, 0xff, 0xff, 0xff, 0xff, 0xff, 0xff, 0xff, 0xff,
    0xff, 0xff, 0xff, 0xff, 0xff, 0xff, 0xfc, 0xde, 0xff, 0x33, 0x74, 0xff, 0xd8, 0xb5, 0xff, 0xff, 0xff, 0xff, 0xff, 0xff, 0xff, 0xfc, 0xde, 0xff,
    0xb1, 0x63, 0xff, 0x5a, 0xc6, 0xff, 0xff, 0xff, 0xff, 0xff, 0xff, 0xff, 0xff, 0xff, 0xff, 0xff, 0xff, 0xff, 0xff, 0xff, 0xff, 0xff, 0xff, 0xff,
    0xfc, 0xde, 0xff, 0x7e, 0xef, 0xff, 0xff, 0xff, 0xff, 0xff, 0xff, 0xff, 0xff, 0xff, 0xff, 0x7e, 0xef, 0xff, 0xfc, 0xde, 0xff, 0xff, 0xff, 0xff,
    0xff, 0xff, 0xff, 0xff, 0xff, 0xff, 0xff, 0xff, 0xff, 0x7a, 0xc6, 0xff, 0xfc, 0xde, 0xff, 0xff, 0xff, 0xff, 0xff, 0xff, 0xff, 0xff, 0xff, 0xff,
    0xff, 0xff, 0xff, 0xff, 0xff, 0xff, 0x3d, 0xe7, 0xff, 0x7a, 0xc6, 0xff, 0x7e, 0xef, 0xff, 0xff, 0xff, 0xff, 0xff, 0xff, 0xff, 0xff, 0xff, 0xff,
    0xff, 0xff, 0xff, 0xff, 0xff, 0xff, 0xff, 0xff, 0xff, 0xff, 0xff, 0xff, 0xff, 0xff, 0xff, 0xff, 0xff, 0xff, 0xff, 0xff, 0xff, 0xff, 0xff, 0xff,
    0xff, 0xff, 0xff, 0xff, 0xff, 0xff, 0xff, 0xff, 0xff, 0xff, 0xff, 0xff, 0xff, 0xff, 0xff, 0xff, 0xff, 0xff, 0xff, 0xff, 0xff, 0xff, 0xff, 0xff,
    0xff, 0xff, 0xff, 0xff, 0xff, 0xff, 0x7e, 0xef, 0xff, 0xff, 0xff, 0xff, 0xff, 0xff, 0xff, 0xff, 0xff, 0xff, 0xbe, 0xf7, 0xff, 0xfc, 0xde, 0xff,
    0xbf, 0xf7, 0xff, 0xff, 0xff, 0xff,
};

const lv_img_dsc_t home_text_view_desc_img = {
    .header.cf = LV_IMG_CF_TRUE_COLOR_ALPHA,
    .header.always_zero = 0,
    .header.reserved = 0,
    .header.w = 55,
    .header.h = 14,
    .data_size = 55 * 14 * LV_IMG_PX_SIZE_ALPHA_BYTE,
    .data = home_text_view_desc_img_map,
};

static const LV_ATTRIBUTE_MEM_ALIGN LV_ATTRIBUTE_LARGE_CONST uint8_t home_text_call_img_map[] = {
    0xff, 0xff, 0xff, 0xff, 0xff, 0xff, 0xff, 0xff, 0xff, 0xff, 0xff, 0xff, 0xff, 0xff, 0xff, 0xff, 0xff, 0xff, 0xff, 0xff, 0xff, 0xff, 0xff, 0xff,
    0xff, 0xff, 0xff, 0xff, 0xff, 0xff, 0xff, 0xff, 0xff, 0x1c, 0xe7, 0xff, 0xd8, 0xb5, 0xff, 0xf5, 0x94, 0xff, 0xb0, 0x6b, 0xff, 0x89, 0x19, 0xff,
    0x76, 0xa5, 0xff, 0xff, 0xff, 0xff, 0xff, 0xff, 0xff, 0xff, 0xff, 0xff, 0xff, 0xff, 0xff, 0xff, 0xff, 0xff, 0xff, 0xff, 0xff, 0xff, 0xff, 0xff,
    0xff, 0xff, 0xff, 0xff, 0xff, 0xff, 0xff, 0xff, 0xff, 0xff, 0xff, 0xff, 0xff, 0xff, 0xff, 0xff, 0xff, 0xff, 0xff, 0xff, 0xff, 0xff, 0xff, 0xff,
    0xff, 0xff, 0xff, 0xff, 0xff, 0xff, 0xd8, 0xb5, 0xff, 0x0a, 0x2a, 0xff, 0x0a, 0x2a, 0xff, 0x1c, 0xe7, 0xff, 0x59, 0xc6, 0xff, 0x59, 0xc6, 0xff,
    0x59, 0xc6, 0xff, 0x59, 0xc6, 0xff, 0x59, 0xc6, 0xff, 0xbb, 0xd6, 0xff, 0x93, 0x84, 0xff, 0xb0, 0x6b, 0xff, 0xcd, 0x4a, 0xff, 0x0a, 0x2a, 0xff,
    0x27, 0x11, 0xff, 0x27, 0x11, 0xff, 0x27, 0x11, 0xff, 0x27, 0x11, 0xff, 0x27, 0x11, 0xff, 0x27, 0x11, 0xff, 0x89, 0x19, 0xff, 0x3c, 0xe7, 0xff,
    0xff, 0xff, 0xff, 0xff, 0xff, 0xff, 0x76, 0xa5, 0xff, 0x93, 0x84, 0xff, 0x93, 0x84, 0xff, 0x93, 0x84, 0xff, 0x93, 0x84, 0xff, 0x93, 0x84, 0xff,
    0x93, 0x84, 0xff, 0x9e, 0xf7, 0xff, 0x9e, 0xf7, 0xff, 0x76, 0xa5, 0xff, 0x76, 0xa5, 0xff, 0x3c, 0xe7, 0xff, 0xff, 0xff, 0xff, 0xff, 0xff, 0xff,
    0x76, 0xa5, 0xff, 0x27, 0x11, 0xff, 0x27, 0x11, 0xff, 0x1c, 0xe7, 0xff, 0x27, 0x11, 0xff, 0x27, 0x11, 0xff, 0x27, 0x11, 0xff, 0x27, 0x11, 0xff,
    0x27, 0x11, 0xff, 0xb0, 0x6b, 0xff, 0x32, 0x7c, 0xff, 0x27, 0x11, 0xff, 0x27, 0x11, 0xff, 0x27, 0x11, 0xff, 0x27, 0x11, 0xff, 0x27, 0x11, 0xff,
    0x27, 0x11, 0xff, 0x6c, 0x3a, 0xff, 0xb0, 0x6b, 0xff, 0xf5, 0x94, 0xff, 0xbb, 0xd6, 0xff, 0xff, 0xff, 0xff, 0xff, 0xff, 0xff, 0xff, 0xff, 0xff,
    0xcd, 0x4a, 0xff, 0x27, 0x11, 0xff, 0x27, 0x11, 0xff, 0x27, 0x11, 0xff, 0x27, 0x11, 0xff, 0x27, 0x11, 0xff, 0x27, 0x11, 0xff, 0x1c, 0xe7, 0xff,
    0x1c, 0xe7, 0xff, 0x27, 0x11, 0xff, 0x27, 0x11, 0xff, 0x76, 0xa5, 0xff, 0xff, 0xff, 0xff, 0xff, 0xff, 0xff, 0x76, 0xa5, 0xff, 0x27, 0x11, 0xff,
    0x27, 0x11, 0xff, 0x1c, 0xe7, 0xff, 0x27, 0x11, 0xff, 0x27, 0x11, 0xff, 0x27, 0x11, 0xff, 0x27, 0x11, 0xff, 0x27, 0x11, 0xff, 0xb0, 0x6b, 0xff,
    0x1c, 0xe7, 0xff, 0x76, 0xa5, 0xff, 0xd8, 0xb5, 0xff, 0x39, 0xc6, 0xff, 0x76, 0xa5, 0xff, 0x27, 0x11, 0xff, 0x27, 0x11, 0xff, 0x1c, 0xe7, 0xff,
    0xff, 0xff, 0xff, 0x59, 0xc6, 0xff, 0x9e, 0xf7, 0xff, 0xff, 0xff, 0xff, 0xff, 0xff, 0xff, 0xff, 0xff, 0xff, 0xcd, 0x4a, 0xff, 0x27, 0x11, 0xff,
    0xcd, 0x4a, 0xff, 0xb0, 0x6b, 0xff, 0x4f, 0x5b, 0xff, 0x27, 0x11, 0xff, 0x27, 0x11, 0xff, 0x1c, 0xe7, 0xff, 0x1c, 0xe7, 0xff, 0x27, 0x11, 0xff,
    0x27, 0x11, 0xff, 0x76, 0xa5, 0xff, 0xff, 0xff, 0xff, 0xff, 0xff, 0xff, 0x76, 0xa5, 0xff, 0x27, 0x11, 0xff, 0x27, 0x11, 0xff, 0x1c, 0xe7, 0xff,
    0x27, 0x11, 0xff, 0x27, 0x11, 0xff, 0x1c, 0xe7, 0xff, 0x93, 0x84, 0xff, 0x27, 0x11, 0xff, 0xb0, 0x6b, 0xff, 0x59, 0xc6, 0xff, 0xcd, 0x4a, 0xff,
    0xcd, 0x4a, 0xff, 0xff, 0xff, 0xff, 0x39, 0xc6, 0xff, 0x27, 0x11, 0xff, 0x27, 0x11, 0xff, 0x1c, 0xe7, 0xff, 0xff, 0xff, 0xff, 0xea, 0x29, 0xff,
    0x27, 0x11, 0xff, 0xf5, 0x94, 0xff, 0xff, 0xff, 0xff, 0xff, 0xff, 0xff, 0xcd, 0x4a, 0xff, 0x27, 0x11, 0xff, 0x76, 0xa5, 0xff, 0xff, 0xff, 0xff,
    0x1c, 0xe7, 0xff, 0x27, 0x11, 0xff, 0x27, 0x11, 0xff, 0x1c, 0xe7, 0xff, 0x1c, 0xe7, 0xff, 0x27, 0x11, 0xff, 0x27, 0x11, 0xff, 0x76, 0xa5, 0xff,
    0xff, 0xff, 0xff, 0xff, 0xff, 0xff, 0x76, 0xa5, 0xff, 0x27, 0x11, 0xff, 0x27, 0x11, 0xff, 0x1c, 0xe7, 0xff, 0x27, 0x11, 0xff, 0x27, 0x11, 0xff,
    0x1c, 0xe7, 0xff, 0x93, 0x84, 0xff, 0x27, 0x11, 0xff, 0xb0, 0x6b, 0xff, 0xbb, 0xd6, 0xff, 0x27, 0x11, 0xff, 0x27, 0x11, 0xff, 0x9e, 0xf7, 0xff,
    0x39, 0xc6, 0xff, 0x27, 0x11, 0xff, 0x27, 0x11, 0xff, 0x1c, 0xe7, 0xff, 0xbb, 0xd6, 0xff, 0x27, 0x11, 0xff, 0x27, 0x11, 0xff, 0x1c, 0xe7, 0xff,
    0xff, 0xff, 0xff, 0xff, 0xff, 0xff, 0xcd, 0x4a, 0xff, 0x27, 0x11, 0xff, 0x76, 0xa5, 0xff, 0xff, 0xff, 0xff, 0x1c, 0xe7, 0xff, 0x27, 0x11, 0xff,
    0x27, 0x11, 0xff, 0x1c, 0xe7, 0xff, 0x1c, 0xe7, 0xff, 0x27, 0x11, 0xff, 0x27, 0x11, 0xff, 0x76, 0xa5, 0xff, 0xff, 0xff, 0xff, 0xff, 0xff, 0xff,
    0x76, 0xa5, 0xff, 0x27, 0x11, 0xff, 0x27, 0x11, 0xff, 0x1c, 0xe7, 0xff, 0x27, 0x11, 0xff, 0x27, 0x11, 0xff, 0x1c, 0xe7, 0xff, 0x93, 0x84, 0xff,
    0x27, 0x11, 0xff, 0xb0, 0x6b, 0xff, 0xff, 0xff, 0xff, 0xcd, 0x4a, 0xff, 0x27, 0x11, 0xff, 0x93, 0x84, 0xff, 0x39, 0xc6, 0xff, 0x27, 0x11, 0xff,
    0x27, 0x11, 0xff, 0x1c, 0xe7, 0xff, 0xb0, 0x6b, 0xff, 0x27, 0x11, 0xff, 0xcd, 0x4a, 0xff, 0xff, 0xff, 0xff, 0xff, 0xff, 0xff, 0xff, 0xff, 0xff,
    0xcd, 0x4a, 0xff, 0x27, 0x11, 0xff, 0x76, 0xa5, 0xff, 0xff, 0xff, 0xff, 0x1c, 0xe7, 0xff, 0x27, 0x11, 0xff, 0x27, 0x11, 0xff, 0x1c, 0xe7, 0xff,
    0x1c, 0xe7, 0xff, 0x27, 0x11, 0xff, 0x27, 0x11, 0xff, 0x76, 0xa5, 0xff, 0xff, 0xff, 0xff, 0xff, 0xff, 0xff, 0x76, 0xa5, 0xff, 0x27, 0x11, 0xff,
    0x27, 0x11, 0xff, 0x1c, 0xe7, 0xff, 0x27, 0x11, 0xff, 0x27, 0x11, 0xff, 0x1c, 0xe7, 0xff, 0x93, 0x84, 0xff, 0x27, 0x11, 0xff, 0xb0, 0x6b, 0xff,
    0xff, 0xff, 0xff, 0x93, 0x84, 0xff, 0x27, 0x11, 0xff, 0xcd, 0x4a, 0xff, 0x39, 0xc6, 0xff, 0x27, 0x11, 0xff, 0x27, 0x11, 0xff, 0x1c, 0xe7, 0xff,
    0xea, 0x29, 0xff, 0x27, 0x11, 0xff, 0x76, 0xa5, 0xff, 0xff, 0xff, 0xff, 0xff, 0xff, 0xff, 0xff, 0xff, 0xff, 0xcd, 0x4a, 0xff, 0x27, 0x11, 0xff,
    0x76, 0xa5, 0xff, 0xff, 0xff, 0xff, 0x1c, 0xe7, 0xff, 0x27, 0x11, 0xff, 0x27, 0x11, 0xff, 0x1c, 0xe7, 0xff, 0x1c, 0xe7, 0xff, 0x27, 0x11, 0xff,
    0x27, 0x11, 0xff, 0x76, 0xa5, 0xff, 0xff, 0xff, 0xff, 0xff, 0xff, 0xff, 0x76, 0xa5, 0xff, 0x27, 0x11, 0xff, 0x27, 0x11, 0xff, 0x1c, 0xe7, 0xff,
    0x27, 0x11, 0xff, 0x27, 0x11, 0xff, 0x1c, 0xe7, 0xff, 0x93, 0x84, 0xff, 0x27, 0x11, 0xff, 0xb0, 0x6b, 0xff, 0xff, 0xff, 0xff, 0xd8, 0xb5, 0xff,
    0x6c, 0x3a, 0xff, 0xf5, 0x94, 0xff, 0x39, 0xc6, 0xff, 0x27, 0x11, 0xff, 0x27, 0x11, 0xff, 0x59, 0xc6, 0xff, 0xcd, 0x4a, 0xff, 0xea, 0x29, 0xff,
    0xff, 0xff, 0xff, 0xff, 0xff, 0xff, 0xff, 0xff, 0xff, 0xff, 0xff, 0xff, 0xcd, 0x4a, 0xff, 0x27, 0x11, 0xff, 0x76, 0xa5, 0xff, 0xff, 0xff, 0xff,
    0x1c, 0xe7, 0xff, 0x27, 0x11, 0xff, 0x27, 0x11, 0xff, 0x1c, 0xe7, 0xff, 0x1c, 0xe7, 0xff, 0x27, 0x11, 0xff, 0x27, 0x11, 0xff, 0x76, 0xa5, 0xff,
    0xff, 0xff, 0xff, 0xff, 0xff, 0xff, 0x76, 0xa5, 0xff, 0x27, 0x11, 0xff, 0x27, 0x11, 0xff, 0x1c, 0xe7, 0xff, 0x27, 0x11, 0xff, 0x27, 0x11, 0xff,
    0x1c, 0xe7, 0xff, 0x93, 0x84, 0xff, 0x27, 0x11, 0xff, 0xb0, 0x6b, 0xff, 0x93, 0x8c, 0xff, 0xb0, 0x6b, 0xff, 0xb0, 0x6b, 0xff, 0xb0, 0x6b, 0xff,
    0x4f, 0x5b, 0xff, 0x27, 0x11, 0xff, 0x27, 0x11, 0xff, 0x4f, 0x5b, 0xff, 0xb0, 0x6b, 0xff, 0xb0, 0x6b, 0xff, 0xb0, 0x6b, 0xff, 0xb0, 0x6b, 0xff,
    0xff, 0xff, 0xff, 0xff, 0xff, 0xff, 0xcd, 0x4a, 0xff, 0x27, 0x11, 0xff, 0x76, 0xa5, 0xff, 0xff, 0xff, 0xff, 0x1c, 0xe7, 0xff, 0x27, 0x11, 0xff,
    0x27, 0x11, 0xff, 0x1c, 0xe7, 0xff, 0x1c, 0xe7, 0xff, 0x27, 0x11, 0xff, 0x27, 0x11, 0xff, 0x76, 0xa5, 0xff, 0xff, 0xff, 0xff, 0xff, 0xff, 0xff,
    0x76, 0xa5, 0xff, 0x27, 0x11, 0xff, 0x27, 0x11, 0xff, 0x1c, 0xe7, 0xff, 0x27, 0x11, 0xff, 0x27, 0x11, 0xff, 0x1c, 0xe7, 0xff, 0x93, 0x84, 0xff,
    0x27, 0x11, 0xff, 0xb0, 0x6b, 0xff, 0xcd, 0x4a, 0xff, 0x27, 0x11, 0xff, 0x27, 0x11, 0xff, 0x27, 0x11, 0xff, 0x27, 0x11, 0xff, 0x27, 0x11, 0xff,
    0x27, 0x11, 0xff, 0x27, 0x11, 0xff, 0x27, 0x11, 0xff, 0x27, 0x11, 0xff, 0x27, 0x11, 0xff, 0x27, 0x11, 0xff, 0xff, 0xff, 0xff, 0xff, 0xff, 0xff,
    0xcd, 0x4a, 0xff, 0x27, 0x11, 0xff, 0x76, 0xa5, 0xff, 0xff, 0xff, 0xff, 0x1c, 0xe7, 0xff, 0x27, 0x11, 0xff, 0x27, 0x11, 0xff, 0x1c, 0xe7, 0xff,
    0x1c, 0xe7, 0xff, 0x27, 0x11, 0xff, 0x27, 0x11, 0xff, 0x76, 0xa5, 0xff, 0xff, 0xff, 0xff, 0xff, 0xff, 0xff, 0x76, 0xa5, 0xff, 0x27, 0x11, 0xff,
    0x27, 0x11, 0xff, 0x1c, 0xe7, 0xff, 0x27, 0x11, 0xff, 0x27, 0x11, 0xff, 0x27, 0x11, 0xff, 0x27, 0x11, 0xff, 0x27, 0x11, 0xff, 0xb0, 0x6b, 0xff,
    0xf5, 0x94, 0xff, 0xb0, 0x6b, 0xff, 0xb0, 0x6b, 0xff, 0xb0, 0x6b, 0xff, 0xcd, 0x4a, 0xff, 0x27, 0x11, 0xff, 0x27, 0x11, 0xff, 0x2f, 0x5b, 0xff,
    0xb0, 0x6b, 0xff, 0xb0, 0x6b, 0xff, 0xb0, 0x6b, 0xff, 0xb0, 0x6b, 0xff, 0xff, 0xff, 0xff, 0xff, 0xff, 0xff, 0xcd, 0x4a, 0xff, 0x27, 0x11, 0xff,
    0x2f, 0x5b, 0xff, 0x93, 0x84, 0xff, 0x32, 0x7c, 0xff, 0x27, 0x11, 0xff, 0x27, 0x11, 0xff, 0x1c, 0xe7, 0xff, 0xbb, 0xd6, 0xff, 0x27, 0x11, 0xff,
    0x27, 0x11, 0xff, 0x32, 0x7c, 0xff, 0x93, 0x84, 0xff, 0xcd, 0x4a, 0xff, 0x89, 0x19, 0xff, 0x27, 0x11, 0xff, 0x27, 0x11, 0xff, 0x1c, 0xe7, 0xff,
    0x27, 0x11, 0xff, 0x27, 0x11, 0xff, 0x27, 0x11, 0xff, 0x27, 0x11, 0xff, 0x27, 0x11, 0xff, 0xb0, 0x6b, 0xff, 0xff, 0xff, 0xff, 0xff, 0xff, 0xff,
    0xff, 0xff, 0xff, 0xff, 0xff, 0xff, 0x39, 0xc6, 0xff, 0x27, 0x11, 0xff, 0x27, 0x11, 0xff, 0x1c, 0xe7, 0xff, 0xff, 0xff, 0xff, 0xff, 0xff, 0xff,
    0xff, 0xff, 0xff, 0xff, 0xff, 0xff, 0xff, 0xff, 0xff, 0xff, 0xff, 0xff, 0xcd, 0x4a, 0xff, 0x27, 0x11, 0xff, 0x27, 0x11, 0xff, 0x27, 0x11, 0xff,
    0x27, 0x11, 0xff, 0x27, 0x11, 0xff, 0x27, 0x11, 0xff, 0x1c, 0xe7, 0xff, 0x93, 0x84, 0xff, 0x27, 0x11, 0xff, 0x27, 0x11, 0xff, 0x27, 0x11, 0xff,
    0x27, 0x11, 0xff, 0x27, 0x11, 0xff, 0x27, 0x11, 0xff, 0x27, 0x11, 0xff, 0x27, 0x11, 0xff, 0x1c, 0xe7, 0xff, 0x27, 0x11, 0xff, 0x27, 0x11, 0xff,
    0x76, 0xa5, 0xff, 0x39, 0xc6, 0xff, 0x39, 0xc6, 0xff, 0x1c, 0xe7, 0xff, 0xff, 0xff, 0xff, 0xff, 0xff, 0xff, 0xff, 0xff, 0xff, 0xff, 0xff, 0xff,
    0x39, 0xc6, 0xff, 0x27, 0x11, 0xff, 0x27, 0x11, 0xff, 0x1c, 0xe7, 0xff, 0xff, 0xff, 0xff, 0xff, 0xff, 0xff, 0xff, 0xff, 0xff, 0xff, 0xff, 0xff,
    0xff, 0xff, 0xff, 0xff, 0xff, 0xff, 0xcd, 0x4a, 0xff, 0x27, 0x11, 0xff, 0xea, 0x29, 0xff, 0xcd, 0x4a, 0xff, 0xcd, 0x4a, 0xff, 0xcd, 0x4a, 0xff,
    0xcd, 0x4a, 0xff, 0xbb, 0xd6, 0xff, 0x27, 0x11, 0xff, 0x27, 0x11, 0xff, 0x27, 0x11, 0xff, 0x27, 0x11, 0xff, 0xea, 0x29, 0xff, 0x12, 0x7c, 0xff,
    0x32, 0x7c, 0xff, 0x27, 0x11, 0xff, 0x27, 0x11, 0xff, 0x1c, 0xe7, 0xff, 0xea, 0x29, 0xff, 0xea, 0x29, 0xff, 0x1c, 0xe7, 0xff, 0xff, 0xff, 0xff,
    0xff, 0xff, 0xff, 0xff, 0xff, 0xff, 0xff, 0xff, 0xff, 0xff, 0xff, 0xff, 0xff, 0xff, 0xff, 0xff, 0xff, 0xff, 0x39, 0xc6, 0xff, 0x27, 0x11, 0xff,
    0x27, 0x11, 0xff, 0x1c, 0xe7, 0xff, 0xff, 0xff, 0xff, 0xff, 0xff, 0xff, 0xff, 0xff, 0xff, 0xff, 0xff, 0xff, 0xff, 0xff, 0xff, 0xff, 0xff, 0xff,
    0xcd, 0x4a, 0xff, 0x27, 0x11, 0xff, 0x76, 0xa5, 0xff, 0xff, 0xff, 0xff, 0xff, 0xff, 0xff, 0xff, 0xff, 0xff, 0xff, 0xff, 0xff, 0xff, 0xff, 0xff,
    0x93, 0x84, 0xff, 0xcd, 0x4a, 0xff, 0xf5, 0x94, 0xff, 0x1c, 0xe7, 0xff, 0xff, 0xff, 0xff, 0xff, 0xff, 0xff, 0x76, 0xa5, 0xff, 0x27, 0x11, 0xff,
    0x27, 0x11, 0xff, 0x1c, 0xe7, 0xff, 0xff, 0xff, 0xff, 0xff, 0xff, 0xff, 0xff, 0xff, 0xff, 0xff, 0xff, 0xff, 0xff, 0xff, 0xff, 0xff, 0xff, 0xff,
    0xff, 0xff, 0xff, 0xff, 0xff, 0xff, 0xff, 0xff, 0xff, 0xff, 0xff, 0xff, 0x39, 0xc6, 0xff, 0x27, 0x11, 0xff, 0x27, 0x11, 0xff, 0x1c, 0xe7, 0xff,
    0xff, 0xff, 0xff, 0xff, 0xff, 0xff, 0xff, 0xff, 0xff, 0xff, 0xff, 0xff, 0xff, 0xff, 0xff, 0xff, 0xff, 0xff, 0x76, 0xa5, 0xff, 0x93, 0x84, 0xff,
    0xbb, 0xd6, 0xff, 0xff, 0xff, 0xff, 0xff, 0xff, 0xff, 0xff, 0xff, 0xff, 0xff, 0xff, 0xff, 0xff, 0xff, 0xff, 0xff, 0xff, 0xff, 0xff, 0xff, 0xff,
    0xff, 0xff, 0xff, 0xff, 0xff, 0xff, 0xff, 0xff, 0xff, 0xff, 0xff, 0xff, 0x76, 0xa5, 0xff, 0x27, 0x11, 0xff, 0x27, 0x11, 0xff, 0x1c, 0xe7, 0xff,
    0xff, 0xff, 0xff, 0xff, 0xff, 0xff, 0xff, 0xff, 0xff, 0xff, 0xff, 0xff, 0xff, 0xff, 0xff, 0xff, 0xff, 0xff, 0xff, 0xff, 0xff, 0x3c, 0xe7, 0xff,
    0xcd, 0x4a, 0xff, 0xcd, 0x4a, 0xff, 0x6c, 0x3a, 0xff, 0x27, 0x11, 0xff, 0x27, 0x11, 0xff, 0x1c, 0xe7, 0xff, 0xff, 0xff, 0xff, 0xff, 0xff, 0xff,
    0xff, 0xff, 0xff, 0xff, 0xff, 0xff, 0xff, 0xff, 0xff, 0xff, 0xff, 0xff, 0xff, 0xff, 0xff, 0xff, 0xff, 0xff, 0xff, 0xff, 0xff, 0xff, 0xff, 0xff,
    0xff, 0xff, 0xff, 0xff, 0xff, 0xff, 0xff, 0xff, 0xff, 0xff, 0xff, 0xff, 0xff, 0xff, 0xff, 0xff, 0xff, 0xff, 0xff, 0xff, 0xff, 0xff, 0xff, 0xff,
    0xff, 0xff, 0xff, 0xff, 0xff, 0xff, 0x76, 0xa5, 0xff, 0x27, 0x11, 0xff, 0x27, 0x11, 0xff, 0x1c, 0xe7, 0xff, 0xff, 0xff, 0xff, 0xff, 0xff, 0xff,
    0xff, 0xff, 0xff, 0xff, 0xff, 0xff, 0xff, 0xff, 0xff, 0xff, 0xff, 0xff, 0xff, 0xff, 0xff, 0xff, 0xff, 0xff, 0xcd, 0x4a, 0xff, 0x27, 0x11, 0xff,
    0x27, 0x11, 0xff, 0x27, 0x11, 0xff, 0x6c, 0x3a, 0xff, 0xff, 0xff, 0xff, 0xff, 0xff, 0xff, 0xff, 0xff, 0xff, 0xff, 0xff, 0xff, 0xff, 0xff, 0xff,
    0xff, 0xff, 0xff, 0xff, 0xff, 0xff, 0xff, 0xff, 0xff, 0xff, 0xff, 0xff, 0xff, 0xff, 0xff, 0xff, 0xff, 0xff, 0xff, 0xff, 0xff, 0xff, 0xff, 0xff,
    0xff, 0xff, 0xff, 0xff, 0xff, 0xff, 0xff, 0xff, 0xff, 0xff, 0xff, 0xff, 0xff, 0xff, 0xff, 0xff, 0xff, 0xff, 0xff, 0xff, 0xff, 0xff, 0xff, 0xff,
    0x76, 0xa5, 0xff, 0x27, 0x11, 0xff, 0x27, 0x11, 0xff, 0x1c, 0xe7, 0xff, 0xff, 0xff, 0xff, 0xff, 0xff, 0xff, 0xff, 0xff, 0xff, 0xff, 0xff, 0xff,
    0xff, 0xff, 0xff, 0xff, 0xff, 0xff, 0xff, 0xff, 0xff, 0xff, 0xff, 0xff, 0xd8, 0xb5, 0xff, 0x93, 0x84, 0xff, 0xf5, 0x94, 0xff, 0x59, 0xc6, 0xff,
    0xff, 0xff, 0xff, 0xff, 0xff, 0xff, 0xff, 0xff, 0xff, 0xff, 0xff, 0xff, 0xff, 0xff, 0xff, 0xff, 0xff, 0xff, 0xff, 0xff, 0xff, 0xff, 0xff, 0xff,
    0xff, 0xff, 0xff, 0xff, 0xff, 0xff, 0xff, 0xff, 0xff, 0xff, 0xff, 0xff, 0xff, 0xff, 0xff, 0xff, 0xff, 0xff, 0xff, 0xff, 0xff, 0xff, 0xff, 0xff,
    0xff, 0xff, 0xff, 0xff, 0xff, 0xff, 0xff, 0xff, 0xff, 0xff, 0xff, 0xff, 0xff, 0xff, 0xff, 0xff, 0xff, 0xff, 0x59, 0xc6, 0xff, 0xb0, 0x6b, 0xff,
    0xb0, 0x6b, 0xff, 0x9e, 0xf7, 0xff,
};

const lv_img_dsc_t home_text_call_img = {
    .header.cf = LV_IMG_CF_TRUE_COLOR_ALPHA,
    .header.always_zero = 0,
    .header.reserved = 0,
    .header.w = 38,
    .header.h = 19,
    .data_size = 38 * 19 * LV_IMG_PX_SIZE_ALPHA_BYTE,
    .data = home_text_call_img_map,
};

static const LV_ATTRIBUTE_MEM_ALIGN LV_ATTRIBUTE_LARGE_CONST uint8_t home_text_call_desc_img_map[] = {
    0xff, 0xff, 0xff, 0x7a, 0xc6, 0xff, 0xb1, 0x63, 0xff, 0xfc, 0xde, 0xff, 0xff, 0xff, 0xff, 0xff, 0xff, 0xff, 0xff, 0xff, 0xff, 0x3d, 0xe7, 0xff,
    0x74, 0x84, 0xff, 0x5a, 0xc6, 0xff, 0xff, 0xff, 0xff, 0xff, 0xff, 0xff, 0xff, 0xff, 0xff, 0xff, 0xff, 0xff, 0xff, 0xff, 0xff, 0xff, 0xff, 0xff,
    0xff, 0xff, 0xff, 0xff, 0xff, 0xff, 0xff, 0xff, 0xff, 0xff, 0xff, 0xff, 0xff, 0xff, 0xff, 0xff, 0xff, 0xff, 0xff, 0xff, 0xff, 0xfc, 0xde, 0xff,
    0x97, 0xa5, 0xff, 0xb4, 0x8c, 0xff, 0xbf, 0xf7, 0xff, 0xff, 0xff, 0xff, 0xff, 0xff, 0xff, 0xff, 0xff, 0xff, 0xff, 0xff, 0xff, 0xbb, 0xce, 0xff,
    0xfc, 0xde, 0xff, 0xff, 0xff, 0xff, 0xff, 0xff, 0xff, 0xb1, 0x63, 0xff, 0xd4, 0x8c, 0xff, 0xff, 0xff, 0xff, 0xff, 0xff, 0xff, 0xbb, 0xce, 0xff,
    0x3d, 0xe7, 0xff, 0x5a, 0xc6, 0xff, 0x74, 0x84, 0xff, 0x3d, 0xe7, 0xff, 0x5a, 0xc6, 0xff, 0x7e, 0xef, 0xff, 0xff, 0xff, 0xff, 0xff, 0xff, 0xff,
    0xff, 0xff, 0xff, 0xd8, 0xb5, 0xff, 0xb1, 0x63, 0xff, 0xfc, 0xde, 0xff, 0xff, 0xff, 0xff, 0xff, 0xff, 0xff, 0xff, 0xff, 0xff, 0xff, 0xff, 0xff,
    0xff, 0xff, 0xff, 0xff, 0xff, 0xff, 0xff, 0xff, 0xff, 0xff, 0xff, 0xff, 0xff, 0xff, 0xff, 0xff, 0xff, 0xff, 0x7a, 0xc6, 0xff, 0xb1, 0x63, 0xff,
    0xfc, 0xde, 0xff, 0xff, 0xff, 0xff, 0xd4, 0x8c, 0xff, 0xd4, 0x8c, 0xff, 0xd4, 0x8c, 0xff, 0xb1, 0x63, 0xff, 0x33, 0x74, 0xff, 0xd4, 0x8c, 0xff,
    0xd4, 0x8c, 0xff, 0x15, 0x95, 0xff, 0xff, 0xff, 0xff, 0xfc, 0xde, 0xff, 0xd4, 0x8c, 0xff, 0xd4, 0x8c, 0xff, 0xd4, 0x8c, 0xff, 0xd4, 0x8c, 0xff,
    0xff, 0xff, 0xff, 0x19, 0xbe, 0xff, 0xb4, 0x8c, 0xff, 0xf2, 0x6b, 0xff, 0xb1, 0x63, 0xff, 0xb1, 0x63, 0xff, 0x33, 0x74, 0xff, 0x5a, 0xc6, 0xff,
    0xff, 0xff, 0xff, 0xff, 0xff, 0xff, 0xff, 0xff, 0xff, 0xff, 0xff, 0xff, 0x74, 0x84, 0xff, 0x97, 0xa5, 0xff, 0xff, 0xff, 0xff, 0xff, 0xff, 0xff,
    0xb1, 0x63, 0xff, 0xd4, 0x8c, 0xff, 0xff, 0xff, 0xff, 0xbe, 0xf7, 0xff, 0xb1, 0x63, 0xff, 0x56, 0x9d, 0xff, 0x97, 0xad, 0xff, 0xb1, 0x63, 0xff,
    0x7e, 0xef, 0xff, 0x33, 0x74, 0xff, 0x33, 0x74, 0xff, 0x7e, 0xef, 0xff, 0xff, 0xff, 0xff, 0xff, 0xff, 0xff, 0xd8, 0xb5, 0xff, 0xb1, 0x63, 0xff,
    0xfc, 0xde, 0xff, 0xff, 0xff, 0xff, 0x33, 0x74, 0xff, 0x33, 0x74, 0xff, 0x33, 0x74, 0xff, 0x33, 0x74, 0xff, 0x33, 0x74, 0xff, 0x33, 0x74, 0xff,
    0x33, 0x74, 0xff, 0x97, 0xa5, 0xff, 0xbb, 0xce, 0xff, 0x56, 0x9d, 0xff, 0xb1, 0x63, 0xff, 0x97, 0xa5, 0xff, 0x7e, 0xef, 0xff, 0x56, 0x9d, 0xff,
    0x74, 0x84, 0xff, 0xb4, 0x8c, 0xff, 0x56, 0x9d, 0xff, 0x56, 0x9d, 0xff, 0x33, 0x7c, 0xff, 0x15, 0x95, 0xff, 0x97, 0xa5, 0xff, 0xff, 0xff, 0xff,
    0x7a, 0xc6, 0xff, 0xb1, 0x63, 0xff, 0x33, 0x74, 0xff, 0xf2, 0x6b, 0xff, 0xb1, 0x63, 0xff, 0xff, 0xff, 0xff, 0xb4, 0x8c, 0xff, 0xb1, 0x63, 0xff,
    0x56, 0x9d, 0xff, 0x19, 0xbe, 0xff, 0x7e, 0xef, 0xff, 0xff, 0xff, 0xff, 0xff, 0xff, 0xff, 0xff, 0xff, 0xff, 0xff, 0xff, 0xff, 0xff, 0xff, 0xff,
    0x7e, 0xef, 0xff, 0xb1, 0x63, 0xff, 0xfc, 0xde, 0xff, 0x7e, 0xef, 0xff, 0x7a, 0xc6, 0xff, 0xb1, 0x63, 0xff, 0x33, 0x74, 0xff, 0xbb, 0xce, 0xff,
    0x5a, 0xc6, 0xff, 0xb1, 0x63, 0xff, 0xfc, 0xde, 0xff, 0xb4, 0x8c, 0xff, 0x33, 0x74, 0xff, 0xff, 0xff, 0xff, 0x7e, 0xef, 0xff, 0x56, 0x9d, 0xff,
    0xbf, 0xf7, 0xff, 0x7e, 0xef, 0xff, 0x7a, 0xc6, 0xff, 0xf5, 0x94, 0xff, 0xb1, 0x63, 0xff, 0x97, 0xa5, 0xff, 0xbb, 0xce, 0xff, 0xb4, 0x8c, 0xff,
    0xb4, 0x8c, 0xff, 0xb4, 0x8c, 0xff, 0x73, 0x84, 0xff, 0xb1, 0x63, 0xff, 0x33, 0x74, 0xff, 0xb4, 0x8c, 0xff, 0x19, 0xbe, 0xff, 0xb4, 0x8c, 0xff,
    0xb1, 0x63, 0xff, 0xb1, 0x63, 0xff, 0xb1, 0x63, 0xff, 0x5a, 0xc6, 0xff, 0xff, 0xff, 0xff, 0xb4, 0x8c, 0xff, 0x33, 0x74, 0xff, 0xff, 0xff, 0xff,
    0x3d, 0xe7, 0xff, 0xb1, 0x63, 0xff, 0x5a, 0xc6, 0xff, 0xff, 0xff, 0xff, 0xff, 0xff, 0xff, 0x7a, 0xc6, 0xff, 0xb1, 0x63, 0xff, 0xfc, 0xde, 0xff,
    0x56, 0x9d, 0xff, 0xb1, 0x63, 0xff, 0xff, 0xff, 0xff, 0xb4, 0x8c, 0xff, 0xb1, 0x63, 0xff, 0xff, 0xff, 0xff, 0xff, 0xff, 0xff, 0xff, 0xff, 0xff,
    0xff, 0xff, 0xff, 0xff, 0xff, 0xff, 0xff, 0xff, 0xff, 0xff, 0xff, 0xff, 0xff, 0xff, 0xff, 0xbb, 0xce, 0xff, 0xb1, 0x63, 0xff, 0xbf, 0xf7, 0xff,
    0x7a, 0xc6, 0xff, 0xb1, 0x63, 0xff, 0xb1, 0x63, 0xff, 0xb1, 0x63, 0xff, 0x33, 0x74, 0xff, 0x33, 0x74, 0xff, 0xb1, 0x63, 0xff, 0xd4, 0x8c, 0xff,
    0xb1, 0x63, 0xff, 0xf2, 0x6b, 0xff, 0xd4, 0x8c, 0xff, 0xd4, 0x8c, 0xff, 0xd4, 0x8c, 0xff, 0x5a, 0xc6, 0xff, 0xfc, 0xde, 0xff, 0xb1, 0x63, 0xff,
    0xb1, 0x63, 0xff, 0xb1, 0x63, 0xff, 0xb1, 0x63, 0xff, 0x33, 0x74, 0xff, 0xff, 0xff, 0xff, 0xff, 0xff, 0xff, 0xff, 0xff, 0xff, 0x7a, 0xc6, 0xff,
    0xb1, 0x63, 0xff, 0x5a, 0xc6, 0xff, 0xff, 0xff, 0xff, 0xff, 0xff, 0xff, 0x3d, 0xe7, 0xff, 0xd8, 0xb5, 0xff, 0xb1, 0x63, 0xff, 0x19, 0xbe, 0xff,
    0xfc, 0xde, 0xff, 0xd8, 0xb5, 0xff, 0x15, 0x95, 0xff, 0xf2, 0x6b, 0xff, 0xd8, 0xb5, 0xff, 0x33, 0x74, 0xff, 0xb1, 0x63, 0xff, 0xd8, 0xb5, 0xff,
    0xd8, 0xb5, 0xff, 0xbf, 0xf7, 0xff, 0x7a, 0xc6, 0xff, 0xb1, 0x63, 0xff, 0xfc, 0xde, 0xff, 0x56, 0x9d, 0xff, 0xb1, 0x63, 0xff, 0xff, 0xff, 0xff,
    0xb4, 0x8c, 0xff, 0xb1, 0x63, 0xff, 0x56, 0x9d, 0xff, 0x56, 0x9d, 0xff, 0x56, 0x9d, 0xff, 0x56, 0x9d, 0xff, 0x56, 0x9d, 0xff, 0xff, 0xff, 0xff,
    0xff, 0xff, 0xff, 0xff, 0xff, 0xff, 0x56, 0x9d, 0xff, 0xd4, 0x8c, 0xff, 0xff, 0xff, 0xff, 0x7e, 0xef, 0xff, 0xfc, 0xde, 0xff, 0xb1, 0x63, 0xff,
    0x74, 0x84, 0xff, 0x3d, 0xe7, 0xff, 0x15, 0x95, 0xff, 0xb4, 0x8c, 0xff, 0x73, 0x84, 0xff, 0xb1, 0x63, 0xff, 0x74, 0x84, 0xff, 0xb4, 0x8c, 0xff,
    0xb4, 0x8c, 0xff, 0xb4, 0x8c, 0xff, 0x5a, 0xc6, 0xff, 0xbe, 0xf7, 0xff, 0xfc, 0xde, 0xff, 0x56, 0x9d, 0xff, 0xb1, 0x63, 0xff, 0x19, 0xbe, 0xff,
    0x3d, 0xe7, 0xff, 0xff, 0xff, 0xff, 0xff, 0xff, 0xff, 0xff, 0xff, 0xff, 0x7a, 0xc6, 0xff, 0xb1, 0x63, 0xff, 0x5a, 0xc6, 0xff, 0xff, 0xff, 0xff,
    0xff, 0xff, 0xff, 0xff, 0xff, 0xff, 0x7a, 0xc6, 0xff, 0xb1, 0x63, 0xff, 0xfc, 0xde, 0xff, 0xbb, 0xce, 0xff, 0x33, 0x74, 0xff, 0x33, 0x74, 0xff,
    0xf2, 0x6b, 0xff, 0x33, 0x74, 0xff, 0x33, 0x74, 0xff, 0x33, 0x74, 0xff, 0x33, 0x74, 0xff, 0x33, 0x74, 0xff, 0x7e, 0xef, 0xff, 0x7a, 0xc6, 0xff,
    0xb1, 0x63, 0xff, 0xfc, 0xde, 0xff, 0x56, 0x9d, 0xff, 0xb1, 0x63, 0xff, 0xff, 0xff, 0xff, 0xb4, 0x8c, 0xff, 0xb1, 0x63, 0xff, 0xb1, 0x63, 0xff,
    0xb1, 0x63, 0xff, 0xb1, 0x63, 0xff, 0xb1, 0x63, 0xff, 0xb1, 0x63, 0xff, 0xff, 0xff, 0xff, 0xff, 0xff, 0xff, 0xff, 0xff, 0xff, 0x74, 0x84, 0xff,
    0x97, 0xa5, 0xff, 0xff, 0xff, 0xff, 0xff, 0xff, 0xff, 0xff, 0xff, 0xff, 0xb1, 0x63, 0xff, 0xd4, 0x8c, 0xff, 0xff, 0xff, 0xff, 0xff, 0xff, 0xff,
    0xff, 0xff, 0xff, 0x56, 0x9d, 0xff, 0xb1, 0x63, 0xff, 0x5a, 0xc6, 0xff, 0xfc, 0xde, 0xff, 0xbb, 0xce, 0xff, 0xfc, 0xde, 0xff, 0xff, 0xff, 0xff,
    0xff, 0xff, 0xff, 0xff, 0xff, 0xff, 0xd8, 0xb5, 0xff, 0xb1, 0x63, 0xff, 0xfc, 0xde, 0xff, 0xbf, 0xf7, 0xff, 0xff, 0xff, 0xff, 0xff, 0xff, 0xff,
    0xff, 0xff, 0xff, 0x7a, 0xc6, 0xff, 0xb1, 0x63, 0xff, 0x5a, 0xc6, 0xff, 0xff, 0xff, 0xff, 0xff, 0xff, 0xff, 0xbf, 0xf7, 0xff, 0xd8, 0xb5, 0xff,
    0xb1, 0x63, 0xff, 0x33, 0x74, 0xff, 0xbb, 0xce, 0xff, 0xff, 0xff, 0xff, 0xff, 0xff, 0xff, 0x56, 0x9d, 0xff, 0xf2, 0x6b, 0xff, 0xbf, 0xf7, 0xff,
    0xff, 0xff, 0xff, 0xff, 0xff, 0xff, 0xff, 0xff, 0xff, 0xff, 0xff, 0xff, 0x7a, 0xc6, 0xff, 0xb1, 0x63, 0xff, 0xfc, 0xde, 0xff, 0x56, 0x9d, 0xff,
    0xb1, 0x63, 0xff, 0xff, 0xff, 0xff, 0xb4, 0x8c, 0xff, 0xb1, 0x63, 0xff, 0x7e, 0xef, 0xff, 0xfc, 0xde, 0xff, 0xb1, 0x63, 0xff, 0x15, 0x95, 0xff,
    0x7e, 0xef, 0xff, 0xff, 0xff, 0xff, 0xff, 0xff, 0xff, 0x7e, 0xef, 0xff, 0xb1, 0x63, 0xff, 0xfc, 0xde, 0xff, 0xff, 0xff, 0xff, 0xff, 0xff, 0xff,
    0x7e, 0xef, 0xff, 0xb1, 0x63, 0xff, 0xf2, 0x6b, 0xff, 0x33, 0x74, 0xff, 0xff, 0xff, 0xff, 0x7e, 0xef, 0xff, 0xb1, 0x63, 0xff, 0xb1, 0x63, 0xff,
    0xb1, 0x63, 0xff, 0xb1, 0x63, 0xff, 0xb1, 0x63, 0xff, 0xb1, 0x63, 0xff, 0x7e, 0xef, 0xff, 0xff, 0xff, 0xff, 0xbf, 0xf7, 0xff, 0x56, 0x9d, 0xff,
    0xb1, 0x63, 0xff, 0x33, 0x74, 0xff, 0xf2, 0x6b, 0xff, 0xff, 0xff, 0xff, 0xff, 0xff, 0xff, 0xff, 0xff, 0xff, 0x7a, 0xc6, 0xff, 0xb1, 0x63, 0xff,
    0x5a, 0xc6, 0xff, 0xff, 0xff, 0xff, 0xff, 0xff, 0xff, 0x33, 0x74, 0xff, 0xb1, 0x63, 0xff, 0xb1, 0x63, 0xff, 0xb4, 0x8c, 0xff, 0x74, 0x84, 0xff,
    0x33, 0x74, 0xff, 0x33, 0x74, 0xff, 0xb1, 0x63, 0xff, 0xb1, 0x63, 0xff, 0x33, 0x74, 0xff, 0x33, 0x74, 0xff, 0x33, 0x74, 0xff, 0x33, 0x74, 0xff,
    0x3d, 0xe7, 0xff, 0x7a, 0xc6, 0xff, 0xb1, 0x63, 0xff, 0xfc, 0xde, 0xff, 0x56, 0x9d, 0xff, 0xb1, 0x63, 0xff, 0xff, 0xff, 0xff, 0x74, 0x84, 0xff,
    0xf2, 0x6b, 0xff, 0xff, 0xff, 0xff, 0x7e, 0xef, 0xff, 0xb1, 0x63, 0xff, 0x56, 0x9d, 0xff, 0xff, 0xff, 0xff, 0xff, 0xff, 0xff, 0xff, 0xff, 0xff,
    0xbb, 0xce, 0xff, 0xb1, 0x63, 0xff, 0xbf, 0xf7, 0xff, 0xff, 0xff, 0xff, 0x19, 0xbe, 0xff, 0xb1, 0x63, 0xff, 0xb1, 0x63, 0xff, 0xf2, 0x6b, 0xff,
    0x56, 0x9d, 0xff, 0xbf, 0xf7, 0xff, 0xb4, 0x8c, 0xff, 0xb1, 0x63, 0xff, 0x15, 0x95, 0xff, 0x7e, 0xef, 0xff, 0xfc, 0xde, 0xff, 0xf2, 0x6b, 0xff,
    0xd4, 0x8c, 0xff, 0xff, 0xff, 0xff, 0xfc, 0xde, 0xff, 0xb1, 0x63, 0xff, 0xb1, 0x63, 0xff, 0xb1, 0x63, 0xff, 0x33, 0x74, 0xff, 0x97, 0xa5, 0xff,
    0xff, 0xff, 0xff, 0xff, 0xff, 0xff, 0xff, 0xff, 0xff, 0x7a, 0xc6, 0xff, 0xb1, 0x63, 0xff, 0x5a, 0xc6, 0xff, 0xff, 0xff, 0xff, 0xff, 0xff, 0xff,
    0xd8, 0xb5, 0xff, 0x15, 0x95, 0xff, 0xb1, 0x63, 0xff, 0xfc, 0xde, 0xff, 0xbb, 0xce, 0xff, 0xd8, 0xb5, 0xff, 0xf2, 0x6b, 0xff, 0x33, 0x74, 0xff,
    0xd8, 0xb5, 0xff, 0xd8, 0xb5, 0xff, 0xb1, 0x63, 0xff, 0x33, 0x74, 0xff, 0xd8, 0xb5, 0xff, 0x7e, 0xef, 0xff, 0x7a, 0xc6, 0xff, 0xb1, 0x63, 0xff,
    0xb1, 0x63, 0xff, 0xb1, 0x63, 0xff, 0xb1, 0x63, 0xff, 0xff, 0xff, 0xff, 0xf2, 0x6b, 0xff, 0x73, 0x84, 0xff, 0xff, 0xff, 0xff, 0x7e, 0xef, 0xff,
    0xb1, 0x63, 0xff, 0x56, 0x9d, 0xff, 0xff, 0xff, 0xff, 0xff, 0xff, 0xff, 0xff, 0xff, 0xff, 0x56, 0x9d, 0xff, 0xd4, 0x8c, 0xff, 0xff, 0xff, 0xff,
    0xff, 0xff, 0xff, 0xfc, 0xde, 0xff, 0xd8, 0xb5, 0xff, 0xb1, 0x63, 0xff, 0xd4, 0x8c, 0xff, 0xff, 0xff, 0xff, 0xd8, 0xb5, 0xff, 0xb1, 0x63, 0xff,
    0x33, 0x74, 0xff, 0xb1, 0x63, 0xff, 0xfc, 0xde, 0xff, 0xf5, 0x94, 0xff, 0xb1, 0x63, 0xff, 0xfc, 0xde, 0xff, 0xff, 0xff, 0xff, 0xbe, 0xf7, 0xff,
    0x15, 0x95, 0xff, 0xb4, 0x8c, 0xff, 0xb1, 0x63, 0xff, 0xfc, 0xde, 0xff, 0xff, 0xff, 0xff, 0xff, 0xff, 0xff, 0xff, 0xff, 0xff, 0xff, 0xff, 0xff,
    0x7a, 0xc6, 0xff, 0xb1, 0x63, 0xff, 0x5a, 0xc6, 0xff, 0xff, 0xff, 0xff, 0xff, 0xff, 0xff, 0xff, 0xff, 0xff, 0x7a, 0xc6, 0xff, 0xb1, 0x63, 0xff,
    0xfc, 0xde, 0xff, 0xff, 0xff, 0xff, 0xd8, 0xb5, 0xff, 0xb1, 0x63, 0xff, 0xb4, 0x8c, 0xff, 0x7e, 0xef, 0xff, 0x19, 0xbe, 0xff, 0xb1, 0x63, 0xff,
    0x5a, 0xc6, 0xff, 0xff, 0xff, 0xff, 0xff, 0xff, 0xff, 0x7a, 0xc6, 0xff, 0xb1, 0x63, 0xff, 0x15, 0x95, 0xff, 0x56, 0x9d, 0xff, 0x56, 0x9d, 0xff,
    0x7e, 0xef, 0xff, 0xb1, 0x63, 0xff, 0x15, 0x95, 0xff, 0xff, 0xff, 0xff, 0x7e, 0xef, 0xff, 0xb1, 0x63, 0xff, 0x56, 0x9d, 0xff, 0xff, 0xff, 0xff,
    0xff, 0xff, 0xff, 0xff, 0xff, 0xff, 0x74, 0x84, 0xff, 0xd8, 0xb5, 0xff, 0xff, 0xff, 0xff, 0xff, 0xff, 0xff, 0xff, 0xff, 0xff, 0xff, 0xff, 0xff,
    0xb1, 0x63, 0xff, 0xd4, 0x8c, 0xff, 0x97, 0xad, 0xff, 0xb1, 0x63, 0xff, 0x33, 0x74, 0xff, 0xbf, 0xf7, 0xff, 0x74, 0x84, 0xff, 0xb1, 0x63, 0xff,
    0xb1, 0x63, 0xff, 0x97, 0xa5, 0xff, 0xff, 0xff, 0xff, 0xff, 0xff, 0xff, 0xff, 0xff, 0xff, 0xff, 0xff, 0xff, 0xd8, 0xb5, 0xff, 0xb1, 0x63, 0xff,
    0xfc, 0xde, 0xff, 0xff, 0xff, 0xff, 0xff, 0xff, 0xff, 0xff, 0xff, 0xff, 0xff, 0xff, 0xff, 0x7a, 0xc6, 0xff, 0xb1, 0x63, 0xff, 0x5a, 0xc6, 0xff,
    0xff, 0xff, 0xff, 0xff, 0xff, 0xff, 0xff, 0xff, 0xff, 0x7a, 0xc6, 0xff, 0xb1, 0x63, 0xff, 0xfc, 0xde, 0xff, 0xff, 0xff, 0xff, 0xfc, 0xde, 0xff,
    0x56, 0x9d, 0xff, 0x33, 0x74, 0xff, 0xb1, 0x63, 0xff, 0xb1, 0x63, 0xff, 0xf2, 0x6b, 0xff, 0xff, 0xff, 0xff, 0xff, 0xff, 0xff, 0xff, 0xff, 0xff,
    0xbb, 0xce, 0xff, 0xb4, 0x8c, 0xff, 0x3d, 0xe7, 0xff, 0xff, 0xff, 0xff, 0xff, 0xff, 0xff, 0x5a, 0xc6, 0xff, 0xb1, 0x63, 0xff, 0x5a, 0xc6, 0xff,
    0xff, 0xff, 0xff, 0x7e, 0xef, 0xff, 0xb1, 0x63, 0xff, 0x56, 0x9d, 0xff, 0xff, 0xff, 0xff, 0xff, 0xff, 0xff, 0x7e, 0xef, 0xff, 0xb1, 0x63, 0xff,
    0xfc, 0xde, 0xff, 0xff, 0xff, 0xff, 0xff, 0xff, 0xff, 0xff, 0xff, 0xff, 0xff, 0xff, 0xff, 0xb1, 0x63, 0xff, 0xd4, 0x8c, 0xff, 0xd8, 0xb5, 0xff,
    0x33, 0x74, 0xff, 0x7e, 0xef, 0xff, 0x7e, 0xef, 0xff, 0x74, 0x84, 0xff, 0xb1, 0x63, 0xff, 0xb1, 0x63, 0xff, 0x19, 0xbe, 0xff, 0xff, 0xff, 0xff,
    0xff, 0xff, 0xff, 0xff, 0xff, 0xff, 0xff, 0xff, 0xff, 0xd8, 0xb5, 0xff, 0xb1, 0x63, 0xff, 0xfc, 0xde, 0xff, 0xff, 0xff, 0xff, 0xff, 0xff, 0xff,
    0xff, 0xff, 0xff, 0xff, 0xff, 0xff, 0x7a, 0xc6, 0xff, 0xb1, 0x63, 0xff, 0x5a, 0xc6, 0xff, 0xff, 0xff, 0xff, 0xff, 0xff, 0xff, 0xbb, 0xce, 0xff,
    0x15, 0x95, 0xff, 0xb1, 0x63, 0xff, 0x3d, 0xe7, 0xff, 0x3d, 0xe7, 0xff, 0x7a, 0xc6, 0xff, 0x97, 0xa5, 0xff, 0xf2, 0x6b, 0xff, 0xb1, 0x63, 0xff,
    0xf2, 0x6b, 0xff, 0xb1, 0x63, 0xff, 0x33, 0x74, 0xff, 0x5a, 0xc6, 0xff, 0xff, 0xff, 0xff, 0xff, 0xff, 0xff, 0xff, 0xff, 0xff, 0xff, 0xff, 0xff,
    0xff, 0xff, 0xff, 0xff, 0xff, 0xff, 0x33, 0x74, 0xff, 0xb1, 0x63, 0xff, 0x7e, 0xef, 0xff, 0xff, 0xff, 0xff, 0x7e, 0xef, 0xff, 0xb1, 0x63, 0xff,
    0x56, 0x9d, 0xff, 0xff, 0xff, 0xff, 0xff, 0xff, 0xff, 0xbb, 0xce, 0xff, 0xb1, 0x63, 0xff, 0xff, 0xff, 0xff, 0xff, 0xff, 0xff, 0xff, 0xff, 0xff,
    0x7e, 0xef, 0xff, 0x56, 0x9d, 0xff, 0xb1, 0x63, 0xff, 0xd4, 0x8c, 0xff, 0xff, 0xff, 0xff, 0xfc, 0xde, 0xff, 0x15, 0x95, 0xff, 0xb1, 0x63, 0xff,
    0xb1, 0x63, 0xff, 0x97, 0xa5, 0xff, 0x33, 0x74, 0xff, 0xb1, 0x63, 0xff, 0x33, 0x74, 0xff, 0xbb, 0xce, 0xff, 0xff, 0xff, 0xff, 0x19, 0xbe, 0xff,
    0xb4, 0x8c, 0xff, 0xb1, 0x63, 0xff, 0xfc, 0xde, 0xff, 0xff, 0xff, 0xff, 0xff, 0xff, 0xff, 0xd8, 0xb5, 0xff, 0xd4, 0x8c, 0xff, 0x33, 0x74, 0xff,
    0xb1, 0x63, 0xff, 0xbb, 0xce, 0xff, 0xff, 0xff, 0xff, 0xff, 0xff, 0xff, 0x7a, 0xc6, 0xff, 0xb1, 0x63, 0xff, 0xb4, 0x8c, 0xff, 0xff, 0xff, 0xff,
    0x19, 0xbe, 0xff, 0xb1, 0x63, 0xff, 0x33, 0x74, 0xff, 0x97, 0xa5, 0xff, 0xfc, 0xde, 0xff, 0xff, 0xff, 0xff, 0x5a, 0xc6, 0xff, 0x33, 0x74, 0xff,
    0xd8, 0xb5, 0xff, 0xff, 0xff, 0xff, 0xff, 0xff, 0xff, 0xff, 0xff, 0xff, 0xff, 0xff, 0xff, 0xff, 0xff, 0xff, 0xbe, 0xf7, 0xff, 0x15, 0x95, 0xff,
    0x56, 0x9d, 0xff, 0xff, 0xff, 0xff, 0xff, 0xff, 0xff, 0x7e, 0xef, 0xff, 0xb1, 0x63, 0xff, 0x56, 0x9d, 0xff, 0xff, 0xff, 0xff, 0xff, 0xff, 0xff,
    0x56, 0x9d, 0xff, 0xd4, 0x8c, 0xff, 0xff, 0xff, 0xff, 0xff, 0xff, 0xff, 0xff, 0xff, 0xff, 0xff, 0xff, 0xff, 0xf2, 0x6b, 0xff, 0xf2, 0x6b, 0xff,
    0x9b, 0xce, 0xff, 0xff, 0xff, 0xff, 0x7e, 0xef, 0xff, 0xf2, 0x6b, 0xff, 0xb4, 0x8c, 0xff, 0xfc, 0xde, 0xff, 0xff, 0xff, 0xff, 0x7e, 0xef, 0xff,
    0x56, 0x9d, 0xff, 0xb1, 0x63, 0xff, 0xfc, 0xde, 0xff, 0xff, 0xff, 0xff, 0xf5, 0x94, 0xff, 0xb1, 0x63, 0xff, 0xb4, 0x8c, 0xff, 0xff, 0xff, 0xff,
    0xff, 0xff, 0xff, 0xff, 0xff, 0xff, 0x19, 0xbe, 0xff, 0xb1, 0x63, 0xff, 0xb1, 0x63, 0xff, 0xb4, 0x8c, 0xff, 0x7e, 0xef, 0xff, 0xff, 0xff, 0xff,
    0xff, 0xff, 0xff, 0xff, 0xff, 0xff, 0xff, 0xff, 0xff, 0xff, 0xff, 0xff, 0xff, 0xff, 0xff, 0xff, 0xff, 0xff, 0xbf, 0xf7, 0xff, 0xff, 0xff, 0xff,
    0xff, 0xff, 0xff, 0xff, 0xff, 0xff, 0xff, 0xff, 0xff, 0xff, 0xff, 0xff, 0xff, 0xff, 0xff, 0xff, 0xff, 0xff, 0xff, 0xff, 0xff, 0xff, 0xff, 0xff,
    0xff, 0xff, 0xff, 0xff, 0xff, 0xff, 0xff, 0xff, 0xff, 0xff, 0xff, 0xff, 0xff, 0xff, 0xff, 0xbf, 0xf7, 0xff, 0xff, 0xff, 0xff, 0xff, 0xff, 0xff,
    0xff, 0xff, 0xff, 0x7e, 0xef, 0xff, 0xbf, 0xf7, 0xff, 0xff, 0xff, 0xff, 0xff, 0xff, 0xff, 0x33, 0x74, 0xff, 0xd8, 0xb5, 0xff, 0xff, 0xff, 0xff,
    0xff, 0xff, 0xff, 0xff, 0xff, 0xff, 0xff, 0xff, 0xff, 0x7e, 0xef, 0xff, 0xbf, 0xf7, 0xff, 0xff, 0xff, 0xff, 0xff, 0xff, 0xff, 0xff, 0xff, 0xff,
    0xbf, 0xf7, 0xff, 0xff, 0xff, 0xff, 0xff, 0xff, 0xff, 0xff, 0xff, 0xff, 0xff, 0xff, 0xff, 0xff, 0xff, 0xff, 0xbf, 0xf7, 0xff, 0xff, 0xff, 0xff,
    0xff, 0xff, 0xff, 0xff, 0xff, 0xff, 0xff, 0xff, 0xff, 0xff, 0xff, 0xff, 0xff, 0xff, 0xff, 0xff, 0xff, 0xff, 0xff, 0xff, 0xff, 0xff, 0xff, 0xff,
    0xbf, 0xf7, 0xff, 0xff, 0xff, 0xff, 0xff, 0xff, 0xff, 0xff, 0xff, 0xff, 0xff, 0xff, 0xff, 0xff, 0xff, 0xff, 0xff, 0xff, 0xff, 0xff, 0xff, 0xff,
    0xff, 0xff, 0xff, 0xff, 0xff, 0xff, 0xff, 0xff, 0xff, 0xff, 0xff, 0xff, 0xff, 0xff, 0xff, 0xff, 0xff, 0xff, 0xff, 0xff, 0xff, 0xff, 0xff, 0xff,
    0xff, 0xff, 0xff, 0xff, 0xff, 0xff, 0xff, 0xff, 0xff, 0xff, 0xff, 0xff, 0xff, 0xff, 0xff, 0xff, 0xff, 0xff, 0xff, 0xff, 0xff, 0xff, 0xff, 0xff,
    0xff, 0xff, 0xff, 0xff, 0xff, 0xff, 0xff, 0xff, 0xff, 0xff, 0xff, 0xff, 0xff, 0xff, 0xff, 0xff, 0xff, 0xff, 0xff, 0xff, 0xff, 0xff, 0xff, 0xff,
    0xff, 0xff, 0xff, 0xff, 0xff, 0xff, 0x7a, 0xc6, 0xff, 0x7e, 0xef, 0xff, 0xff, 0xff, 0xff, 0xff, 0xff, 0xff, 0xff, 0xff, 0xff, 0xff, 0xff, 0xff,
    0xff, 0xff, 0xff, 0xff, 0xff, 0xff, 0xff, 0xff, 0xff, 0xff, 0xff, 0xff, 0xff, 0xff, 0xff, 0xff, 0xff, 0xff, 0xff, 0xff, 0xff, 0xff, 0xff, 0xff,
    0xff, 0xff, 0xff, 0xff, 0xff, 0xff, 0xff, 0xff, 0xff, 0xff, 0xff, 0xff, 0xff, 0xff, 0xff, 0xff, 0xff, 0xff, 0xff, 0xff, 0xff, 0xff, 0xff, 0xff,
    0xff, 0xff, 0xff, 0xff, 0xff, 0xff, 0xff, 0xff, 0xff, 0xff, 0xff, 0xff, 0xff, 0xff, 0xff, 0xff, 0xff, 0xff, 0xff, 0xff, 0xff, 0xff, 0xff, 0xff,
    0xff, 0xff, 0xff, 0xff, 0xff, 0xff, 0xff, 0xff, 0xff,
};

const lv_img_dsc_t home_text_call_desc_img = {
    .header.cf = LV_IMG_CF_TRUE_COLOR_ALPHA,
    .header.always_zero = 0,
    .header.reserved = 0,
    .header.w = 61,
    .header.h = 15,
    .data_size = 61 * 15 * LV_IMG_PX_SIZE_ALPHA_BYTE,
    .data = home_text_call_desc_img_map,
};

static const LV_ATTRIBUTE_MEM_ALIGN LV_ATTRIBUTE_LARGE_CONST uint8_t home_text_wechat_img_map[] = {
    0xff, 0xff, 0xff, 0xff, 0xff, 0xff, 0xff, 0xff, 0xff, 0xcd, 0x4a, 0xff, 0xb0, 0x6b, 0xff, 0x3c, 0xe7, 0xff, 0xff, 0xff, 0xff, 0xff, 0xff, 0xff,
    0xea, 0x29, 0xff, 0xea, 0x29, 0xff, 0xff, 0xff, 0xff, 0xff, 0xff, 0xff, 0xff, 0xff, 0xff, 0xbb, 0xd6, 0xff, 0x6c, 0x3a, 0xff, 0x4f, 0x5b, 0xff,
    0xff, 0xff, 0xff, 0xff, 0xff, 0xff, 0xff, 0xff, 0xff, 0xff, 0xff, 0xff, 0xff, 0xff, 0xff, 0xff, 0xff, 0xff, 0xff, 0xff, 0xff, 0xff, 0xff, 0xff,
    0x93, 0x84, 0xff, 0xb0, 0x6b, 0xff, 0xbb, 0xd6, 0xff, 0xff, 0xff, 0xff, 0xff, 0xff, 0xff, 0xff, 0xff, 0xff, 0x3c, 0xe7, 0xff, 0x12, 0x7c, 0xff,
    0x6c, 0x3a, 0xff, 0x9e, 0xf7, 0xff, 0xff, 0xff, 0xff, 0xff, 0xff, 0xff, 0xff, 0xff, 0xff, 0xff, 0xff, 0xff, 0xff, 0xff, 0xff, 0xff, 0xff, 0xff,
    0xff, 0xff, 0xff, 0xff, 0xff, 0xff, 0xff, 0xff, 0xff, 0xff, 0xff, 0xff, 0xff, 0xff, 0xff, 0xff, 0xff, 0xff, 0xff, 0xff, 0xff, 0xff, 0xff, 0xff,
    0xff, 0xff, 0xff, 0xff, 0xff, 0xff, 0xff, 0xff, 0xff, 0xff, 0xff, 0xff, 0xff, 0xff, 0xff, 0xff, 0xff, 0xff, 0x1c, 0xe7, 0xff, 0x76, 0xa5, 0xff,
    0x12, 0x7c, 0xff, 0xbb, 0xd6, 0xff, 0xff, 0xff, 0xff, 0xff, 0xff, 0xff, 0xff, 0xff, 0xff, 0xff, 0xff, 0xff, 0xff, 0xff, 0xff, 0xff, 0xff, 0xff,
    0xff, 0xff, 0xff, 0xff, 0xff, 0xff, 0xff, 0xff, 0xff, 0xff, 0xff, 0xff, 0xff, 0xff, 0xff, 0xff, 0xff, 0xff, 0xff, 0xff, 0xff, 0xff, 0xff, 0xff,
    0xff, 0xff, 0xff, 0xff, 0xff, 0xff, 0xff, 0xff, 0xff, 0x59, 0xc6, 0xff, 0xb0, 0x6b, 0xff, 0xb0, 0x6b, 0xff, 0x9e, 0xf7, 0xff, 0xff, 0xff, 0xff,
    0xff, 0xff, 0xff, 0x93, 0x84, 0xff, 0x27, 0x11, 0xff, 0x27, 0x11, 0xff, 0xbb, 0xd6, 0xff, 0x59, 0xc6, 0xff, 0x9e, 0xf7, 0xff, 0xea, 0x29, 0xff,
    0xea, 0x29, 0xff, 0x9e, 0xf7, 0xff, 0x59, 0xc6, 0xff, 0x3c, 0xe7, 0xff, 0xd8, 0xb5, 0xff, 0x27, 0x11, 0xff, 0xea, 0x29, 0xff, 0xff, 0xff, 0xff,
    0xff, 0xff, 0xff, 0xff, 0xff, 0xff, 0xff, 0xff, 0xff, 0xff, 0xff, 0xff, 0xff, 0xff, 0xff, 0xff, 0xff, 0xff, 0x3c, 0xe7, 0xff, 0x27, 0x11, 0xff,
    0x27, 0x11, 0xff, 0x76, 0xa5, 0xff, 0xff, 0xff, 0xff, 0xff, 0xff, 0xff, 0xff, 0xff, 0xff, 0x9e, 0xf7, 0xff, 0x89, 0x19, 0xff, 0x27, 0x11, 0xff,
    0x93, 0x84, 0xff, 0xff, 0xff, 0xff, 0xff, 0xff, 0xff, 0xff, 0xff, 0xff, 0xff, 0xff, 0xff, 0xff, 0xff, 0xff, 0xff, 0xff, 0xff, 0xff, 0xff, 0xff,
    0xff, 0xff, 0xff, 0xff, 0xff, 0xff, 0xff, 0xff, 0xff, 0xff, 0xff, 0xff, 0xff, 0xff, 0xff, 0xff, 0xff, 0xff, 0x59, 0xc6, 0xff, 0x76, 0xa5, 0xff,
    0x93, 0x84, 0xff, 0x12, 0x7c, 0xff, 0x4f, 0x5b, 0xff, 0x0a, 0x2a, 0xff, 0x89, 0x19, 0xff, 0x27, 0x11, 0xff, 0x27, 0x11, 0xff, 0x27, 0x11, 0xff,
    0xea, 0x29, 0xff, 0x3c, 0xe7, 0xff, 0xff, 0xff, 0xff, 0xff, 0xff, 0xff, 0xbb, 0xd6, 0xff, 0x59, 0xc6, 0xff, 0x59, 0xc6, 0xff, 0x59, 0xc6, 0xff,
    0x59, 0xc6, 0xff, 0x59, 0xc6, 0xff, 0x59, 0xc6, 0xff, 0x9e, 0xf7, 0xff, 0xff, 0xff, 0xff, 0x1c, 0xe7, 0xff, 0x1c, 0xe7, 0xff, 0x9e, 0xf7, 0xff,
    0xff, 0xff, 0xff, 0xff, 0xff, 0xff, 0x76, 0xa5, 0xff, 0x27, 0x11, 0xff, 0x27, 0x11, 0xff, 0x1c, 0xe7, 0xff, 0xff, 0xff, 0xff, 0x93, 0x84, 0xff,
    0x27, 0x11, 0xff, 0x27, 0x11, 0xff, 0x93, 0x84, 0xff, 0x39, 0xc6, 0xff, 0x27, 0x11, 0xff, 0x59, 0xc6, 0xff, 0xea, 0x29, 0xff, 0xea, 0x29, 0xff,
    0x39, 0xc6, 0xff, 0x27, 0x11, 0xff, 0x76, 0xa5, 0xff, 0x93, 0x84, 0xff, 0x27, 0x11, 0xff, 0xcd, 0x4a, 0xff, 0xff, 0xff, 0xff, 0xff, 0xff, 0xff,
    0xff, 0xff, 0xff, 0xff, 0xff, 0xff, 0xff, 0xff, 0xff, 0xff, 0xff, 0xff, 0xff, 0xff, 0xff, 0x76, 0xa5, 0xff, 0x27, 0x11, 0xff, 0xea, 0x29, 0xff,
    0xff, 0xff, 0xff, 0xff, 0xff, 0xff, 0xff, 0xff, 0xff, 0xff, 0xff, 0xff, 0xff, 0xff, 0xff, 0x93, 0x84, 0xff, 0x27, 0x11, 0xff, 0xea, 0x29, 0xff,
    0xff, 0xff, 0xff, 0xff, 0xff, 0xff, 0xff, 0xff, 0xff, 0xff, 0xff, 0xff, 0xff, 0xff, 0xff, 0xff, 0xff, 0xff, 0xff, 0xff, 0xff, 0xea, 0x29, 0xff,
    0x27, 0x11, 0xff, 0x27, 0x11, 0xff, 0x27, 0x11, 0xff, 0x27, 0x11, 0xff, 0xb0, 0x6b, 0xff, 0x32, 0x7c, 0xff, 0x27, 0x11, 0xff, 0x27, 0x11, 0xff,
    0x27, 0x11, 0xff, 0x27, 0x11, 0xff, 0x27, 0x11, 0xff, 0x27, 0x11, 0xff, 0x27, 0x11, 0xff, 0xea, 0x29, 0xff, 0x4f, 0x5b, 0xff, 0x93, 0x84, 0xff,
    0xbb, 0xd6, 0xff, 0xff, 0xff, 0xff, 0xff, 0xff, 0xff, 0xcd, 0x4a, 0xff, 0x27, 0x11, 0xff, 0x27, 0x11, 0xff, 0x27, 0x11, 0xff, 0x27, 0x11, 0xff,
    0x27, 0x11, 0xff, 0x27, 0x11, 0xff, 0x59, 0xc6, 0xff, 0xff, 0xff, 0xff, 0x27, 0x11, 0xff, 0x27, 0x11, 0xff, 0x76, 0xa5, 0xff, 0xff, 0xff, 0xff,
    0xff, 0xff, 0xff, 0x76, 0xa5, 0xff, 0x27, 0x11, 0xff, 0x27, 0x11, 0xff, 0x1c, 0xe7, 0xff, 0x93, 0x84, 0xff, 0x27, 0x11, 0xff, 0x27, 0x11, 0xff,
    0x12, 0x7c, 0xff, 0xff, 0xff, 0xff, 0x39, 0xc6, 0xff, 0x27, 0x11, 0xff, 0x59, 0xc6, 0xff, 0xea, 0x29, 0xff, 0xea, 0x29, 0xff, 0x39, 0xc6, 0xff,
    0x27, 0x11, 0xff, 0x76, 0xa5, 0xff, 0x4f, 0x5b, 0xff, 0x27, 0x11, 0xff, 0x93, 0x84, 0xff, 0xff, 0xff, 0xff, 0xff, 0xff, 0xff, 0xff, 0xff, 0xff,
    0xff, 0xff, 0xff, 0xff, 0xff, 0xff, 0xff, 0xff, 0xff, 0xff, 0xff, 0xff, 0xea, 0x29, 0xff, 0x27, 0x11, 0xff, 0xb0, 0x6b, 0xff, 0x0a, 0x2a, 0xff,
    0x0a, 0x2a, 0xff, 0x0a, 0x2a, 0xff, 0x0a, 0x2a, 0xff, 0x0a, 0x2a, 0xff, 0x0a, 0x2a, 0xff, 0x27, 0x11, 0xff, 0x0a, 0x2a, 0xff, 0x0a, 0x2a, 0xff,
    0x0a, 0x2a, 0xff, 0x0a, 0x2a, 0xff, 0x0a, 0x2a, 0xff, 0x0a, 0x2a, 0xff, 0xff, 0xff, 0xff, 0xff, 0xff, 0xff, 0xea, 0x29, 0xff, 0x27, 0x11, 0xff,
    0x27, 0x11, 0xff, 0x27, 0x11, 0xff, 0x27, 0x11, 0xff, 0xb0, 0x6b, 0xff, 0x39, 0xc6, 0xff, 0xb0, 0x6b, 0xff, 0xb0, 0x6b, 0xff, 0x93, 0x84, 0xff,
    0x93, 0x84, 0xff, 0x27, 0x11, 0xff, 0x27, 0x11, 0xff, 0x59, 0xc6, 0xff, 0xff, 0xff, 0xff, 0xff, 0xff, 0xff, 0xff, 0xff, 0xff, 0xff, 0xff, 0xff,
    0xff, 0xff, 0xff, 0xff, 0xff, 0xff, 0xcd, 0x4a, 0xff, 0x27, 0x11, 0xff, 0x27, 0x11, 0xff, 0x27, 0x11, 0xff, 0x27, 0x11, 0xff, 0x27, 0x11, 0xff,
    0x27, 0x11, 0xff, 0x59, 0xc6, 0xff, 0xff, 0xff, 0xff, 0x27, 0x11, 0xff, 0x27, 0x11, 0xff, 0x76, 0xa5, 0xff, 0xff, 0xff, 0xff, 0xff, 0xff, 0xff,
    0x76, 0xa5, 0xff, 0x27, 0x11, 0xff, 0x27, 0x11, 0xff, 0x1c, 0xe7, 0xff, 0xf5, 0x94, 0xff, 0x27, 0x11, 0xff, 0xb0, 0x6b, 0xff, 0xd8, 0xb5, 0xff,
    0xf5, 0x94, 0xff, 0x76, 0xa5, 0xff, 0x27, 0x11, 0xff, 0x76, 0xa5, 0xff, 0xea, 0x29, 0xff, 0xea, 0x29, 0xff, 0xd8, 0xb5, 0xff, 0x27, 0x11, 0xff,
    0x76, 0xa5, 0xff, 0xea, 0x29, 0xff, 0x27, 0x11, 0xff, 0x27, 0x11, 0xff, 0x27, 0x11, 0xff, 0x27, 0x11, 0xff, 0x27, 0x11, 0xff, 0x1c, 0xe7, 0xff,
    0xff, 0xff, 0xff, 0xff, 0xff, 0xff, 0x93, 0x84, 0xff, 0x27, 0x11, 0xff, 0x27, 0x11, 0xff, 0xbb, 0xd6, 0xff, 0x27, 0x11, 0xff, 0x27, 0x11, 0xff,
    0x27, 0x11, 0xff, 0x27, 0x11, 0xff, 0x27, 0x11, 0xff, 0x27, 0x11, 0xff, 0x27, 0x11, 0xff, 0x27, 0x11, 0xff, 0x27, 0x11, 0xff, 0x27, 0x11, 0xff,
    0x27, 0x11, 0xff, 0x27, 0x11, 0xff, 0x27, 0x11, 0xff, 0xff, 0xff, 0xff, 0xff, 0xff, 0xff, 0xea, 0x29, 0xff, 0x27, 0x11, 0xff, 0x76, 0xa5, 0xff,
    0xb0, 0x6b, 0xff, 0x27, 0x11, 0xff, 0xb0, 0x6b, 0xff, 0x9e, 0xf7, 0xff, 0x93, 0x84, 0xff, 0xf5, 0x94, 0xff, 0xff, 0xff, 0xff, 0x1c, 0xe7, 0xff,
    0x27, 0x11, 0xff, 0x27, 0x11, 0xff, 0x59, 0xc6, 0xff, 0xff, 0xff, 0xff, 0xcd, 0x4a, 0xff, 0x6c, 0x3a, 0xff, 0xf5, 0x94, 0xff, 0xff, 0xff, 0xff,
    0xff, 0xff, 0xff, 0xcd, 0x4a, 0xff, 0x27, 0x11, 0xff, 0x93, 0x84, 0xff, 0xff, 0xff, 0xff, 0xff, 0xff, 0xff, 0x27, 0x11, 0xff, 0x27, 0x11, 0xff,
    0x59, 0xc6, 0xff, 0xff, 0xff, 0xff, 0x27, 0x11, 0xff, 0x27, 0x11, 0xff, 0x76, 0xa5, 0xff, 0xff, 0xff, 0xff, 0xff, 0xff, 0xff, 0x76, 0xa5, 0xff,
    0x27, 0x11, 0xff, 0x27, 0x11, 0xff, 0x1c, 0xe7, 0xff, 0xff, 0xff, 0xff, 0x76, 0xa5, 0xff, 0xff, 0xff, 0xff, 0xea, 0x29, 0xff, 0x27, 0x11, 0xff,
    0xea, 0x29, 0xff, 0x27, 0x11, 0xff, 0x27, 0x11, 0xff, 0x27, 0x11, 0xff, 0x27, 0x11, 0xff, 0x27, 0x11, 0xff, 0x27, 0x11, 0xff, 0x12, 0x7c, 0xff,
    0x27, 0x11, 0xff, 0x27, 0x11, 0xff, 0x27, 0x11, 0xff, 0x27, 0x11, 0xff, 0x27, 0x11, 0xff, 0x27, 0x11, 0xff, 0x1c, 0xe7, 0xff, 0xff, 0xff, 0xff,
    0x3c, 0xe7, 0xff, 0x27, 0x11, 0xff, 0x27, 0x11, 0xff, 0x27, 0x11, 0xff, 0x1c, 0xe7, 0xff, 0x1c, 0xe7, 0xff, 0x1c, 0xe7, 0xff, 0x1c, 0xe7, 0xff,
    0x1c, 0xe7, 0xff, 0x1c, 0xe7, 0xff, 0x1c, 0xe7, 0xff, 0x1c, 0xe7, 0xff, 0x1c, 0xe7, 0xff, 0x1c, 0xe7, 0xff, 0x1c, 0xe7, 0xff, 0x1c, 0xe7, 0xff,
    0x1c, 0xe7, 0xff, 0x1c, 0xe7, 0xff, 0xff, 0xff, 0xff, 0xff, 0xff, 0xff, 0xea, 0x29, 0xff, 0x27, 0x11, 0xff, 0x1c, 0xe7, 0xff, 0x93, 0x84, 0xff,
    0x27, 0x11, 0xff, 0xb0, 0x6b, 0xff, 0x39, 0xc6, 0xff, 0x27, 0x11, 0xff, 0x27, 0x11, 0xff, 0x9e, 0xf7, 0xff, 0x1c, 0xe7, 0xff, 0x27, 0x11, 0xff,
    0x27, 0x11, 0xff, 0x59, 0xc6, 0xff, 0x9e, 0xf7, 0xff, 0x27, 0x11, 0xff, 0x27, 0x11, 0xff, 0x76, 0xa5, 0xff, 0xff, 0xff, 0xff, 0xff, 0xff, 0xff,
    0xcd, 0x4a, 0xff, 0x27, 0x11, 0xff, 0x93, 0x84, 0xff, 0xff, 0xff, 0xff, 0xff, 0xff, 0xff, 0x27, 0x11, 0xff, 0x27, 0x11, 0xff, 0x59, 0xc6, 0xff,
    0xff, 0xff, 0xff, 0x27, 0x11, 0xff, 0x27, 0x11, 0xff, 0x76, 0xa5, 0xff, 0xff, 0xff, 0xff, 0xff, 0xff, 0xff, 0x76, 0xa5, 0xff, 0x27, 0x11, 0xff,
    0x27, 0x11, 0xff, 0x1c, 0xe7, 0xff, 0xff, 0xff, 0xff, 0xff, 0xff, 0xff, 0x93, 0x84, 0xff, 0x27, 0x11, 0xff, 0x27, 0x11, 0xff, 0xd8, 0xb5, 0xff,
    0xcd, 0x4a, 0xff, 0xcd, 0x4a, 0xff, 0xcd, 0x4a, 0xff, 0xcd, 0x4a, 0xff, 0xcd, 0x4a, 0xff, 0xcd, 0x4a, 0xff, 0xea, 0x29, 0xff, 0x27, 0x11, 0xff,
    0xcd, 0x4a, 0xff, 0xff, 0xff, 0xff, 0xb0, 0x6b, 0xff, 0x27, 0x11, 0xff, 0xf5, 0x94, 0xff, 0xff, 0xff, 0xff, 0xff, 0xff, 0xff, 0xea, 0x29, 0xff,
    0x27, 0x11, 0xff, 0x27, 0x11, 0xff, 0x27, 0x11, 0xff, 0x1c, 0xe7, 0xff, 0xff, 0xff, 0xff, 0xf5, 0x94, 0xff, 0x0a, 0x2a, 0xff, 0x0a, 0x2a, 0xff,
    0x0a, 0x2a, 0xff, 0x0a, 0x2a, 0xff, 0x0a, 0x2a, 0xff, 0x0a, 0x2a, 0xff, 0x0a, 0x2a, 0xff, 0x0a, 0x2a, 0xff, 0x0a, 0x2a, 0xff, 0xf5, 0x94, 0xff,
    0xff, 0xff, 0xff, 0xff, 0xff, 0xff, 0xff, 0xff, 0xff, 0xea, 0x29, 0xff, 0x27, 0x11, 0xff, 0x1c, 0xe7, 0xff, 0x93, 0x84, 0xff, 0x27, 0x11, 0xff,
    0xb0, 0x6b, 0xff, 0xff, 0xff, 0xff, 0xcd, 0x4a, 0xff, 0x27, 0x11, 0xff, 0x93, 0x84, 0xff, 0x1c, 0xe7, 0xff, 0x27, 0x11, 0xff, 0x27, 0x11, 0xff,
    0x59, 0xc6, 0xff, 0x76, 0xa5, 0xff, 0x27, 0x11, 0xff, 0xea, 0x29, 0xff, 0xff, 0xff, 0xff, 0xff, 0xff, 0xff, 0xff, 0xff, 0xff, 0xcd, 0x4a, 0xff,
    0x27, 0x11, 0xff, 0x93, 0x84, 0xff, 0xff, 0xff, 0xff, 0xff, 0xff, 0xff, 0x27, 0x11, 0xff, 0x27, 0x11, 0xff, 0x59, 0xc6, 0xff, 0xff, 0xff, 0xff,
    0x27, 0x11, 0xff, 0x27, 0x11, 0xff, 0x76, 0xa5, 0xff, 0xff, 0xff, 0xff, 0xff, 0xff, 0xff, 0x76, 0xa5, 0xff, 0x27, 0x11, 0xff, 0x27, 0x11, 0xff,
    0x1c, 0xe7, 0xff, 0xff, 0xff, 0xff, 0x3c, 0xe7, 0xff, 0x27, 0x11, 0xff, 0x27, 0x11, 0xff, 0x2f, 0x5b, 0xff, 0x9e, 0xf7, 0xff, 0x1c, 0xe7, 0xff,
    0x1c, 0xe7, 0xff, 0x1c, 0xe7, 0xff, 0x1c, 0xe7, 0xff, 0x1c, 0xe7, 0xff, 0x1c, 0xe7, 0xff, 0xea, 0x29, 0xff, 0x27, 0x11, 0xff, 0xea, 0x29, 0xff,
    0xff, 0xff, 0xff, 0xcd, 0x4a, 0xff, 0x27, 0x11, 0xff, 0x59, 0xc6, 0xff, 0xff, 0xff, 0xff, 0x93, 0x84, 0xff, 0x27, 0x11, 0xff, 0x27, 0x11, 0xff,
    0x27, 0x11, 0xff, 0x27, 0x11, 0xff, 0x1c, 0xe7, 0xff, 0xff, 0xff, 0xff, 0x93, 0x84, 0xff, 0x27, 0x11, 0xff, 0x27, 0x11, 0xff, 0x27, 0x11, 0xff,
    0x27, 0x11, 0xff, 0x27, 0x11, 0xff, 0x27, 0x11, 0xff, 0x27, 0x11, 0xff, 0x27, 0x11, 0xff, 0x27, 0x11, 0xff, 0x93, 0x84, 0xff, 0xff, 0xff, 0xff,
    0xff, 0xff, 0xff, 0xff, 0xff, 0xff, 0xea, 0x29, 0xff, 0x27, 0x11, 0xff, 0x1c, 0xe7, 0xff, 0x93, 0x84, 0xff, 0x27, 0x11, 0xff, 0xb0, 0x6b, 0xff,
    0xff, 0xff, 0xff, 0x93, 0x84, 0xff, 0x27, 0x11, 0xff, 0xcd, 0x4a, 0xff, 0x1c, 0xe7, 0xff, 0x27, 0x11, 0xff, 0x27, 0x11, 0xff, 0x59, 0xc6, 0xff,
    0xcd, 0x4a, 0xff, 0x27, 0x11, 0xff, 0xb0, 0x6b, 0xff, 0xff, 0xff, 0xff, 0xff, 0xff, 0xff, 0xff, 0xff, 0xff, 0xcd, 0x4a, 0xff, 0x27, 0x11, 0xff,
    0x93, 0x84, 0xff, 0xff, 0xff, 0xff, 0xff, 0xff, 0xff, 0x27, 0x11, 0xff, 0x27, 0x11, 0xff, 0x59, 0xc6, 0xff, 0xff, 0xff, 0xff, 0x27, 0x11, 0xff,
    0x27, 0x11, 0xff, 0x76, 0xa5, 0xff, 0xff, 0xff, 0xff, 0xff, 0xff, 0xff, 0x76, 0xa5, 0xff, 0x27, 0x11, 0xff, 0x27, 0x11, 0xff, 0x1c, 0xe7, 0xff,
    0x3c, 0xe7, 0xff, 0xea, 0x29, 0xff, 0x27, 0x11, 0xff, 0x27, 0x11, 0xff, 0xb0, 0x6b, 0xff, 0x93, 0x84, 0xff, 0x27, 0x11, 0xff, 0x27, 0x11, 0xff,
    0x27, 0x11, 0xff, 0x27, 0x11, 0xff, 0x27, 0x11, 0xff, 0x27, 0x11, 0xff, 0x27, 0x11, 0xff, 0x27, 0x11, 0xff, 0x27, 0x11, 0xff, 0x9e, 0xf7, 0xff,
    0x89, 0x19, 0xff, 0x27, 0x11, 0xff, 0xbb, 0xd6, 0xff, 0xff, 0xff, 0xff, 0x39, 0xc6, 0xff, 0x27, 0x11, 0xff, 0xb0, 0x6b, 0xff, 0x27, 0x11, 0xff,
    0x27, 0x11, 0xff, 0x1c, 0xe7, 0xff, 0xff, 0xff, 0xff, 0xff, 0xff, 0xff, 0xff, 0xff, 0xff, 0xff, 0xff, 0xff, 0xff, 0xff, 0xff, 0xff, 0xff, 0xff,
    0xff, 0xff, 0xff, 0xff, 0xff, 0xff, 0xff, 0xff, 0xff, 0xff, 0xff, 0xff, 0xff, 0xff, 0xff, 0xff, 0xff, 0xff, 0xff, 0xff, 0xff, 0xff, 0xff, 0xff,
    0xff, 0xff, 0xff, 0xea, 0x29, 0xff, 0x27, 0x11, 0xff, 0x1c, 0xe7, 0xff, 0x93, 0x84, 0xff, 0x27, 0x11, 0xff, 0xb0, 0x6b, 0xff, 0xff, 0xff, 0xff,
    0x39, 0xc6, 0xff, 0x27, 0x11, 0xff, 0x2f, 0x5b, 0xff, 0x1c, 0xe7, 0xff, 0x27, 0x11, 0xff, 0x27, 0x11, 0xff, 0xd8, 0xb5, 0xff, 0x89, 0x19, 0xff,
    0x27, 0x11, 0xff, 0x1c, 0xe7, 0xff, 0xff, 0xff, 0xff, 0xff, 0xff, 0xff, 0xff, 0xff, 0xff, 0xcd, 0x4a, 0xff, 0x27, 0x11, 0xff, 0x93, 0x84, 0xff,
    0xff, 0xff, 0xff, 0xff, 0xff, 0xff, 0x27, 0x11, 0xff, 0x27, 0x11, 0xff, 0x59, 0xc6, 0xff, 0xff, 0xff, 0xff, 0x27, 0x11, 0xff, 0x27, 0x11, 0xff,
    0x76, 0xa5, 0xff, 0xff, 0xff, 0xff, 0xff, 0xff, 0xff, 0x76, 0xa5, 0xff, 0x27, 0x11, 0xff, 0x27, 0x11, 0xff, 0x1c, 0xe7, 0xff, 0x6c, 0x3a, 0xff,
    0x27, 0x11, 0xff, 0x27, 0x11, 0xff, 0x27, 0x11, 0xff, 0xb0, 0x6b, 0xff, 0xf5, 0x94, 0xff, 0xea, 0x29, 0xff, 0xea, 0x29, 0xff, 0xea, 0x29, 0xff,
    0xea, 0x29, 0xff, 0xea, 0x29, 0xff, 0xea, 0x29, 0xff, 0xcd, 0x4a, 0xff, 0xea, 0x29, 0xff, 0x27, 0x11, 0xff, 0xd8, 0xb5, 0xff, 0x27, 0x11, 0xff,
    0x89, 0x19, 0xff, 0xff, 0xff, 0xff, 0xff, 0xff, 0xff, 0xff, 0xff, 0xff, 0xb0, 0x6b, 0xff, 0x9e, 0xf7, 0xff, 0x27, 0x11, 0xff, 0x27, 0x11, 0xff,
    0x1c, 0xe7, 0xff, 0xff, 0xff, 0xff, 0xf5, 0x94, 0xff, 0x0a, 0x2a, 0xff, 0x0a, 0x2a, 0xff, 0x0a, 0x2a, 0xff, 0x0a, 0x2a, 0xff, 0x0a, 0x2a, 0xff,
    0x0a, 0x2a, 0xff, 0x0a, 0x2a, 0xff, 0x0a, 0x2a, 0xff, 0x0a, 0x2a, 0xff, 0xf5, 0x94, 0xff, 0xff, 0xff, 0xff, 0xff, 0xff, 0xff, 0xff, 0xff, 0xff,
    0xea, 0x29, 0xff, 0x27, 0x11, 0xff, 0x1c, 0xe7, 0xff, 0x93, 0x84, 0xff, 0x27, 0x11, 0xff, 0xb0, 0x6b, 0xff, 0xbb, 0xd6, 0xff, 0xd8, 0xb5, 0xff,
    0x76, 0xa5, 0xff, 0x59, 0xc6, 0xff, 0x76, 0xa5, 0xff, 0x27, 0x11, 0xff, 0x27, 0x11, 0xff, 0xf5, 0x94, 0xff, 0x59, 0xc6, 0xff, 0x93, 0x84, 0xff,
    0x59, 0xc6, 0xff, 0x59, 0xc6, 0xff, 0xff, 0xff, 0xff, 0xff, 0xff, 0xff, 0xcd, 0x4a, 0xff, 0x27, 0x11, 0xff, 0x93, 0x84, 0xff, 0xff, 0xff, 0xff,
    0xff, 0xff, 0xff, 0x27, 0x11, 0xff, 0x27, 0x11, 0xff, 0x59, 0xc6, 0xff, 0xff, 0xff, 0xff, 0x27, 0x11, 0xff, 0x27, 0x11, 0xff, 0x76, 0xa5, 0xff,
    0xff, 0xff, 0xff, 0xff, 0xff, 0xff, 0x76, 0xa5, 0xff, 0x27, 0x11, 0xff, 0x27, 0x11, 0xff, 0x1c, 0xe7, 0xff, 0xf5, 0x94, 0xff, 0x27, 0x11, 0xff,
    0x89, 0x19, 0xff, 0x27, 0x11, 0xff, 0xb0, 0x6b, 0xff, 0xff, 0xff, 0xff, 0x76, 0xa5, 0xff, 0x93, 0x84, 0xff, 0x93, 0x84, 0xff, 0x93, 0x84, 0xff,
    0x93, 0x84, 0xff, 0x76, 0xa5, 0xff, 0x9e, 0xf7, 0xff, 0x76, 0xa5, 0xff, 0x27, 0x11, 0xff, 0x6c, 0x3a, 0xff, 0x27, 0x11, 0xff, 0xcd, 0x4a, 0xff,
    0xff, 0xff, 0xff, 0xff, 0xff, 0xff, 0xff, 0xff, 0xff, 0xff, 0xff, 0xff, 0xff, 0xff, 0xff, 0x27, 0x11, 0xff, 0x27, 0x11, 0xff, 0x1c, 0xe7, 0xff,
    0xff, 0xff, 0xff, 0x93, 0x84, 0xff, 0x27, 0x11, 0xff, 0x27, 0x11, 0xff, 0x27, 0x11, 0xff, 0x27, 0x11, 0xff, 0x27, 0x11, 0xff, 0x27, 0x11, 0xff,
    0x27, 0x11, 0xff, 0x27, 0x11, 0xff, 0x27, 0x11, 0xff, 0x93, 0x84, 0xff, 0xff, 0xff, 0xff, 0xff, 0xff, 0xff, 0xff, 0xff, 0xff, 0xea, 0x29, 0xff,
    0x27, 0x11, 0xff, 0x1c, 0xe7, 0xff, 0x93, 0x84, 0xff, 0x27, 0x11, 0xff, 0xb0, 0x6b, 0xff, 0xcd, 0x4a, 0xff, 0x27, 0x11, 0xff, 0x27, 0x11, 0xff,
    0x27, 0x11, 0xff, 0x27, 0x11, 0xff, 0x27, 0x11, 0xff, 0x27, 0x11, 0xff, 0x27, 0x11, 0xff, 0x27, 0x11, 0xff, 0x27, 0x11, 0xff, 0x27, 0x11, 0xff,
    0x27, 0x11, 0xff, 0xff, 0xff, 0xff, 0xff, 0xff, 0xff, 0xcd, 0x4a, 0xff, 0x27, 0x11, 0xff, 0x93, 0x84, 0xff, 0xff, 0xff, 0xff, 0xff, 0xff, 0xff,
    0x27, 0x11, 0xff, 0x27, 0x11, 0xff, 0x59, 0xc6, 0xff, 0xff, 0xff, 0xff, 0x27, 0x11, 0xff, 0x27, 0x11, 0xff, 0x76, 0xa5, 0xff, 0xff, 0xff, 0xff,
    0xff, 0xff, 0xff, 0x76, 0xa5, 0xff, 0x27, 0x11, 0xff, 0x27, 0x11, 0xff, 0x1c, 0xe7, 0xff, 0xff, 0xff, 0xff, 0xf5, 0x94, 0xff, 0xb0, 0x6b, 0xff,
    0x27, 0x11, 0xff, 0xb0, 0x6b, 0xff, 0xff, 0xff, 0xff, 0xcd, 0x4a, 0xff, 0x27, 0x11, 0xff, 0x27, 0x11, 0xff, 0x27, 0x11, 0xff, 0x27, 0x11, 0xff,
    0xcd, 0x4a, 0xff, 0xff, 0xff, 0xff, 0x1c, 0xe7, 0xff, 0x27, 0x11, 0xff, 0x27, 0x11, 0xff, 0x27, 0x11, 0xff, 0xf5, 0x94, 0xff, 0xff, 0xff, 0xff,
    0xff, 0xff, 0xff, 0xff, 0xff, 0xff, 0xff, 0xff, 0xff, 0xff, 0xff, 0xff, 0x27, 0x11, 0xff, 0x27, 0x11, 0xff, 0x1c, 0xe7, 0xff, 0xff, 0xff, 0xff,
    0xff, 0xff, 0xff, 0xff, 0xff, 0xff, 0xff, 0xff, 0xff, 0xff, 0xff, 0xff, 0xff, 0xff, 0xff, 0xff, 0xff, 0xff, 0xff, 0xff, 0xff, 0xff, 0xff, 0xff,
    0xff, 0xff, 0xff, 0xff, 0xff, 0xff, 0xff, 0xff, 0xff, 0xff, 0xff, 0xff, 0xff, 0xff, 0xff, 0xff, 0xff, 0xff, 0xea, 0x29, 0xff, 0x27, 0x11, 0xff,
    0xcd, 0x4a, 0xff, 0xea, 0x29, 0xff, 0x27, 0x11, 0xff, 0xb0, 0x6b, 0xff, 0xcd, 0x4a, 0xff, 0x27, 0x11, 0xff, 0x27, 0x11, 0xff, 0x27, 0x11, 0xff,
    0x27, 0x11, 0xff, 0x27, 0x11, 0xff, 0x27, 0x11, 0xff, 0x27, 0x11, 0xff, 0x27, 0x11, 0xff, 0x27, 0x11, 0xff, 0x27, 0x11, 0xff, 0x27, 0x11, 0xff,
    0xff, 0xff, 0xff, 0xff, 0xff, 0xff, 0xcd, 0x4a, 0xff, 0x27, 0x11, 0xff, 0xb0, 0x6b, 0xff, 0x59, 0xc6, 0xff, 0x59, 0xc6, 0xff, 0x27, 0x11, 0xff,
    0x27, 0x11, 0xff, 0x59, 0xc6, 0xff, 0xff, 0xff, 0xff, 0x27, 0x11, 0xff, 0x27, 0x11, 0xff, 0x76, 0xa5, 0xff, 0xbb, 0xd6, 0xff, 0xf5, 0x94, 0xff,
    0x6c, 0x3a, 0xff, 0x27, 0x11, 0xff, 0x27, 0x11, 0xff, 0x1c, 0xe7, 0xff, 0xff, 0xff, 0xff, 0xff, 0xff, 0xff, 0xb0, 0x6b, 0xff, 0x27, 0x11, 0xff,
    0xb0, 0x6b, 0xff, 0xff, 0xff, 0xff, 0xcd, 0x4a, 0xff, 0x27, 0x11, 0xff, 0x93, 0x84, 0xff, 0xf5, 0x94, 0xff, 0x27, 0x11, 0xff, 0xcd, 0x4a, 0xff,
    0xff, 0xff, 0xff, 0xff, 0xff, 0xff, 0xea, 0x29, 0xff, 0x27, 0x11, 0xff, 0x27, 0x11, 0xff, 0x1c, 0xe7, 0xff, 0xff, 0xff, 0xff, 0xff, 0xff, 0xff,
    0xff, 0xff, 0xff, 0xff, 0xff, 0xff, 0xff, 0xff, 0xff, 0x27, 0x11, 0xff, 0x27, 0x11, 0xff, 0x1c, 0xe7, 0xff, 0xff, 0xff, 0xff, 0xcd, 0x4a, 0xff,
    0x0a, 0x2a, 0xff, 0x0a, 0x2a, 0xff, 0x0a, 0x2a, 0xff, 0x0a, 0x2a, 0xff, 0x0a, 0x2a, 0xff, 0x0a, 0x2a, 0xff, 0x0a, 0x2a, 0xff, 0x0a, 0x2a, 0xff,
    0x0a, 0x2a, 0xff, 0xb0, 0x6b, 0xff, 0xff, 0xff, 0xff, 0xff, 0xff, 0xff, 0xff, 0xff, 0xff, 0xea, 0x29, 0xff, 0x27, 0x11, 0xff, 0x27, 0x11, 0xff,
    0x27, 0x11, 0xff, 0x27, 0x11, 0xff, 0xb0, 0x6b, 0xff, 0xff, 0xff, 0xff, 0xff, 0xff, 0xff, 0xff, 0xff, 0xff, 0xff, 0xff, 0xff, 0x1c, 0xe7, 0xff,
    0x27, 0x11, 0xff, 0x27, 0x11, 0xff, 0x59, 0xc6, 0xff, 0xff, 0xff, 0xff, 0xff, 0xff, 0xff, 0xff, 0xff, 0xff, 0xff, 0xff, 0xff, 0xff, 0xff, 0xff,
    0xff, 0xff, 0xff, 0xcd, 0x4a, 0xff, 0x27, 0x11, 0xff, 0x27, 0x11, 0xff, 0x27, 0x11, 0xff, 0x27, 0x11, 0xff, 0x27, 0x11, 0xff, 0x27, 0x11, 0xff,
    0x59, 0xc6, 0xff, 0x39, 0xc6, 0xff, 0x27, 0x11, 0xff, 0x27, 0x11, 0xff, 0x27, 0x11, 0xff, 0x27, 0x11, 0xff, 0x27, 0x11, 0xff, 0x27, 0x11, 0xff,
    0x27, 0x11, 0xff, 0x27, 0x11, 0xff, 0x1c, 0xe7, 0xff, 0xff, 0xff, 0xff, 0xff, 0xff, 0xff, 0xb0, 0x6b, 0xff, 0x27, 0x11, 0xff, 0xb0, 0x6b, 0xff,
    0xff, 0xff, 0xff, 0xcd, 0x4a, 0xff, 0x27, 0x11, 0xff, 0x59, 0xc6, 0xff, 0x1c, 0xe7, 0xff, 0x27, 0x11, 0xff, 0xea, 0x29, 0xff, 0xcd, 0x4a, 0xff,
    0xbb, 0xd6, 0xff, 0x4f, 0x5b, 0xff, 0x27, 0x11, 0xff, 0xcd, 0x4a, 0xff, 0xff, 0xff, 0xff, 0xff, 0xff, 0xff, 0xff, 0xff, 0xff, 0xff, 0xff, 0xff,
    0xff, 0xff, 0xff, 0xff, 0xff, 0xff, 0x27, 0x11, 0xff, 0x27, 0x11, 0xff, 0x1c, 0xe7, 0xff, 0xff, 0xff, 0xff, 0xea, 0x29, 0xff, 0x27, 0x11, 0xff,
    0x27, 0x11, 0xff, 0x27, 0x11, 0xff, 0x27, 0x11, 0xff, 0x27, 0x11, 0xff, 0x27, 0x11, 0xff, 0x27, 0x11, 0xff, 0x27, 0x11, 0xff, 0x27, 0x11, 0xff,
    0xcd, 0x4a, 0xff, 0xff, 0xff, 0xff, 0xff, 0xff, 0xff, 0xff, 0xff, 0xff, 0xea, 0x29, 0xff, 0x27, 0x11, 0xff, 0x12, 0x7c, 0xff, 0x93, 0x84, 0xff,
    0x93, 0x84, 0xff, 0xd8, 0xb5, 0xff, 0xff, 0xff, 0xff, 0xff, 0xff, 0xff, 0xff, 0xff, 0xff, 0xff, 0xff, 0xff, 0x1c, 0xe7, 0xff, 0x27, 0x11, 0xff,
    0x27, 0x11, 0xff, 0x59, 0xc6, 0xff, 0xff, 0xff, 0xff, 0xff, 0xff, 0xff, 0xff, 0xff, 0xff, 0xff, 0xff, 0xff, 0xff, 0xff, 0xff, 0xff, 0xff, 0xff,
    0xcd, 0x4a, 0xff, 0x27, 0x11, 0xff, 0x27, 0x11, 0xff, 0x27, 0x11, 0xff, 0x27, 0x11, 0xff, 0x27, 0x11, 0xff, 0x27, 0x11, 0xff, 0xd8, 0xb5, 0xff,
    0xea, 0x29, 0xff, 0x27, 0x11, 0xff, 0x27, 0x11, 0xff, 0x27, 0x11, 0xff, 0x27, 0x11, 0xff, 0xea, 0x29, 0xff, 0xcd, 0x4a, 0xff, 0x27, 0x11, 0xff,
    0x27, 0x11, 0xff, 0x1c, 0xe7, 0xff, 0xff, 0xff, 0xff, 0xff, 0xff, 0xff, 0xb0, 0x6b, 0xff, 0x27, 0x11, 0xff, 0xb0, 0x6b, 0xff, 0xff, 0xff, 0xff,
    0x6c, 0x3a, 0xff, 0x27, 0x11, 0xff, 0xbb, 0xd6, 0xff, 0x39, 0xc6, 0xff, 0x27, 0x11, 0xff, 0x27, 0x11, 0xff, 0x27, 0x11, 0xff, 0xf5, 0x94, 0xff,
    0x27, 0x11, 0xff, 0x27, 0x11, 0xff, 0x27, 0x11, 0xff, 0x3c, 0xe7, 0xff, 0xff, 0xff, 0xff, 0xff, 0xff, 0xff, 0xff, 0xff, 0xff, 0xff, 0xff, 0xff,
    0xff, 0xff, 0xff, 0x27, 0x11, 0xff, 0x27, 0x11, 0xff, 0x1c, 0xe7, 0xff, 0xff, 0xff, 0xff, 0xea, 0x29, 0xff, 0x27, 0x11, 0xff, 0x1c, 0xe7, 0xff,
    0xff, 0xff, 0xff, 0xff, 0xff, 0xff, 0xff, 0xff, 0xff, 0xff, 0xff, 0xff, 0xff, 0xff, 0xff, 0x76, 0xa5, 0xff, 0x27, 0x11, 0xff, 0xcd, 0x4a, 0xff,
    0xff, 0xff, 0xff, 0xff, 0xff, 0xff, 0xff, 0xff, 0xff, 0xea, 0x29, 0xff, 0x27, 0x11, 0xff, 0x1c, 0xe7, 0xff, 0xff, 0xff, 0xff, 0xff, 0xff, 0xff,
    0xff, 0xff, 0xff, 0xff, 0xff, 0xff, 0xff, 0xff, 0xff, 0xff, 0xff, 0xff, 0xff, 0xff, 0xff, 0x1c, 0xe7, 0xff, 0x27, 0x11, 0xff, 0x27, 0x11, 0xff,
    0x59, 0xc6, 0xff, 0xff, 0xff, 0xff, 0xff, 0xff, 0xff, 0xff, 0xff, 0xff, 0xff, 0xff, 0xff, 0xff, 0xff, 0xff, 0xff, 0xff, 0xff, 0xcd, 0x4a, 0xff,
    0x27, 0x11, 0xff, 0x93, 0x84, 0xff, 0xff, 0xff, 0xff, 0xff, 0xff, 0xff, 0xff, 0xff, 0xff, 0xff, 0xff, 0xff, 0xff, 0xff, 0xff, 0xb0, 0x6b, 0xff,
    0x27, 0x11, 0xff, 0xcd, 0x4a, 0xff, 0xf5, 0x94, 0xff, 0x1c, 0xe7, 0xff, 0xff, 0xff, 0xff, 0x76, 0xa5, 0xff, 0x27, 0x11, 0xff, 0x27, 0x11, 0xff,
    0x1c, 0xe7, 0xff, 0xff, 0xff, 0xff, 0xff, 0xff, 0xff, 0xb0, 0x6b, 0xff, 0x27, 0x11, 0xff, 0xb0, 0x6b, 0xff, 0x3c, 0xe7, 0xff, 0x27, 0x11, 0xff,
    0x27, 0x11, 0xff, 0xff, 0xff, 0xff, 0x32, 0x7c, 0xff, 0x27, 0x11, 0xff, 0xea, 0x29, 0xff, 0xd8, 0xb5, 0xff, 0xea, 0x29, 0xff, 0x27, 0x11, 0xff,
    0x27, 0x11, 0xff, 0x27, 0x11, 0xff, 0xea, 0x29, 0xff, 0x9e, 0xf7, 0xff, 0xff, 0xff, 0xff, 0xff, 0xff, 0xff, 0xff, 0xff, 0xff, 0xff, 0xff, 0xff,
    0x27, 0x11, 0xff, 0x27, 0x11, 0xff, 0x1c, 0xe7, 0xff, 0xff, 0xff, 0xff, 0xea, 0x29, 0xff, 0x27, 0x11, 0xff, 0x1c, 0xe7, 0xff, 0xff, 0xff, 0xff,
    0xff, 0xff, 0xff, 0xff, 0xff, 0xff, 0xff, 0xff, 0xff, 0xff, 0xff, 0xff, 0x76, 0xa5, 0xff, 0x27, 0x11, 0xff, 0xcd, 0x4a, 0xff, 0xff, 0xff, 0xff,
    0xff, 0xff, 0xff, 0xff, 0xff, 0xff, 0x1c, 0xe7, 0xff, 0x1c, 0xe7, 0xff, 0xff, 0xff, 0xff, 0xff, 0xff, 0xff, 0xff, 0xff, 0xff, 0xff, 0xff, 0xff,
    0xff, 0xff, 0xff, 0xff, 0xff, 0xff, 0xff, 0xff, 0xff, 0xff, 0xff, 0xff, 0x1c, 0xe7, 0xff, 0x27, 0x11, 0xff, 0x27, 0x11, 0xff, 0x59, 0xc6, 0xff,
    0xff, 0xff, 0xff, 0xff, 0xff, 0xff, 0xff, 0xff, 0xff, 0xff, 0xff, 0xff, 0xff, 0xff, 0xff, 0xff, 0xff, 0xff, 0x32, 0x7c, 0xff, 0xcd, 0x4a, 0xff,
    0x76, 0xa5, 0xff, 0xff, 0xff, 0xff, 0xff, 0xff, 0xff, 0xff, 0xff, 0xff, 0xff, 0xff, 0xff, 0xff, 0xff, 0xff, 0x1c, 0xe7, 0xff, 0x1c, 0xe7, 0xff,
    0xff, 0xff, 0xff, 0xff, 0xff, 0xff, 0xff, 0xff, 0xff, 0xff, 0xff, 0xff, 0x76, 0xa5, 0xff, 0x27, 0x11, 0xff, 0x27, 0x11, 0xff, 0x1c, 0xe7, 0xff,
    0xff, 0xff, 0xff, 0xff, 0xff, 0xff, 0xb0, 0x6b, 0xff, 0x27, 0x11, 0xff, 0xb0, 0x6b, 0xff, 0xb0, 0x6b, 0xff, 0x27, 0x11, 0xff, 0xcd, 0x4a, 0xff,
    0xff, 0xff, 0xff, 0x39, 0xc6, 0xff, 0xb0, 0x6b, 0xff, 0xbb, 0xd6, 0xff, 0xea, 0x29, 0xff, 0x27, 0x11, 0xff, 0xea, 0x29, 0xff, 0x59, 0xc6, 0xff,
    0x89, 0x19, 0xff, 0x27, 0x11, 0xff, 0xea, 0x29, 0xff, 0x3c, 0xe7, 0xff, 0xff, 0xff, 0xff, 0xff, 0xff, 0xff, 0xff, 0xff, 0xff, 0x27, 0x11, 0xff,
    0x27, 0x11, 0xff, 0x1c, 0xe7, 0xff, 0xff, 0xff, 0xff, 0xea, 0x29, 0xff, 0x27, 0x11, 0xff, 0xcd, 0x4a, 0xff, 0xcd, 0x4a, 0xff, 0xcd, 0x4a, 0xff,
    0xcd, 0x4a, 0xff, 0xcd, 0x4a, 0xff, 0xcd, 0x4a, 0xff, 0xea, 0x29, 0xff, 0x27, 0x11, 0xff, 0xcd, 0x4a, 0xff, 0xff, 0xff, 0xff, 0xff, 0xff, 0xff,
    0xff, 0xff, 0xff, 0xff, 0xff, 0xff, 0xff, 0xff, 0xff, 0xff, 0xff, 0xff, 0xff, 0xff, 0xff, 0xff, 0xff, 0xff, 0xff, 0xff, 0xff, 0xff, 0xff, 0xff,
    0x9e, 0xf7, 0xff, 0x93, 0x84, 0xff, 0x93, 0x84, 0xff, 0xb0, 0x6b, 0xff, 0x27, 0x11, 0xff, 0x27, 0x11, 0xff, 0x59, 0xc6, 0xff, 0xff, 0xff, 0xff,
    0xff, 0xff, 0xff, 0xff, 0xff, 0xff, 0xff, 0xff, 0xff, 0xff, 0xff, 0xff, 0xff, 0xff, 0xff, 0xff, 0xff, 0xff, 0xff, 0xff, 0xff, 0xff, 0xff, 0xff,
    0xff, 0xff, 0xff, 0xff, 0xff, 0xff, 0xff, 0xff, 0xff, 0xff, 0xff, 0xff, 0xff, 0xff, 0xff, 0xff, 0xff, 0xff, 0xff, 0xff, 0xff, 0xff, 0xff, 0xff,
    0xff, 0xff, 0xff, 0xff, 0xff, 0xff, 0xff, 0xff, 0xff, 0x76, 0xa5, 0xff, 0x27, 0x11, 0xff, 0x27, 0x11, 0xff, 0x1c, 0xe7, 0xff, 0xff, 0xff, 0xff,
    0xff, 0xff, 0xff, 0xb0, 0x6b, 0xff, 0x27, 0x11, 0xff, 0xb0, 0x6b, 0xff, 0x93, 0x84, 0xff, 0x27, 0x11, 0xff, 0x76, 0xa5, 0xff, 0xff, 0xff, 0xff,
    0xff, 0xff, 0xff, 0xff, 0xff, 0xff, 0x93, 0x84, 0xff, 0x27, 0x11, 0xff, 0xea, 0x29, 0xff, 0x1c, 0xe7, 0xff, 0xff, 0xff, 0xff, 0xf5, 0x94, 0xff,
    0x27, 0x11, 0xff, 0xea, 0x29, 0xff, 0x9e, 0xf7, 0xff, 0xff, 0xff, 0xff, 0xff, 0xff, 0xff, 0xff, 0xff, 0xff, 0x27, 0x11, 0xff, 0x27, 0x11, 0xff,
    0x1c, 0xe7, 0xff, 0xff, 0xff, 0xff, 0xea, 0x29, 0xff, 0x27, 0x11, 0xff, 0x27, 0x11, 0xff, 0x27, 0x11, 0xff, 0x27, 0x11, 0xff, 0x27, 0x11, 0xff,
    0x27, 0x11, 0xff, 0x27, 0x11, 0xff, 0x27, 0x11, 0xff, 0x27, 0x11, 0xff, 0xcd, 0x4a, 0xff, 0xff, 0xff, 0xff, 0xff, 0xff, 0xff, 0xff, 0xff, 0xff,
    0xff, 0xff, 0xff, 0xff, 0xff, 0xff, 0xff, 0xff, 0xff, 0xff, 0xff, 0xff, 0xff, 0xff, 0xff, 0xff, 0xff, 0xff, 0xff, 0xff, 0xff, 0xff, 0xff, 0xff,
    0xcd, 0x4a, 0xff, 0x27, 0x11, 0xff, 0x27, 0x11, 0xff, 0x27, 0x11, 0xff, 0x89, 0x19, 0xff, 0x9e, 0xf7, 0xff, 0xff, 0xff, 0xff, 0xff, 0xff, 0xff,
    0xff, 0xff, 0xff, 0xff, 0xff, 0xff, 0xff, 0xff, 0xff, 0xff, 0xff, 0xff, 0xff, 0xff, 0xff, 0xff, 0xff, 0xff, 0xff, 0xff, 0xff, 0xff, 0xff, 0xff,
    0xff, 0xff, 0xff, 0xff, 0xff, 0xff, 0xff, 0xff, 0xff, 0xff, 0xff, 0xff, 0xff, 0xff, 0xff, 0xff, 0xff, 0xff, 0xff, 0xff, 0xff, 0xff, 0xff, 0xff,
    0xff, 0xff, 0xff, 0xff, 0xff, 0xff, 0x76, 0xa5, 0xff, 0x27, 0x11, 0xff, 0x27, 0x11, 0xff, 0x1c, 0xe7, 0xff, 0xff, 0xff, 0xff, 0xff, 0xff, 0xff,
    0x12, 0x7c, 0xff, 0xea, 0x29, 0xff, 0x12, 0x7c, 0xff, 0xff, 0xff, 0xff, 0xd8, 0xb5, 0xff, 0xff, 0xff, 0xff, 0xff, 0xff, 0xff, 0xff, 0xff, 0xff,
    0xff, 0xff, 0xff, 0xff, 0xff, 0xff, 0xb0, 0x6b, 0xff, 0x1c, 0xe7, 0xff, 0xff, 0xff, 0xff, 0xff, 0xff, 0xff, 0xff, 0xff, 0xff, 0xf5, 0x94, 0xff,
    0x1c, 0xe7, 0xff, 0xff, 0xff, 0xff, 0xff, 0xff, 0xff, 0xff, 0xff, 0xff, 0xff, 0xff, 0xff, 0xea, 0x29, 0xff, 0xea, 0x29, 0xff, 0x1c, 0xe7, 0xff,
    0xff, 0xff, 0xff, 0x4f, 0x5b, 0xff, 0xcd, 0x4a, 0xff, 0xbb, 0xd6, 0xff, 0x1c, 0xe7, 0xff, 0x1c, 0xe7, 0xff, 0x1c, 0xe7, 0xff, 0x1c, 0xe7, 0xff,
    0x1c, 0xe7, 0xff, 0x76, 0xa5, 0xff, 0xcd, 0x4a, 0xff, 0x12, 0x7c, 0xff, 0xff, 0xff, 0xff, 0xff, 0xff, 0xff, 0xff, 0xff, 0xff, 0xff, 0xff, 0xff,
    0xff, 0xff, 0xff, 0xff, 0xff, 0xff, 0xff, 0xff, 0xff, 0xff, 0xff, 0xff, 0xff, 0xff, 0xff, 0xff, 0xff, 0xff, 0xff, 0xff, 0xff, 0x76, 0xa5, 0xff,
    0xcd, 0x4a, 0xff, 0xcd, 0x4a, 0xff, 0x12, 0x7c, 0xff, 0xbb, 0xd6, 0xff, 0xff, 0xff, 0xff, 0xff, 0xff, 0xff, 0xff, 0xff, 0xff, 0xff, 0xff, 0xff,
    0xff, 0xff, 0xff, 0xff, 0xff, 0xff, 0xff, 0xff, 0xff, 0xff, 0xff, 0xff, 0xff, 0xff, 0xff, 0xff, 0xff, 0xff, 0xff, 0xff, 0xff, 0xff, 0xff, 0xff,
    0xff, 0xff, 0xff, 0xff, 0xff, 0xff, 0xff, 0xff, 0xff, 0xff, 0xff, 0xff, 0xff, 0xff, 0xff, 0xff, 0xff, 0xff, 0xff, 0xff, 0xff, 0xff, 0xff, 0xff,
    0xff, 0xff, 0xff, 0xd8, 0xb5, 0xff, 0xea, 0x29, 0xff, 0xea, 0x29, 0xff, 0x1c, 0xe7, 0xff,
};

const lv_img_dsc_t home_text_wechat_img = {
    .header.cf = LV_IMG_CF_TRUE_COLOR_ALPHA,
    .header.always_zero = 0,
    .header.reserved = 0,
    .header.w = 79,
    .header.h = 19,
    .data_size = 79 * 19 * LV_IMG_PX_SIZE_ALPHA_BYTE,
    .data = home_text_wechat_img_map,
};

static const LV_ATTRIBUTE_MEM_ALIGN LV_ATTRIBUTE_LARGE_CONST uint8_t home_text_wechat_desc_img_map[] = {
    0xff, 0xff, 0xff, 0x5a, 0xc6, 0xff, 0x7e, 0xef, 0xff, 0xff, 0xff, 0xff, 0xfc, 0xde, 0xff, 0x7a, 0xc6, 0xff, 0x7a, 0xc6, 0xff, 0x7a, 0xc6, 0xff,
    0x7a, 0xc6, 0xff, 0x7a, 0xc6, 0xff, 0x7a, 0xc6, 0xff, 0x7a, 0xc6, 0xff, 0xfc, 0xde, 0xff, 0xff, 0xff, 0xff, 0xff, 0xff, 0xff, 0xff, 0xff, 0xff,
    0xff, 0xff, 0xff, 0xff, 0xff, 0xff, 0xff, 0xff, 0xff, 0x19, 0xbe, 0xff, 0xf2, 0x6b, 0xff, 0xfc, 0xde, 0xff, 0xff, 0xff, 0xff, 0xff, 0xff, 0xff,
    0xff, 0xff, 0xff, 0xff, 0xff, 0xff, 0xff, 0xff, 0xff, 0xff, 0xff, 0xff, 0xff, 0xff, 0xff, 0xff, 0xff, 0xff, 0xff, 0xff, 0xff, 0x3d, 0xe7, 0xff,
    0x7e, 0xef, 0xff, 0xff, 0xff, 0xff, 0xbf, 0xf7, 0xff, 0xd8, 0xb5, 0xff, 0x5a, 0xc6, 0xff, 0xff, 0xff, 0xff, 0xff, 0xff, 0xff, 0xfc, 0xde, 0xff,
    0xfc, 0xde, 0xff, 0xfc, 0xde, 0xff, 0xfc, 0xde, 0xff, 0xfc, 0xde, 0xff, 0xfc, 0xde, 0xff, 0xfc, 0xde, 0xff, 0xff, 0xff, 0xff, 0xff, 0xff, 0xff,
    0xff, 0xff, 0xff, 0xff, 0xff, 0xff, 0x97, 0xa5, 0xff, 0xd4, 0x8c, 0xff, 0xff, 0xff, 0xff, 0xff, 0xff, 0xff, 0x7e, 0xef, 0xff, 0x7e, 0xef, 0xff,
    0x7e, 0xef, 0xff, 0x7e, 0xef, 0xff, 0x7e, 0xef, 0xff, 0x7e, 0xef, 0xff, 0xbf, 0xf7, 0xff, 0x3d, 0xe7, 0xff, 0xb1, 0x63, 0xff, 0x33, 0x74, 0xff,
    0x7e, 0xef, 0xff, 0x56, 0x9d, 0xff, 0xb1, 0x63, 0xff, 0xb1, 0x63, 0xff, 0xb1, 0x63, 0xff, 0xb1, 0x63, 0xff, 0xb1, 0x63, 0xff, 0xb1, 0x63, 0xff,
    0xb1, 0x63, 0xff, 0x56, 0x9d, 0xff, 0xff, 0xff, 0xff, 0xff, 0xff, 0xff, 0xd4, 0x8c, 0xff, 0xd4, 0x8c, 0xff, 0xd4, 0x8c, 0xff, 0xd4, 0x8c, 0xff,
    0x33, 0x74, 0xff, 0xb1, 0x63, 0xff, 0x33, 0x74, 0xff, 0xd4, 0x8c, 0xff, 0xd4, 0x8c, 0xff, 0xd4, 0x8c, 0xff, 0xd4, 0x8c, 0xff, 0x7e, 0xef, 0xff,
    0xff, 0xff, 0xff, 0xff, 0xff, 0xff, 0xff, 0xff, 0xff, 0xff, 0xff, 0xff, 0xb1, 0x63, 0xff, 0x5a, 0xc6, 0xff, 0xff, 0xff, 0xff, 0xff, 0xff, 0xff,
    0xb4, 0x8c, 0xff, 0xf2, 0x6b, 0xff, 0xbf, 0xf7, 0xff, 0xff, 0xff, 0xff, 0xb1, 0x63, 0xff, 0xb1, 0x63, 0xff, 0xb1, 0x63, 0xff, 0xb1, 0x63, 0xff,
    0xb1, 0x63, 0xff, 0xb1, 0x63, 0xff, 0x33, 0x74, 0xff, 0xff, 0xff, 0xff, 0xff, 0xff, 0xff, 0x97, 0xad, 0xff, 0x9b, 0xce, 0xff, 0x56, 0x9d, 0xff,
    0xf2, 0x6b, 0xff, 0x7a, 0xc6, 0xff, 0xfc, 0xde, 0xff, 0x33, 0x74, 0xff, 0xb1, 0x63, 0xff, 0xb1, 0x63, 0xff, 0xb1, 0x63, 0xff, 0xb1, 0x63, 0xff,
    0xb1, 0x63, 0xff, 0x5a, 0xc6, 0xff, 0xff, 0xff, 0xff, 0x3d, 0xe7, 0xff, 0xf2, 0x6b, 0xff, 0xd4, 0x8c, 0xff, 0xbf, 0xf7, 0xff, 0x7e, 0xef, 0xff,
    0x3d, 0xe7, 0xff, 0xb1, 0x63, 0xff, 0x56, 0x9d, 0xff, 0x7e, 0xef, 0xff, 0x7e, 0xef, 0xff, 0x7e, 0xef, 0xff, 0xbf, 0xf7, 0xff, 0xff, 0xff, 0xff,
    0xff, 0xff, 0xff, 0xb4, 0x8c, 0xff, 0xb4, 0x8c, 0xff, 0x33, 0x74, 0xff, 0x33, 0x74, 0xff, 0xb4, 0x8c, 0xff, 0xb4, 0x8c, 0xff, 0xb4, 0x8c, 0xff,
    0x73, 0x84, 0xff, 0xf2, 0x6b, 0xff, 0xb4, 0x8c, 0xff, 0xb4, 0x8c, 0xff, 0xbf, 0xf7, 0xff, 0xff, 0xff, 0xff, 0xff, 0xff, 0xff, 0xff, 0xff, 0xff,
    0xfc, 0xde, 0xff, 0xb1, 0x63, 0xff, 0x7e, 0xef, 0xff, 0x3d, 0xe7, 0xff, 0xd8, 0xb5, 0xff, 0x15, 0x95, 0xff, 0xf2, 0x6b, 0xff, 0xd8, 0xb5, 0xff,
    0x7e, 0xef, 0xff, 0xb1, 0x63, 0xff, 0xd4, 0x8c, 0xff, 0xfc, 0xde, 0xff, 0xfc, 0xde, 0xff, 0xfc, 0xde, 0xff, 0x74, 0x84, 0xff, 0x33, 0x74, 0xff,
    0xff, 0xff, 0xff, 0xff, 0xff, 0xff, 0x33, 0x74, 0xff, 0xd8, 0xb5, 0xff, 0x56, 0x9d, 0xff, 0xb1, 0x63, 0xff, 0xb1, 0x63, 0xff, 0x56, 0x9d, 0xff,
    0xbb, 0xce, 0xff, 0x7a, 0xc6, 0xff, 0x15, 0x95, 0xff, 0xb1, 0x63, 0xff, 0x7a, 0xc6, 0xff, 0x7a, 0xc6, 0xff, 0x7e, 0xef, 0xff, 0xff, 0xff, 0xff,
    0xff, 0xff, 0xff, 0xbb, 0xce, 0xff, 0x7e, 0xef, 0xff, 0x7e, 0xef, 0xff, 0x33, 0x74, 0xff, 0x33, 0x74, 0xff, 0xb1, 0x63, 0xff, 0xf2, 0x6b, 0xff,
    0x33, 0x74, 0xff, 0x33, 0x74, 0xff, 0x56, 0x9d, 0xff, 0xff, 0xff, 0xff, 0xff, 0xff, 0xff, 0xff, 0xff, 0xff, 0xff, 0xff, 0xff, 0xbe, 0xf7, 0xff,
    0xf2, 0x6b, 0xff, 0xd4, 0x8c, 0xff, 0xff, 0xff, 0xff, 0xff, 0xff, 0xff, 0xff, 0xff, 0xff, 0x56, 0x9d, 0xff, 0xb1, 0x63, 0xff, 0x5a, 0xc6, 0xff,
    0xff, 0xff, 0xff, 0xff, 0xff, 0xff, 0xff, 0xff, 0xff, 0xff, 0xff, 0xff, 0xff, 0xff, 0xff, 0xd8, 0xb5, 0xff, 0x33, 0x74, 0xff, 0xff, 0xff, 0xff,
    0x7a, 0xc6, 0xff, 0xb1, 0x63, 0xff, 0xb1, 0x63, 0xff, 0xb1, 0x63, 0xff, 0xb1, 0x63, 0xff, 0x5a, 0xc6, 0xff, 0xb1, 0x63, 0xff, 0x56, 0x9d, 0xff,
    0x7a, 0xc6, 0xff, 0xb1, 0x63, 0xff, 0xfc, 0xde, 0xff, 0xb4, 0x8c, 0xff, 0x33, 0x74, 0xff, 0xff, 0xff, 0xff, 0xff, 0xff, 0xff, 0x33, 0x74, 0xff,
    0xd8, 0xb5, 0xff, 0x56, 0x9d, 0xff, 0x33, 0x74, 0xff, 0xff, 0xff, 0xff, 0xff, 0xff, 0xff, 0xfc, 0xde, 0xff, 0x7a, 0xc6, 0xff, 0x33, 0x74, 0xff,
    0x74, 0x84, 0xff, 0x7a, 0xc6, 0xff, 0x7a, 0xc6, 0xff, 0xff, 0xff, 0xff, 0xd8, 0xb5, 0xff, 0xd8, 0xb5, 0xff, 0xd8, 0xb5, 0xff, 0x7e, 0xef, 0xff,
    0xbe, 0xf7, 0xff, 0x56, 0x9d, 0xff, 0x74, 0x84, 0xff, 0xb1, 0x63, 0xff, 0x15, 0x95, 0xff, 0x56, 0x9d, 0xff, 0xf2, 0x6b, 0xff, 0x15, 0x95, 0xff,
    0xff, 0xff, 0xff, 0xff, 0xff, 0xff, 0x5a, 0xc6, 0xff, 0xd8, 0xb5, 0xff, 0xd8, 0xb5, 0xff, 0xf2, 0x6b, 0xff, 0xb1, 0x63, 0xff, 0x97, 0xa5, 0xff,
    0xd8, 0xb5, 0xff, 0xd8, 0xb5, 0xff, 0x33, 0x74, 0xff, 0xb1, 0x63, 0xff, 0xd8, 0xb5, 0xff, 0xd8, 0xb5, 0xff, 0x19, 0xbe, 0xff, 0xff, 0xff, 0xff,
    0xff, 0xff, 0xff, 0xff, 0xff, 0xff, 0xb4, 0x8c, 0xff, 0x56, 0x9d, 0xff, 0xff, 0xff, 0xff, 0xff, 0xff, 0xff, 0xff, 0xff, 0xff, 0xff, 0xff, 0xff,
    0x56, 0x9d, 0xff, 0xb1, 0x63, 0xff, 0x7e, 0xef, 0xff, 0xb1, 0x63, 0xff, 0x56, 0x9d, 0xff, 0x7a, 0xc6, 0xff, 0xb1, 0x63, 0xff, 0xfc, 0xde, 0xff,
    0xb4, 0x8c, 0xff, 0x33, 0x74, 0xff, 0xff, 0xff, 0xff, 0x19, 0xbe, 0xff, 0xb1, 0x63, 0xff, 0x33, 0x74, 0xff, 0xf2, 0x6b, 0xff, 0xf2, 0x6b, 0xff,
    0xd4, 0x8c, 0xff, 0xd4, 0x8c, 0xff, 0x56, 0x9d, 0xff, 0xf2, 0x6b, 0xff, 0x33, 0x74, 0xff, 0x33, 0x74, 0xff, 0xf2, 0x6b, 0xff, 0xb1, 0x63, 0xff,
    0xff, 0xff, 0xff, 0xb1, 0x63, 0xff, 0xb1, 0x63, 0xff, 0xb1, 0x63, 0xff, 0xfc, 0xde, 0xff, 0x7e, 0xef, 0xff, 0x7e, 0xef, 0xff, 0xb4, 0x8c, 0xff,
    0xf2, 0x6b, 0xff, 0x7e, 0xef, 0xff, 0x7e, 0xef, 0xff, 0xb1, 0x63, 0xff, 0x15, 0x95, 0xff, 0x7e, 0xef, 0xff, 0xff, 0xff, 0xff, 0xb4, 0x8c, 0xff,
    0xb1, 0x63, 0xff, 0xb1, 0x63, 0xff, 0xb1, 0x63, 0xff, 0xb1, 0x63, 0xff, 0xb1, 0x63, 0xff, 0xb1, 0x63, 0xff, 0xb1, 0x63, 0xff, 0xb1, 0x63, 0xff,
    0xb1, 0x63, 0xff, 0xb1, 0x63, 0xff, 0xb1, 0x63, 0xff, 0x33, 0x74, 0xff, 0xff, 0xff, 0xff, 0xff, 0xff, 0xff, 0xff, 0xff, 0xff, 0xb1, 0x63, 0xff,
    0x5a, 0xc6, 0xff, 0xff, 0xff, 0xff, 0xff, 0xff, 0xff, 0xff, 0xff, 0xff, 0xfc, 0xde, 0xff, 0xb1, 0x63, 0xff, 0xd8, 0xb5, 0xff, 0xff, 0xff, 0xff,
    0xb1, 0x63, 0xff, 0x56, 0x9d, 0xff, 0x7a, 0xc6, 0xff, 0xb1, 0x63, 0xff, 0xfc, 0xde, 0xff, 0xb4, 0x8c, 0xff, 0x33, 0x74, 0xff, 0xff, 0xff, 0xff,
    0xd8, 0xb5, 0xff, 0xb4, 0x8c, 0xff, 0xb4, 0x8c, 0xff, 0xb1, 0x63, 0xff, 0xf2, 0x6b, 0xff, 0xb4, 0x8c, 0xff, 0xb4, 0x8c, 0xff, 0x56, 0x9d, 0xff,
    0xd4, 0x8c, 0xff, 0x9b, 0xce, 0xff, 0x97, 0xad, 0xff, 0x7a, 0xc6, 0xff, 0xb1, 0x63, 0xff, 0xff, 0xff, 0xff, 0xff, 0xff, 0xff, 0x7a, 0xc6, 0xff,
    0xb1, 0x63, 0xff, 0x7a, 0xc6, 0xff, 0xb1, 0x63, 0xff, 0xb1, 0x63, 0xff, 0xb1, 0x63, 0xff, 0xb1, 0x63, 0xff, 0xb1, 0x63, 0xff, 0xb1, 0x63, 0xff,
    0xb1, 0x63, 0xff, 0xb1, 0x63, 0xff, 0xb1, 0x63, 0xff, 0x7e, 0xef, 0xff, 0xff, 0xff, 0xff, 0xff, 0xff, 0xff, 0x7e, 0xef, 0xff, 0x7e, 0xef, 0xff,
    0x7e, 0xef, 0xff, 0x7e, 0xef, 0xff, 0x7e, 0xef, 0xff, 0x7e, 0xef, 0xff, 0x7e, 0xef, 0xff, 0x7e, 0xef, 0xff, 0x7e, 0xef, 0xff, 0xff, 0xff, 0xff,
    0xff, 0xff, 0xff, 0xff, 0xff, 0xff, 0xff, 0xff, 0xff, 0xfc, 0xde, 0xff, 0xb1, 0x63, 0xff, 0x7e, 0xef, 0xff, 0xff, 0xff, 0xff, 0xff, 0xff, 0xff,
    0x7e, 0xef, 0xff, 0x33, 0x74, 0xff, 0xb1, 0x63, 0xff, 0xd8, 0xb5, 0xff, 0xff, 0xff, 0xff, 0xb1, 0x63, 0xff, 0x56, 0x9d, 0xff, 0xd8, 0xb5, 0xff,
    0xb1, 0x63, 0xff, 0x3d, 0xe7, 0xff, 0xb4, 0x8c, 0xff, 0x33, 0x74, 0xff, 0xff, 0xff, 0xff, 0xff, 0xff, 0xff, 0x5a, 0xc6, 0xff, 0xfc, 0xde, 0xff,
    0xb1, 0x63, 0xff, 0x56, 0x9d, 0xff, 0x3d, 0xe7, 0xff, 0x3d, 0xe7, 0xff, 0x56, 0x9d, 0xff, 0xd4, 0x8c, 0xff, 0xd8, 0xb5, 0xff, 0x33, 0x74, 0xff,
    0x7a, 0xc6, 0xff, 0xb1, 0x63, 0xff, 0xff, 0xff, 0xff, 0xff, 0xff, 0xff, 0x7a, 0xc6, 0xff, 0xb1, 0x63, 0xff, 0xbb, 0xce, 0xff, 0x7a, 0xc6, 0xff,
    0x7a, 0xc6, 0xff, 0x7a, 0xc6, 0xff, 0x7a, 0xc6, 0xff, 0x7a, 0xc6, 0xff, 0x7a, 0xc6, 0xff, 0x7a, 0xc6, 0xff, 0x7a, 0xc6, 0xff, 0x7a, 0xc6, 0xff,
    0xbf, 0xf7, 0xff, 0xff, 0xff, 0xff, 0xff, 0xff, 0xff, 0xb1, 0x63, 0xff, 0xb1, 0x63, 0xff, 0xb1, 0x63, 0xff, 0xb1, 0x63, 0xff, 0xb1, 0x63, 0xff,
    0xb1, 0x63, 0xff, 0xb1, 0x63, 0xff, 0xb1, 0x63, 0xff, 0xb1, 0x63, 0xff, 0xfc, 0xde, 0xff, 0xff, 0xff, 0xff, 0xff, 0xff, 0xff, 0xff, 0xff, 0xff,
    0xd8, 0xb5, 0xff, 0x33, 0x74, 0xff, 0xff, 0xff, 0xff, 0xff, 0xff, 0xff, 0x3d, 0xe7, 0xff, 0x33, 0x74, 0xff, 0xb1, 0x63, 0xff, 0xf2, 0x6b, 0xff,
    0xb1, 0x63, 0xff, 0x5a, 0xc6, 0xff, 0xb1, 0x63, 0xff, 0x56, 0x9d, 0xff, 0x56, 0x9d, 0xff, 0xb1, 0x63, 0xff, 0xff, 0xff, 0xff, 0xb4, 0x8c, 0xff,
    0x33, 0x74, 0xff, 0xff, 0xff, 0xff, 0xff, 0xff, 0xff, 0x33, 0x74, 0xff, 0x56, 0x9d, 0xff, 0xb1, 0x63, 0xff, 0x56, 0x9d, 0xff, 0x56, 0x9d, 0xff,
    0x33, 0x74, 0xff, 0x56, 0x9d, 0xff, 0xd4, 0x8c, 0xff, 0xd8, 0xb5, 0xff, 0x33, 0x74, 0xff, 0x7a, 0xc6, 0xff, 0xb1, 0x63, 0xff, 0xff, 0xff, 0xff,
    0xff, 0xff, 0xff, 0x7a, 0xc6, 0xff, 0xb1, 0x63, 0xff, 0xfc, 0xde, 0xff, 0xff, 0xff, 0xff, 0x33, 0x74, 0xff, 0x33, 0x74, 0xff, 0x33, 0x74, 0xff,
    0x33, 0x74, 0xff, 0x33, 0x74, 0xff, 0x33, 0x74, 0xff, 0x33, 0x74, 0xff, 0x7e, 0xef, 0xff, 0xff, 0xff, 0xff, 0xff, 0xff, 0xff, 0xff, 0xff, 0xff,
    0xb1, 0x63, 0xff, 0xd4, 0x8c, 0xff, 0xfc, 0xde, 0xff, 0xfc, 0xde, 0xff, 0xfc, 0xde, 0xff, 0xfc, 0xde, 0xff, 0xfc, 0xde, 0xff, 0x56, 0x9d, 0xff,
    0xb1, 0x63, 0xff, 0xfc, 0xde, 0xff, 0xff, 0xff, 0xff, 0xff, 0xff, 0xff, 0xff, 0xff, 0xff, 0xb4, 0x8c, 0xff, 0x56, 0x9d, 0xff, 0xff, 0xff, 0xff,
    0xff, 0xff, 0xff, 0xd8, 0xb5, 0xff, 0xb1, 0x63, 0xff, 0xf2, 0x6b, 0xff, 0xd4, 0x8c, 0xff, 0xb4, 0x8c, 0xff, 0x19, 0xbe, 0xff, 0xfc, 0xde, 0xff,
    0x7e, 0xef, 0xff, 0x33, 0x74, 0xff, 0xf2, 0x6b, 0xff, 0x97, 0xa5, 0xff, 0x3d, 0xe7, 0xff, 0x3d, 0xe7, 0xff, 0xff, 0xff, 0xff, 0x5a, 0xc6, 0xff,
    0xb1, 0x63, 0xff, 0x7e, 0xef, 0xff, 0xb1, 0x63, 0xff, 0xb4, 0x8c, 0xff, 0xf2, 0x6b, 0xff, 0x56, 0x9d, 0xff, 0x56, 0x9d, 0xff, 0xd4, 0x8c, 0xff,
    0x97, 0xad, 0xff, 0xd4, 0x8c, 0xff, 0x7a, 0xc6, 0xff, 0xb1, 0x63, 0xff, 0xff, 0xff, 0xff, 0xff, 0xff, 0xff, 0x7a, 0xc6, 0xff, 0xb1, 0x63, 0xff,
    0xbb, 0xce, 0xff, 0xfc, 0xde, 0xff, 0xb1, 0x63, 0xff, 0x74, 0x84, 0xff, 0x56, 0x9d, 0xff, 0x56, 0x9d, 0xff, 0x56, 0x9d, 0xff, 0x74, 0x84, 0xff,
    0xb1, 0x63, 0xff, 0x7e, 0xef, 0xff, 0xff, 0xff, 0xff, 0xff, 0xff, 0xff, 0xff, 0xff, 0xff, 0xb1, 0x63, 0xff, 0xf2, 0x6b, 0xff, 0x33, 0x74, 0xff,
    0x33, 0x74, 0xff, 0x33, 0x74, 0xff, 0x33, 0x74, 0xff, 0x33, 0x74, 0xff, 0xf2, 0x6b, 0xff, 0xb1, 0x63, 0xff, 0xfc, 0xde, 0xff, 0xff, 0xff, 0xff,
    0xff, 0xff, 0xff, 0xff, 0xff, 0xff, 0xb1, 0x63, 0xff, 0xbb, 0xce, 0xff, 0xff, 0xff, 0xff, 0xff, 0xff, 0xff, 0xbe, 0xf7, 0xff, 0x9b, 0xce, 0xff,
    0xb4, 0x8c, 0xff, 0xd4, 0x8c, 0xff, 0xbf, 0xf7, 0xff, 0xff, 0xff, 0xff, 0xff, 0xff, 0xff, 0x19, 0xbe, 0xff, 0xb1, 0x63, 0xff, 0xb1, 0x63, 0xff,
    0xd4, 0x8c, 0xff, 0xff, 0xff, 0xff, 0xbf, 0xf7, 0xff, 0xff, 0xff, 0xff, 0xbb, 0xce, 0xff, 0xd8, 0xb5, 0xff, 0xff, 0xff, 0xff, 0xb1, 0x63, 0xff,
    0xf2, 0x6b, 0xff, 0xb1, 0x63, 0xff, 0x7e, 0xef, 0xff, 0x56, 0x9d, 0xff, 0xd4, 0x8c, 0xff, 0xb4, 0x8c, 0xff, 0x15, 0x95, 0xff, 0x7a, 0xc6, 0xff,
    0xb1, 0x63, 0xff, 0xff, 0xff, 0xff, 0xff, 0xff, 0xff, 0x7a, 0xc6, 0xff, 0xb1, 0x63, 0xff, 0xb1, 0x63, 0xff, 0x33, 0x74, 0xff, 0xb1, 0x63, 0xff,
    0xd8, 0xb5, 0xff, 0xff, 0xff, 0xff, 0xff, 0xff, 0xff, 0xff, 0xff, 0xff, 0xd8, 0xb5, 0xff, 0xb1, 0x63, 0xff, 0x7e, 0xef, 0xff, 0xff, 0xff, 0xff,
    0xff, 0xff, 0xff, 0xff, 0xff, 0xff, 0xb1, 0x63, 0xff, 0x74, 0x84, 0xff, 0xd8, 0xb5, 0xff, 0xd8, 0xb5, 0xff, 0xd8, 0xb5, 0xff, 0xd8, 0xb5, 0xff,
    0xd8, 0xb5, 0xff, 0xb4, 0x8c, 0xff, 0xb1, 0x63, 0xff, 0xfc, 0xde, 0xff, 0xff, 0xff, 0xff, 0xff, 0xff, 0xff, 0xfc, 0xde, 0xff, 0xb1, 0x63, 0xff,
    0x7e, 0xef, 0xff, 0xff, 0xff, 0xff, 0xff, 0xff, 0xff, 0xff, 0xff, 0xff, 0xff, 0xff, 0xff, 0xb4, 0x8c, 0xff, 0xd4, 0x8c, 0xff, 0xff, 0xff, 0xff,
    0xff, 0xff, 0xff, 0x3d, 0xe7, 0xff, 0xf2, 0x6b, 0xff, 0x33, 0x74, 0xff, 0xb4, 0x8c, 0xff, 0xd4, 0x8c, 0xff, 0xff, 0xff, 0xff, 0xb4, 0x8c, 0xff,
    0x19, 0xbe, 0xff, 0xff, 0xff, 0xff, 0xff, 0xff, 0xff, 0xff, 0xff, 0xff, 0xd8, 0xb5, 0xff, 0xb1, 0x63, 0xff, 0xd8, 0xb5, 0xff, 0xff, 0xff, 0xff,
    0x3d, 0xe7, 0xff, 0xbb, 0xce, 0xff, 0xb1, 0x63, 0xff, 0x33, 0x74, 0xff, 0xd8, 0xb5, 0xff, 0x7e, 0xef, 0xff, 0xff, 0xff, 0xff, 0xff, 0xff, 0xff,
    0x74, 0x84, 0xff, 0xb1, 0x63, 0xff, 0x74, 0x84, 0xff, 0x7e, 0xef, 0xff, 0xb1, 0x63, 0xff, 0x74, 0x84, 0xff, 0x56, 0x9d, 0xff, 0x56, 0x9d, 0xff,
    0x56, 0x9d, 0xff, 0x74, 0x84, 0xff, 0xb1, 0x63, 0xff, 0x7e, 0xef, 0xff, 0xff, 0xff, 0xff, 0xff, 0xff, 0xff, 0xff, 0xff, 0xff, 0xb1, 0x63, 0xff,
    0x74, 0x84, 0xff, 0xd8, 0xb5, 0xff, 0xd8, 0xb5, 0xff, 0xd8, 0xb5, 0xff, 0xd8, 0xb5, 0xff, 0xd8, 0xb5, 0xff, 0xb4, 0x8c, 0xff, 0xb1, 0x63, 0xff,
    0xfc, 0xde, 0xff, 0xff, 0xff, 0xff, 0xff, 0xff, 0xff, 0x97, 0xad, 0xff, 0x73, 0x84, 0xff, 0xff, 0xff, 0xff, 0xff, 0xff, 0xff, 0xff, 0xff, 0xff,
    0xff, 0xff, 0xff, 0xff, 0xff, 0xff, 0xb4, 0x8c, 0xff, 0xd4, 0x8c, 0xff, 0xff, 0xff, 0xff, 0x19, 0xbe, 0xff, 0xf2, 0x6b, 0xff, 0xf2, 0x6b, 0xff,
    0x7e, 0xef, 0xff, 0xb4, 0x8c, 0xff, 0x73, 0x84, 0xff, 0x7e, 0xef, 0xff, 0x33, 0x74, 0xff, 0x19, 0xbe, 0xff, 0xbf, 0xf7, 0xff, 0xfc, 0xde, 0xff,
    0xb4, 0x8c, 0xff, 0xb1, 0x63, 0xff, 0x97, 0xa5, 0xff, 0xff, 0xff, 0xff, 0xff, 0xff, 0xff, 0xfc, 0xde, 0xff, 0x33, 0x74, 0xff, 0x33, 0x74, 0xff,
    0x97, 0xad, 0xff, 0xb1, 0x63, 0xff, 0x97, 0xa5, 0xff, 0xff, 0xff, 0xff, 0xff, 0xff, 0xff, 0xd8, 0xb5, 0xff, 0x97, 0xa5, 0xff, 0xff, 0xff, 0xff,
    0xff, 0xff, 0xff, 0xb1, 0x63, 0xff, 0xf2, 0x6b, 0xff, 0x33, 0x74, 0xff, 0x33, 0x74, 0xff, 0x33, 0x74, 0xff, 0xf2, 0x6b, 0xff, 0xb1, 0x63, 0xff,
    0x7e, 0xef, 0xff, 0xff, 0xff, 0xff, 0xff, 0xff, 0xff, 0xff, 0xff, 0xff, 0xb1, 0x63, 0xff, 0xf2, 0x6b, 0xff, 0x33, 0x74, 0xff, 0x33, 0x74, 0xff,
    0x33, 0x74, 0xff, 0x33, 0x74, 0xff, 0x33, 0x74, 0xff, 0xf2, 0x6b, 0xff, 0xb1, 0x63, 0xff, 0xfc, 0xde, 0xff, 0xff, 0xff, 0xff, 0xff, 0xff, 0xff,
    0xb4, 0x8c, 0xff, 0x56, 0x9d, 0xff, 0xff, 0xff, 0xff, 0xff, 0xff, 0xff, 0xff, 0xff, 0xff, 0xff, 0xff, 0xff, 0xff, 0xff, 0xff, 0xb4, 0x8c, 0xff,
    0xd4, 0x8c, 0xff, 0xbe, 0xf7, 0xff, 0x33, 0x74, 0xff, 0x33, 0x74, 0xff, 0x7e, 0xef, 0xff, 0xff, 0xff, 0xff, 0xd8, 0xb5, 0xff, 0xb1, 0x63, 0xff,
    0xb1, 0x63, 0xff, 0xf2, 0x6b, 0xff, 0x7e, 0xef, 0xff, 0xbb, 0xce, 0xff, 0xb1, 0x63, 0xff, 0xb4, 0x8c, 0xff, 0xfc, 0xde, 0xff, 0xff, 0xff, 0xff,
    0xff, 0xff, 0xff, 0xd8, 0xb5, 0xff, 0xb1, 0x63, 0xff, 0xb4, 0x8c, 0xff, 0x7e, 0xef, 0xff, 0xff, 0xff, 0xff, 0xbb, 0xce, 0xff, 0xf2, 0x6b, 0xff,
    0x19, 0xbe, 0xff, 0xff, 0xff, 0xff, 0xff, 0xff, 0xff, 0xff, 0xff, 0xff, 0xff, 0xff, 0xff, 0xff, 0xff, 0xff, 0xfc, 0xde, 0xff, 0x7e, 0xef, 0xff,
    0xff, 0xff, 0xff, 0xff, 0xff, 0xff, 0xff, 0xff, 0xff, 0x7e, 0xef, 0xff, 0xfc, 0xde, 0xff, 0xff, 0xff, 0xff, 0xff, 0xff, 0xff, 0xff, 0xff, 0xff,
    0xff, 0xff, 0xff, 0x7a, 0xc6, 0xff, 0xfc, 0xde, 0xff, 0xff, 0xff, 0xff, 0xff, 0xff, 0xff, 0xff, 0xff, 0xff, 0xff, 0xff, 0xff, 0xff, 0xff, 0xff,
    0x3d, 0xe7, 0xff, 0x7a, 0xc6, 0xff, 0x7e, 0xef, 0xff, 0xff, 0xff, 0xff, 0xbe, 0xf7, 0xff, 0xb1, 0x63, 0xff, 0xbb, 0xce, 0xff, 0xff, 0xff, 0xff,
    0xff, 0xff, 0xff, 0xff, 0xff, 0xff, 0xff, 0xff, 0xff, 0xff, 0xff, 0xff, 0x3d, 0xe7, 0xff, 0x3d, 0xe7, 0xff, 0xff, 0xff, 0xff, 0x7e, 0xef, 0xff,
    0xbf, 0xf7, 0xff, 0xff, 0xff, 0xff, 0xff, 0xff, 0xff, 0xff, 0xff, 0xff, 0x7e, 0xef, 0xff, 0x7e, 0xef, 0xff, 0xbf, 0xf7, 0xff, 0xff, 0xff, 0xff,
    0xff, 0xff, 0xff, 0x3d, 0xe7, 0xff, 0xff, 0xff, 0xff, 0xff, 0xff, 0xff, 0xff, 0xff, 0xff, 0xff, 0xff, 0xff, 0xbe, 0xf7, 0xff, 0xfc, 0xde, 0xff,
    0xff, 0xff, 0xff, 0xff, 0xff, 0xff, 0xff, 0xff, 0xff, 0xff, 0xff, 0xff, 0xbf, 0xf7, 0xff, 0xff, 0xff, 0xff, 0xff, 0xff, 0xff, 0xff, 0xff, 0xff,
    0xff, 0xff, 0xff, 0xff, 0xff, 0xff, 0xff, 0xff, 0xff, 0xff, 0xff, 0xff, 0xff, 0xff, 0xff, 0xff, 0xff, 0xff, 0xff, 0xff, 0xff, 0xff, 0xff, 0xff,
    0xff, 0xff, 0xff, 0xff, 0xff, 0xff, 0xff, 0xff, 0xff, 0xff, 0xff, 0xff, 0xff, 0xff, 0xff, 0xff, 0xff, 0xff, 0xff, 0xff, 0xff, 0xff, 0xff, 0xff,
    0xff, 0xff, 0xff, 0xff, 0xff, 0xff, 0xff, 0xff, 0xff, 0xff, 0xff, 0xff, 0xff, 0xff, 0xff, 0xff, 0xff, 0xff, 0xff, 0xff, 0xff, 0xff, 0xff, 0xff,
    0xff, 0xff, 0xff, 0x7e, 0xef, 0xff, 0x56, 0x9d, 0xff, 0x7e, 0xef, 0xff, 0xff, 0xff, 0xff, 0xff, 0xff, 0xff, 0xff, 0xff, 0xff, 0xff, 0xff, 0xff,
    0xff, 0xff, 0xff, 0xff, 0xff, 0xff, 0xff, 0xff, 0xff, 0xff, 0xff, 0xff, 0xff, 0xff, 0xff, 0xff, 0xff, 0xff, 0xff, 0xff, 0xff, 0xff, 0xff, 0xff,
    0xff, 0xff, 0xff, 0xff, 0xff, 0xff, 0xff, 0xff, 0xff, 0xff, 0xff, 0xff, 0xff, 0xff, 0xff, 0xff, 0xff, 0xff, 0xff, 0xff, 0xff, 0xff, 0xff, 0xff,
    0xff, 0xff, 0xff, 0xff, 0xff, 0xff, 0xff, 0xff, 0xff, 0xff, 0xff, 0xff, 0xff, 0xff, 0xff, 0xff, 0xff, 0xff, 0xff, 0xff, 0xff, 0xff, 0xff, 0xff,
    0xff, 0xff, 0xff, 0xff, 0xff, 0xff, 0xff, 0xff, 0xff,
};

const lv_img_dsc_t home_text_wechat_desc_img = {
    .header.cf = LV_IMG_CF_TRUE_COLOR_ALPHA,
    .header.always_zero = 0,
    .header.reserved = 0,
    .header.w = 61,
    .header.h = 15,
    .data_size = 61 * 15 * LV_IMG_PX_SIZE_ALPHA_BYTE,
    .data = home_text_wechat_desc_img_map,
};

static const LV_ATTRIBUTE_MEM_ALIGN LV_ATTRIBUTE_LARGE_CONST uint8_t home_text_ai_img_map[] = {
    0xff, 0xff, 0xff, 0xff, 0xff, 0xff, 0xff, 0xff, 0xff, 0xff, 0xff, 0xff, 0xff, 0xff, 0xff, 0xff, 0xff, 0xff, 0xff, 0xff, 0xff, 0xff, 0xff, 0xff,
    0xff, 0xff, 0xff, 0xff, 0xff, 0xff, 0xff, 0xff, 0xff, 0xff, 0xff, 0xff, 0xff, 0xff, 0xff, 0xff, 0xff, 0xff, 0xff, 0xff, 0xff, 0xff, 0xff, 0xff,
    0xff, 0xff, 0xff, 0xff, 0xff, 0xff, 0xff, 0xff, 0xff, 0xff, 0xff, 0xff, 0xff, 0xff, 0xff, 0xff, 0xff, 0xff, 0xff, 0xff, 0xff, 0xff, 0xff, 0xff,
    0xff, 0xff, 0xff, 0xff, 0xff, 0xff, 0xff, 0xff, 0xff, 0xff, 0xff, 0xff, 0xff, 0xff, 0xff, 0xff, 0xff, 0xff, 0xff, 0xff, 0xff, 0xff, 0xff, 0xff,
    0xff, 0xff, 0xff, 0xff, 0xff, 0xff, 0xb0, 0x6b, 0xff, 0x27, 0x11, 0xff, 0xcd, 0x4a, 0xff, 0xff, 0xff, 0xff, 0xff, 0xff, 0xff, 0xff, 0xff, 0xff,
    0xff, 0xff, 0xff, 0x9e, 0xf7, 0xff, 0x12, 0x7c, 0xff, 0x3c, 0xe7, 0xff, 0xff, 0xff, 0xff, 0xff, 0xff, 0xff, 0xff, 0xff, 0xff, 0xff, 0xff, 0xff,
    0xff, 0xff, 0xff, 0xea, 0x29, 0xff, 0x27, 0x11, 0xff, 0x93, 0x84, 0xff, 0xff, 0xff, 0xff, 0xff, 0xff, 0xff, 0x27, 0x11, 0xff, 0x27, 0x11, 0xff,
    0x93, 0x84, 0xff, 0xff, 0xff, 0xff, 0xff, 0xff, 0xff, 0xff, 0xff, 0xff, 0xff, 0xff, 0xff, 0xff, 0xff, 0xff, 0xff, 0xff, 0xff, 0xff, 0xff, 0xff,
    0xff, 0xff, 0xff, 0xff, 0xff, 0xff, 0xff, 0xff, 0xff, 0xff, 0xff, 0xff, 0xff, 0xff, 0xff, 0xff, 0xff, 0xff, 0xff, 0xff, 0xff, 0xff, 0xff, 0xff,
    0xff, 0xff, 0xff, 0xff, 0xff, 0xff, 0xff, 0xff, 0xff, 0xff, 0xff, 0xff, 0xff, 0xff, 0xff, 0xff, 0xff, 0xff, 0xff, 0xff, 0xff, 0xff, 0xff, 0xff,
    0xff, 0xff, 0xff, 0xff, 0xff, 0xff, 0xff, 0xff, 0xff, 0xff, 0xff, 0xff, 0xff, 0xff, 0xff, 0xff, 0xff, 0xff, 0xff, 0xff, 0xff, 0xff, 0xff, 0xff,
    0xff, 0xff, 0xff, 0xff, 0xff, 0xff, 0xff, 0xff, 0xff, 0xff, 0xff, 0xff, 0xff, 0xff, 0xff, 0xb0, 0x6b, 0xff, 0x27, 0x11, 0xff, 0xcd, 0x4a, 0xff,
    0xff, 0xff, 0xff, 0xff, 0xff, 0xff, 0xff, 0xff, 0xff, 0xff, 0xff, 0xff, 0x4f, 0x5b, 0xff, 0x27, 0x11, 0xff, 0xea, 0x29, 0xff, 0x3c, 0xe7, 0xff,
    0xff, 0xff, 0xff, 0xff, 0xff, 0xff, 0xff, 0xff, 0xff, 0xff, 0xff, 0xff, 0xea, 0x29, 0xff, 0x27, 0x11, 0xff, 0x93, 0x84, 0xff, 0xff, 0xff, 0xff,
    0xff, 0xff, 0xff, 0x27, 0x11, 0xff, 0x27, 0x11, 0xff, 0x93, 0x84, 0xff, 0xff, 0xff, 0xff, 0xff, 0xff, 0xff, 0xff, 0xff, 0xff, 0xff, 0xff, 0xff,
    0xff, 0xff, 0xff, 0xff, 0xff, 0xff, 0xd8, 0xb5, 0xff, 0xcd, 0x4a, 0xff, 0xcd, 0x4a, 0xff, 0xcd, 0x4a, 0xff, 0xd8, 0xb5, 0xff, 0xff, 0xff, 0xff,
    0xff, 0xff, 0xff, 0xff, 0xff, 0xff, 0xff, 0xff, 0xff, 0xff, 0xff, 0xff, 0xbb, 0xd6, 0xff, 0xcd, 0x4a, 0xff, 0xcd, 0x4a, 0xff, 0x93, 0x84, 0xff,
    0xff, 0xff, 0xff, 0xff, 0xff, 0xff, 0xbb, 0xd6, 0xff, 0xb0, 0x6b, 0xff, 0xb0, 0x6b, 0xff, 0xb0, 0x6b, 0xff, 0xb0, 0x6b, 0xff, 0xb0, 0x6b, 0xff,
    0xb0, 0x6b, 0xff, 0x12, 0x7c, 0xff, 0x76, 0xa5, 0xff, 0xff, 0xff, 0xff, 0xff, 0xff, 0xff, 0xff, 0xff, 0xff, 0xff, 0xff, 0xff, 0xff, 0xff, 0xff,
    0xb0, 0x6b, 0xff, 0x27, 0x11, 0xff, 0xcd, 0x4a, 0xff, 0xff, 0xff, 0xff, 0xff, 0xff, 0xff, 0xff, 0xff, 0xff, 0xff, 0xff, 0xff, 0x1c, 0xe7, 0xff,
    0xea, 0x29, 0xff, 0x27, 0x11, 0xff, 0xea, 0x29, 0xff, 0x3c, 0xe7, 0xff, 0xff, 0xff, 0xff, 0xff, 0xff, 0xff, 0xff, 0xff, 0xff, 0xea, 0x29, 0xff,
    0x27, 0x11, 0xff, 0x93, 0x84, 0xff, 0xff, 0xff, 0xff, 0xff, 0xff, 0xff, 0x27, 0x11, 0xff, 0x27, 0x11, 0xff, 0x93, 0x84, 0xff, 0xff, 0xff, 0xff,
    0xff, 0xff, 0xff, 0xff, 0xff, 0xff, 0xff, 0xff, 0xff, 0xff, 0xff, 0xff, 0xff, 0xff, 0xff, 0x4f, 0x5b, 0xff, 0x27, 0x11, 0xff, 0x27, 0x11, 0xff,
    0x27, 0x11, 0xff, 0xb0, 0x6b, 0xff, 0xff, 0xff, 0xff, 0xff, 0xff, 0xff, 0xff, 0xff, 0xff, 0xff, 0xff, 0xff, 0xff, 0xff, 0xff, 0x39, 0xc6, 0xff,
    0x27, 0x11, 0xff, 0x27, 0x11, 0xff, 0xb0, 0x6b, 0xff, 0xff, 0xff, 0xff, 0xff, 0xff, 0xff, 0x39, 0xc6, 0xff, 0x27, 0x11, 0xff, 0x27, 0x11, 0xff,
    0x27, 0x11, 0xff, 0x27, 0x11, 0xff, 0x27, 0x11, 0xff, 0x27, 0x11, 0xff, 0x27, 0x11, 0xff, 0xea, 0x29, 0xff, 0xff, 0xff, 0xff, 0xff, 0xff, 0xff,
    0xff, 0xff, 0xff, 0xff, 0xff, 0xff, 0xff, 0xff, 0xff, 0xb0, 0x6b, 0xff, 0x27, 0x11, 0xff, 0xcd, 0x4a, 0xff, 0xff, 0xff, 0xff, 0xff, 0xff, 0xff,
    0xff, 0xff, 0xff, 0xff, 0xff, 0xff, 0xff, 0xff, 0xff, 0x1c, 0xe7, 0xff, 0x89, 0x19, 0xff, 0x27, 0x11, 0xff, 0x93, 0x84, 0xff, 0x9e, 0xf7, 0xff,
    0x59, 0xc6, 0xff, 0x59, 0xc6, 0xff, 0x89, 0x19, 0xff, 0x27, 0x11, 0xff, 0xb0, 0x6b, 0xff, 0x59, 0xc6, 0xff, 0x59, 0xc6, 0xff, 0x27, 0x11, 0xff,
    0x27, 0x11, 0xff, 0xb0, 0x6b, 0xff, 0x59, 0xc6, 0xff, 0x3c, 0xe7, 0xff, 0xff, 0xff, 0xff, 0xff, 0xff, 0xff, 0xff, 0xff, 0xff, 0xff, 0xff, 0xff,
    0x89, 0x19, 0xff, 0x27, 0x11, 0xff, 0xea, 0x29, 0xff, 0x27, 0x11, 0xff, 0x89, 0x19, 0xff, 0x9e, 0xf7, 0xff, 0xff, 0xff, 0xff, 0xff, 0xff, 0xff,
    0xff, 0xff, 0xff, 0xff, 0xff, 0xff, 0x39, 0xc6, 0xff, 0x27, 0x11, 0xff, 0x27, 0x11, 0xff, 0xb0, 0x6b, 0xff, 0xff, 0xff, 0xff, 0xff, 0xff, 0xff,
    0xbb, 0xd6, 0xff, 0xcd, 0x4a, 0xff, 0xcd, 0x4a, 0xff, 0xcd, 0x4a, 0xff, 0xcd, 0x4a, 0xff, 0xcd, 0x4a, 0xff, 0x89, 0x19, 0xff, 0x27, 0x11, 0xff,
    0xcd, 0x4a, 0xff, 0x76, 0xa5, 0xff, 0x93, 0x84, 0xff, 0x93, 0x84, 0xff, 0x93, 0x84, 0xff, 0x93, 0x84, 0xff, 0x6c, 0x3a, 0xff, 0x27, 0x11, 0xff,
    0xea, 0x29, 0xff, 0x93, 0x84, 0xff, 0xf5, 0x94, 0xff, 0xff, 0xff, 0xff, 0xff, 0xff, 0xff, 0xff, 0xff, 0xff, 0xff, 0xff, 0xff, 0xd8, 0xb5, 0xff,
    0x12, 0x7c, 0xff, 0xff, 0xff, 0xff, 0x76, 0xa5, 0xff, 0x27, 0x11, 0xff, 0x27, 0x11, 0xff, 0x27, 0x11, 0xff, 0x27, 0x11, 0xff, 0x27, 0x11, 0xff,
    0x27, 0x11, 0xff, 0x27, 0x11, 0xff, 0x27, 0x11, 0xff, 0x27, 0x11, 0xff, 0x27, 0x11, 0xff, 0x27, 0x11, 0xff, 0x93, 0x84, 0xff, 0xff, 0xff, 0xff,
    0xff, 0xff, 0xff, 0xff, 0xff, 0xff, 0xd8, 0xb5, 0xff, 0x27, 0x11, 0xff, 0x27, 0x11, 0xff, 0x76, 0xa5, 0xff, 0x27, 0x11, 0xff, 0x27, 0x11, 0xff,
    0x59, 0xc6, 0xff, 0xff, 0xff, 0xff, 0xff, 0xff, 0xff, 0xff, 0xff, 0xff, 0xff, 0xff, 0xff, 0x39, 0xc6, 0xff, 0x27, 0x11, 0xff, 0x27, 0x11, 0xff,
    0xb0, 0x6b, 0xff, 0xff, 0xff, 0xff, 0xff, 0xff, 0xff, 0xff, 0xff, 0xff, 0xff, 0xff, 0xff, 0xff, 0xff, 0xff, 0xff, 0xff, 0xff, 0xff, 0xff, 0xff,
    0xff, 0xff, 0xff, 0x6c, 0x3a, 0xff, 0x27, 0x11, 0xff, 0x12, 0x7c, 0xff, 0xcd, 0x4a, 0xff, 0x27, 0x11, 0xff, 0x27, 0x11, 0xff, 0x27, 0x11, 0xff,
    0x27, 0x11, 0xff, 0x27, 0x11, 0xff, 0x27, 0x11, 0xff, 0x27, 0x11, 0xff, 0x27, 0x11, 0xff, 0xea, 0x29, 0xff, 0xff, 0xff, 0xff, 0xff, 0xff, 0xff,
    0xff, 0xff, 0xff, 0xff, 0xff, 0xff, 0xff, 0xff, 0xff, 0xff, 0xff, 0xff, 0xff, 0xff, 0xff, 0x76, 0xa5, 0xff, 0x27, 0x11, 0xff, 0x27, 0x11, 0xff,
    0x27, 0x11, 0xff, 0x27, 0x11, 0xff, 0x27, 0x11, 0xff, 0x27, 0x11, 0xff, 0x27, 0x11, 0xff, 0x27, 0x11, 0xff, 0x27, 0x11, 0xff, 0x27, 0x11, 0xff,
    0x27, 0x11, 0xff, 0x93, 0x84, 0xff, 0xff, 0xff, 0xff, 0xff, 0xff, 0xff, 0xff, 0xff, 0xff, 0xb0, 0x6b, 0xff, 0x27, 0x11, 0xff, 0xea, 0x29, 0xff,
    0x9e, 0xf7, 0xff, 0x89, 0x19, 0xff, 0x27, 0x11, 0xff, 0x12, 0x7c, 0xff, 0xff, 0xff, 0xff, 0xff, 0xff, 0xff, 0xff, 0xff, 0xff, 0xff, 0xff, 0xff,
    0x39, 0xc6, 0xff, 0x27, 0x11, 0xff, 0x27, 0x11, 0xff, 0xb0, 0x6b, 0xff, 0xff, 0xff, 0xff, 0xff, 0xff, 0xff, 0xff, 0xff, 0xff, 0xff, 0xff, 0xff,
    0xbb, 0xd6, 0xff, 0xff, 0xff, 0xff, 0xff, 0xff, 0xff, 0xff, 0xff, 0xff, 0x27, 0x11, 0xff, 0x27, 0x11, 0xff, 0xf5, 0x94, 0xff, 0x32, 0x7c, 0xff,
    0xcd, 0x4a, 0xff, 0xcd, 0x4a, 0xff, 0xcd, 0x4a, 0xff, 0xcd, 0x4a, 0xff, 0xea, 0x29, 0xff, 0x27, 0x11, 0xff, 0x89, 0x19, 0xff, 0xcd, 0x4a, 0xff,
    0xb0, 0x6b, 0xff, 0xff, 0xff, 0xff, 0xcd, 0x4a, 0xff, 0x0a, 0x2a, 0xff, 0x0a, 0x2a, 0xff, 0x0a, 0x2a, 0xff, 0xcd, 0x4a, 0xff, 0xff, 0xff, 0xff,
    0x9e, 0xf7, 0xff, 0x1c, 0xe7, 0xff, 0x1c, 0xe7, 0xff, 0xea, 0x29, 0xff, 0x27, 0x11, 0xff, 0x12, 0x7c, 0xff, 0x1c, 0xe7, 0xff, 0x1c, 0xe7, 0xff,
    0x27, 0x11, 0xff, 0x27, 0x11, 0xff, 0x12, 0x7c, 0xff, 0x1c, 0xe7, 0xff, 0x9e, 0xf7, 0xff, 0xff, 0xff, 0xff, 0xff, 0xff, 0xff, 0xff, 0xff, 0xff,
    0x89, 0x19, 0xff, 0x27, 0x11, 0xff, 0xb0, 0x6b, 0xff, 0xff, 0xff, 0xff, 0xcd, 0x4a, 0xff, 0x27, 0x11, 0xff, 0x89, 0x19, 0xff, 0xff, 0xff, 0xff,
    0xff, 0xff, 0xff, 0xff, 0xff, 0xff, 0xff, 0xff, 0xff, 0x39, 0xc6, 0xff, 0x27, 0x11, 0xff, 0x27, 0x11, 0xff, 0xb0, 0x6b, 0xff, 0xff, 0xff, 0xff,
    0xff, 0xff, 0xff, 0xff, 0xff, 0xff, 0x93, 0x84, 0xff, 0x27, 0x11, 0xff, 0x93, 0x84, 0xff, 0xff, 0xff, 0xff, 0x39, 0xc6, 0xff, 0x27, 0x11, 0xff,
    0x27, 0x11, 0xff, 0x59, 0xc6, 0xff, 0xff, 0xff, 0xff, 0xff, 0xff, 0xff, 0xff, 0xff, 0xff, 0xff, 0xff, 0xff, 0xff, 0xff, 0xff, 0xb0, 0x6b, 0xff,
    0x27, 0x11, 0xff, 0xcd, 0x4a, 0xff, 0xff, 0xff, 0xff, 0xff, 0xff, 0xff, 0xff, 0xff, 0xff, 0xea, 0x29, 0xff, 0x27, 0x11, 0xff, 0x27, 0x11, 0xff,
    0x27, 0x11, 0xff, 0xea, 0x29, 0xff, 0xff, 0xff, 0xff, 0xff, 0xff, 0xff, 0xff, 0xff, 0xff, 0xff, 0xff, 0xff, 0xea, 0x29, 0xff, 0x27, 0x11, 0xff,
    0x93, 0x84, 0xff, 0xff, 0xff, 0xff, 0xff, 0xff, 0xff, 0x27, 0x11, 0xff, 0x27, 0x11, 0xff, 0x93, 0x84, 0xff, 0xff, 0xff, 0xff, 0xff, 0xff, 0xff,
    0xff, 0xff, 0xff, 0xff, 0xff, 0xff, 0x39, 0xc6, 0xff, 0x27, 0x11, 0xff, 0x27, 0x11, 0xff, 0xd8, 0xb5, 0xff, 0xff, 0xff, 0xff, 0xf5, 0x94, 0xff,
    0x27, 0x11, 0xff, 0x27, 0x11, 0xff, 0x59, 0xc6, 0xff, 0xff, 0xff, 0xff, 0xff, 0xff, 0xff, 0xff, 0xff, 0xff, 0x39, 0xc6, 0xff, 0x27, 0x11, 0xff,
    0x27, 0x11, 0xff, 0xb0, 0x6b, 0xff, 0xff, 0xff, 0xff, 0xff, 0xff, 0xff, 0x9e, 0xf7, 0xff, 0x6c, 0x3a, 0xff, 0x27, 0x11, 0xff, 0x27, 0x11, 0xff,
    0x93, 0x84, 0xff, 0x32, 0x7c, 0xff, 0x27, 0x11, 0xff, 0x89, 0x19, 0xff, 0xff, 0xff, 0xff, 0xff, 0xff, 0xff, 0x76, 0xa5, 0xff, 0x3c, 0xe7, 0xff,
    0xff, 0xff, 0xff, 0xff, 0xff, 0xff, 0xb0, 0x6b, 0xff, 0x27, 0x11, 0xff, 0xcd, 0x4a, 0xff, 0xff, 0xff, 0xff, 0xff, 0xff, 0xff, 0xff, 0xff, 0xff,
    0xf5, 0x94, 0xff, 0x93, 0x84, 0xff, 0xcd, 0x4a, 0xff, 0x27, 0x11, 0xff, 0xea, 0x29, 0xff, 0xff, 0xff, 0xff, 0xff, 0xff, 0xff, 0xff, 0xff, 0xff,
    0xff, 0xff, 0xff, 0xea, 0x29, 0xff, 0x27, 0x11, 0xff, 0x93, 0x84, 0xff, 0xff, 0xff, 0xff, 0xff, 0xff, 0xff, 0x27, 0x11, 0xff, 0x27, 0x11, 0xff,
    0x93, 0x84, 0xff, 0xff, 0xff, 0xff, 0xff, 0xff, 0xff, 0xff, 0xff, 0xff, 0xff, 0xff, 0xff, 0xb0, 0x6b, 0xff, 0x27, 0x11, 0xff, 0x27, 0x11, 0xff,
    0x9e, 0xf7, 0xff, 0xff, 0xff, 0xff, 0xbb, 0xd6, 0xff, 0x27, 0x11, 0xff, 0x27, 0x11, 0xff, 0x12, 0x7c, 0xff, 0xff, 0xff, 0xff, 0xff, 0xff, 0xff,
    0xff, 0xff, 0xff, 0x39, 0xc6, 0xff, 0x27, 0x11, 0xff, 0x27, 0x11, 0xff, 0xb0, 0x6b, 0xff, 0xff, 0xff, 0xff, 0xff, 0xff, 0xff, 0xff, 0xff, 0xff,
    0x9e, 0xf7, 0xff, 0x6c, 0x3a, 0xff, 0x27, 0x11, 0xff, 0x27, 0x11, 0xff, 0x89, 0x19, 0xff, 0x27, 0x11, 0xff, 0x2f, 0x5b, 0xff, 0xff, 0xff, 0xff,
    0x4f, 0x5b, 0xff, 0x27, 0x11, 0xff, 0xcd, 0x4a, 0xff, 0xff, 0xff, 0xff, 0xff, 0xff, 0xff, 0xb0, 0x6b, 0xff, 0x27, 0x11, 0xff, 0xcd, 0x4a, 0xff,
    0xff, 0xff, 0xff, 0xff, 0xff, 0xff, 0xff, 0xff, 0xff, 0xff, 0xff, 0xff, 0xff, 0xff, 0xff, 0x93, 0x84, 0xff, 0x27, 0x11, 0xff, 0xea, 0x29, 0xff,
    0xff, 0xff, 0xff, 0x1c, 0xe7, 0xff, 0x1c, 0xe7, 0xff, 0x1c, 0xe7, 0xff, 0xea, 0x29, 0xff, 0x27, 0x11, 0xff, 0x12, 0x7c, 0xff, 0x1c, 0xe7, 0xff,
    0x1c, 0xe7, 0xff, 0x27, 0x11, 0xff, 0x27, 0x11, 0xff, 0x12, 0x7c, 0xff, 0x1c, 0xe7, 0xff, 0x1c, 0xe7, 0xff, 0xff, 0xff, 0xff, 0xff, 0xff, 0xff,
    0xea, 0x29, 0xff, 0x27, 0x11, 0xff, 0x6c, 0x3a, 0xff, 0x1c, 0xe7, 0xff, 0x1c, 0xe7, 0xff, 0x1c, 0xe7, 0xff, 0x89, 0x19, 0xff, 0x27, 0x11, 0xff,
    0x89, 0x19, 0xff, 0xff, 0xff, 0xff, 0xff, 0xff, 0xff, 0xff, 0xff, 0xff, 0x39, 0xc6, 0xff, 0x27, 0x11, 0xff, 0x27, 0x11, 0xff, 0xb0, 0x6b, 0xff,
    0xff, 0xff, 0xff, 0xff, 0xff, 0xff, 0xff, 0xff, 0xff, 0xff, 0xff, 0xff, 0x9e, 0xf7, 0xff, 0x6c, 0x3a, 0xff, 0x27, 0x11, 0xff, 0x27, 0x11, 0xff,
    0x27, 0x11, 0xff, 0x76, 0xa5, 0xff, 0xff, 0xff, 0xff, 0x39, 0xc6, 0xff, 0x27, 0x11, 0xff, 0x27, 0x11, 0xff, 0x59, 0xc6, 0xff, 0xff, 0xff, 0xff,
    0xb0, 0x6b, 0xff, 0x27, 0x11, 0xff, 0xcd, 0x4a, 0xff, 0xff, 0xff, 0xff, 0xff, 0xff, 0xff, 0xff, 0xff, 0xff, 0xff, 0xff, 0xff, 0xff, 0xff, 0xff,
    0x93, 0x84, 0xff, 0x27, 0x11, 0xff, 0xea, 0x29, 0xff, 0xff, 0xff, 0xff, 0xcd, 0x4a, 0xff, 0x27, 0x11, 0xff, 0x27, 0x11, 0xff, 0x27, 0x11, 0xff,
    0x27, 0x11, 0xff, 0x27, 0x11, 0xff, 0x27, 0x11, 0xff, 0x27, 0x11, 0xff, 0x27, 0x11, 0xff, 0x27, 0x11, 0xff, 0x27, 0x11, 0xff, 0x27, 0x11, 0xff,
    0xea, 0x29, 0xff, 0xff, 0xff, 0xff, 0x39, 0xc6, 0xff, 0x27, 0x11, 0xff, 0x27, 0x11, 0xff, 0x27, 0x11, 0xff, 0x27, 0x11, 0xff, 0x27, 0x11, 0xff,
    0x27, 0x11, 0xff, 0x27, 0x11, 0xff, 0x27, 0x11, 0xff, 0x27, 0x11, 0xff, 0x59, 0xc6, 0xff, 0xff, 0xff, 0xff, 0xff, 0xff, 0xff, 0x39, 0xc6, 0xff,
    0x27, 0x11, 0xff, 0x27, 0x11, 0xff, 0xb0, 0x6b, 0xff, 0xff, 0xff, 0xff, 0xff, 0xff, 0xff, 0xff, 0xff, 0xff, 0xff, 0xff, 0xff, 0xff, 0xff, 0xff,
    0x9e, 0xf7, 0xff, 0xea, 0x29, 0xff, 0x27, 0x11, 0xff, 0x27, 0x11, 0xff, 0x93, 0x84, 0xff, 0xff, 0xff, 0xff, 0xff, 0xff, 0xff, 0xcd, 0x4a, 0xff,
    0x27, 0x11, 0xff, 0xcd, 0x4a, 0xff, 0xff, 0xff, 0xff, 0xb0, 0x6b, 0xff, 0x27, 0x11, 0xff, 0xcd, 0x4a, 0xff, 0xff, 0xff, 0xff, 0xff, 0xff, 0xff,
    0xff, 0xff, 0xff, 0xff, 0xff, 0xff, 0xff, 0xff, 0xff, 0x93, 0x84, 0xff, 0x27, 0x11, 0xff, 0xea, 0x29, 0xff, 0xff, 0xff, 0xff, 0xcd, 0x4a, 0xff,
    0x27, 0x11, 0xff, 0x27, 0x11, 0xff, 0x27, 0x11, 0xff, 0x27, 0x11, 0xff, 0x27, 0x11, 0xff, 0x27, 0x11, 0xff, 0x27, 0x11, 0xff, 0x27, 0x11, 0xff,
    0x27, 0x11, 0xff, 0x27, 0x11, 0xff, 0x27, 0x11, 0xff, 0xea, 0x29, 0xff, 0xff, 0xff, 0xff, 0xb0, 0x6b, 0xff, 0x27, 0x11, 0xff, 0x27, 0x11, 0xff,
    0x27, 0x11, 0xff, 0x27, 0x11, 0xff, 0x27, 0x11, 0xff, 0x27, 0x11, 0xff, 0x27, 0x11, 0xff, 0x27, 0x11, 0xff, 0x27, 0x11, 0xff, 0x93, 0x84, 0xff,
    0xff, 0xff, 0xff, 0xff, 0xff, 0xff, 0x39, 0xc6, 0xff, 0x27, 0x11, 0xff, 0x27, 0x11, 0xff, 0xb0, 0x6b, 0xff, 0xff, 0xff, 0xff, 0xff, 0xff, 0xff,
    0xff, 0xff, 0xff, 0xff, 0xff, 0xff, 0xff, 0xff, 0xff, 0x3c, 0xe7, 0xff, 0x27, 0x11, 0xff, 0x27, 0x11, 0xff, 0x27, 0x11, 0xff, 0x27, 0x11, 0xff,
    0x76, 0xa5, 0xff, 0xff, 0xff, 0xff, 0x39, 0xc6, 0xff, 0x27, 0x11, 0xff, 0x89, 0x19, 0xff, 0x1c, 0xe7, 0xff, 0xb0, 0x6b, 0xff, 0x27, 0x11, 0xff,
    0xcd, 0x4a, 0xff, 0xff, 0xff, 0xff, 0xff, 0xff, 0xff, 0xff, 0xff, 0xff, 0xff, 0xff, 0xff, 0xff, 0xff, 0xff, 0x93, 0x84, 0xff, 0x27, 0x11, 0xff,
    0xea, 0x29, 0xff, 0x3c, 0xe7, 0xff, 0x39, 0xc6, 0xff, 0x39, 0xc6, 0xff, 0xd8, 0xb5, 0xff, 0x27, 0x11, 0xff, 0x27, 0x11, 0xff, 0x93, 0x84, 0xff,
    0x39, 0xc6, 0xff, 0x39, 0xc6, 0xff, 0x27, 0x11, 0xff, 0x27, 0x11, 0xff, 0xb0, 0x6b, 0xff, 0x39, 0xc6, 0xff, 0xbb, 0xd6, 0xff, 0xff, 0xff, 0xff,
    0xea, 0x29, 0xff, 0x27, 0x11, 0xff, 0x89, 0x19, 0xff, 0x39, 0xc6, 0xff, 0x39, 0xc6, 0xff, 0x39, 0xc6, 0xff, 0x39, 0xc6, 0xff, 0x39, 0xc6, 0xff,
    0x27, 0x11, 0xff, 0x27, 0x11, 0xff, 0xea, 0x29, 0xff, 0xff, 0xff, 0xff, 0xff, 0xff, 0xff, 0x39, 0xc6, 0xff, 0x27, 0x11, 0xff, 0x27, 0x11, 0xff,
    0xb0, 0x6b, 0xff, 0xff, 0xff, 0xff, 0xff, 0xff, 0xff, 0xff, 0xff, 0xff, 0xff, 0xff, 0xff, 0xff, 0xff, 0xff, 0xcd, 0x4a, 0xff, 0x27, 0x11, 0xff,
    0x27, 0x11, 0xff, 0x89, 0x19, 0xff, 0x27, 0x11, 0xff, 0x89, 0x19, 0xff, 0x3c, 0xe7, 0xff, 0xff, 0xff, 0xff, 0x93, 0x84, 0xff, 0x9e, 0xf7, 0xff,
    0xff, 0xff, 0xff, 0xb0, 0x6b, 0xff, 0x27, 0x11, 0xff, 0xcd, 0x4a, 0xff, 0xff, 0xff, 0xff, 0xff, 0xff, 0xff, 0xff, 0xff, 0xff, 0xff, 0xff, 0xff,
    0xff, 0xff, 0xff, 0x93, 0x84, 0xff, 0x27, 0x11, 0xff, 0x89, 0x19, 0xff, 0xea, 0x29, 0xff, 0x93, 0x84, 0xff, 0xff, 0xff, 0xff, 0xd8, 0xb5, 0xff,
    0x27, 0x11, 0xff, 0x27, 0x11, 0xff, 0xbb, 0xd6, 0xff, 0xff, 0xff, 0xff, 0xff, 0xff, 0xff, 0x27, 0x11, 0xff, 0x27, 0x11, 0xff, 0x93, 0x84, 0xff,
    0xff, 0xff, 0xff, 0xff, 0xff, 0xff, 0xbb, 0xd6, 0xff, 0x27, 0x11, 0xff, 0x27, 0x11, 0xff, 0x2f, 0x5b, 0xff, 0xff, 0xff, 0xff, 0xff, 0xff, 0xff,
    0xff, 0xff, 0xff, 0xff, 0xff, 0xff, 0xff, 0xff, 0xff, 0x6c, 0x3a, 0xff, 0x27, 0x11, 0xff, 0x27, 0x11, 0xff, 0x59, 0xc6, 0xff, 0xff, 0xff, 0xff,
    0x39, 0xc6, 0xff, 0x27, 0x11, 0xff, 0x27, 0x11, 0xff, 0xb0, 0x6b, 0xff, 0xff, 0xff, 0xff, 0xff, 0xff, 0xff, 0xff, 0xff, 0xff, 0xff, 0xff, 0xff,
    0x93, 0x84, 0xff, 0x27, 0x11, 0xff, 0x27, 0x11, 0xff, 0x12, 0x7c, 0xff, 0x39, 0xc6, 0xff, 0x27, 0x11, 0xff, 0x27, 0x11, 0xff, 0x12, 0x7c, 0xff,
    0xff, 0xff, 0xff, 0xff, 0xff, 0xff, 0xff, 0xff, 0xff, 0xff, 0xff, 0xff, 0xb0, 0x6b, 0xff, 0x27, 0x11, 0xff, 0xcd, 0x4a, 0xff, 0xff, 0xff, 0xff,
    0xff, 0xff, 0xff, 0xff, 0xff, 0xff, 0xff, 0xff, 0xff, 0xff, 0xff, 0xff, 0x93, 0x84, 0xff, 0x27, 0x11, 0xff, 0x27, 0x11, 0xff, 0x27, 0x11, 0xff,
    0x6c, 0x3a, 0xff, 0xff, 0xff, 0xff, 0xb0, 0x6b, 0xff, 0x27, 0x11, 0xff, 0x89, 0x19, 0xff, 0xff, 0xff, 0xff, 0xff, 0xff, 0xff, 0xff, 0xff, 0xff,
    0x27, 0x11, 0xff, 0x27, 0x11, 0xff, 0x93, 0x84, 0xff, 0xff, 0xff, 0xff, 0xff, 0xff, 0xff, 0x32, 0x7c, 0xff, 0x27, 0x11, 0xff, 0x27, 0x11, 0xff,
    0x76, 0xa5, 0xff, 0xff, 0xff, 0xff, 0xff, 0xff, 0xff, 0xff, 0xff, 0xff, 0xff, 0xff, 0xff, 0xff, 0xff, 0xff, 0x32, 0x7c, 0xff, 0x27, 0x11, 0xff,
    0x27, 0x11, 0xff, 0x93, 0x84, 0xff, 0xff, 0xff, 0xff, 0x39, 0xc6, 0xff, 0x27, 0x11, 0xff, 0x27, 0x11, 0xff, 0xb0, 0x6b, 0xff, 0xff, 0xff, 0xff,
    0xff, 0xff, 0xff, 0xff, 0xff, 0xff, 0x76, 0xa5, 0xff, 0x27, 0x11, 0xff, 0x27, 0x11, 0xff, 0xea, 0x29, 0xff, 0x9e, 0xf7, 0xff, 0xff, 0xff, 0xff,
    0x32, 0x7c, 0xff, 0xb0, 0x6b, 0xff, 0xff, 0xff, 0xff, 0xff, 0xff, 0xff, 0xff, 0xff, 0xff, 0xff, 0xff, 0xff, 0xff, 0xff, 0xff, 0x4f, 0x5b, 0xff,
    0x27, 0x11, 0xff, 0xcd, 0x4a, 0xff, 0xff, 0xff, 0xff, 0xff, 0xff, 0xff, 0xff, 0xff, 0xff, 0xff, 0xff, 0xff, 0xff, 0xff, 0xff, 0xea, 0x29, 0xff,
    0x27, 0x11, 0xff, 0x27, 0x11, 0xff, 0xea, 0x29, 0xff, 0x1c, 0xe7, 0xff, 0x3c, 0xe7, 0xff, 0x27, 0x11, 0xff, 0x27, 0x11, 0xff, 0xb0, 0x6b, 0xff,
    0xff, 0xff, 0xff, 0xff, 0xff, 0xff, 0xff, 0xff, 0xff, 0x27, 0x11, 0xff, 0x27, 0x11, 0xff, 0x93, 0x84, 0xff, 0xff, 0xff, 0xff, 0xff, 0xff, 0xff,
    0x6c, 0x3a, 0xff, 0x27, 0x11, 0xff, 0x27, 0x11, 0xff, 0x1c, 0xe7, 0xff, 0xff, 0xff, 0xff, 0xff, 0xff, 0xff, 0xff, 0xff, 0xff, 0xff, 0xff, 0xff,
    0xff, 0xff, 0xff, 0x39, 0xc6, 0xff, 0x27, 0x11, 0xff, 0x27, 0x11, 0xff, 0xcd, 0x4a, 0xff, 0xff, 0xff, 0xff, 0x39, 0xc6, 0xff, 0x27, 0x11, 0xff,
    0x27, 0x11, 0xff, 0xb0, 0x6b, 0xff, 0xff, 0xff, 0xff, 0xff, 0xff, 0xff, 0xf5, 0x94, 0xff, 0x27, 0x11, 0xff, 0x27, 0x11, 0xff, 0x89, 0x19, 0xff,
    0x1c, 0xe7, 0xff, 0xff, 0xff, 0xff, 0xff, 0xff, 0xff, 0x9e, 0xf7, 0xff, 0xff, 0xff, 0xff, 0xff, 0xff, 0xff, 0xff, 0xff, 0xff, 0x76, 0xa5, 0xff,
    0xcd, 0x4a, 0xff, 0xcd, 0x4a, 0xff, 0x89, 0x19, 0xff, 0x27, 0x11, 0xff, 0x2f, 0x5b, 0xff, 0xff, 0xff, 0xff, 0xff, 0xff, 0xff, 0xff, 0xff, 0xff,
    0xff, 0xff, 0xff, 0xd8, 0xb5, 0xff, 0x27, 0x11, 0xff, 0x27, 0x11, 0xff, 0xcd, 0x4a, 0xff, 0x9e, 0xf7, 0xff, 0x3c, 0xe7, 0xff, 0xea, 0x29, 0xff,
    0x27, 0x11, 0xff, 0x27, 0x11, 0xff, 0x1c, 0xe7, 0xff, 0xff, 0xff, 0xff, 0xff, 0xff, 0xff, 0xff, 0xff, 0xff, 0x27, 0x11, 0xff, 0x27, 0x11, 0xff,
    0x93, 0x84, 0xff, 0xff, 0xff, 0xff, 0xff, 0xff, 0xff, 0xff, 0xff, 0xff, 0xff, 0xff, 0xff, 0xff, 0xff, 0xff, 0xff, 0xff, 0xff, 0xff, 0xff, 0xff,
    0xff, 0xff, 0xff, 0xff, 0xff, 0xff, 0xff, 0xff, 0xff, 0xff, 0xff, 0xff, 0xff, 0xff, 0xff, 0xff, 0xff, 0xff, 0xff, 0xff, 0xff, 0xff, 0xff, 0xff,
    0xff, 0xff, 0xff, 0xff, 0xff, 0xff, 0xff, 0xff, 0xff, 0xff, 0xff, 0xff, 0xff, 0xff, 0xff, 0xff, 0xff, 0xff, 0xff, 0xff, 0xff, 0xbb, 0xd6, 0xff,
    0x89, 0x19, 0xff, 0x27, 0x11, 0xff, 0xd8, 0xb5, 0xff, 0xff, 0xff, 0xff, 0xff, 0xff, 0xff, 0xff, 0xff, 0xff, 0xff, 0xff, 0xff, 0xff, 0xff, 0xff,
    0xff, 0xff, 0xff, 0xff, 0xff, 0xff, 0x39, 0xc6, 0xff, 0x27, 0x11, 0xff, 0x27, 0x11, 0xff, 0x27, 0x11, 0xff, 0x27, 0x11, 0xff, 0x76, 0xa5, 0xff,
    0xff, 0xff, 0xff, 0xff, 0xff, 0xff, 0xff, 0xff, 0xff, 0xff, 0xff, 0xff, 0xff, 0xff, 0xff, 0xcd, 0x4a, 0xff, 0x12, 0x7c, 0xff, 0xff, 0xff, 0xff,
    0xff, 0xff, 0xff, 0x39, 0xc6, 0xff, 0xea, 0x29, 0xff, 0x27, 0x11, 0xff, 0x93, 0x84, 0xff, 0xff, 0xff, 0xff, 0xff, 0xff, 0xff, 0xff, 0xff, 0xff,
    0xff, 0xff, 0xff, 0x27, 0x11, 0xff, 0x27, 0x11, 0xff, 0x93, 0x84, 0xff, 0xff, 0xff, 0xff, 0xff, 0xff, 0xff, 0xff, 0xff, 0xff, 0xff, 0xff, 0xff,
    0xff, 0xff, 0xff, 0xff, 0xff, 0xff, 0xff, 0xff, 0xff, 0xff, 0xff, 0xff, 0xff, 0xff, 0xff, 0xff, 0xff, 0xff, 0xff, 0xff, 0xff, 0xff, 0xff, 0xff,
    0xff, 0xff, 0xff, 0xff, 0xff, 0xff, 0xff, 0xff, 0xff, 0xff, 0xff, 0xff, 0xff, 0xff, 0xff, 0xff, 0xff, 0xff, 0xff, 0xff, 0xff, 0xff, 0xff, 0xff,
    0xff, 0xff, 0xff, 0xff, 0xff, 0xff, 0xff, 0xff, 0xff, 0x76, 0xa5, 0xff, 0xbb, 0xd6, 0xff, 0xff, 0xff, 0xff, 0xff, 0xff, 0xff, 0xff, 0xff, 0xff,
    0xff, 0xff, 0xff, 0xff, 0xff, 0xff, 0xff, 0xff, 0xff, 0xff, 0xff, 0xff, 0xff, 0xff, 0xff, 0xff, 0xff, 0xff, 0xcd, 0x4a, 0xff, 0xcd, 0x4a, 0xff,
    0xb0, 0x6b, 0xff, 0x76, 0xa5, 0xff, 0xff, 0xff, 0xff, 0xff, 0xff, 0xff, 0xff, 0xff, 0xff, 0xff, 0xff, 0xff, 0xff, 0xff, 0xff, 0xff, 0xff, 0xff,
    0x9e, 0xf7, 0xff, 0xff, 0xff, 0xff, 0xff, 0xff, 0xff, 0xff, 0xff, 0xff, 0xff, 0xff, 0xff, 0x1c, 0xe7, 0xff, 0xf5, 0x94, 0xff, 0xff, 0xff, 0xff,
    0xff, 0xff, 0xff, 0xff, 0xff, 0xff, 0xff, 0xff, 0xff, 0xff, 0xff, 0xff, 0xcd, 0x4a, 0xff, 0xcd, 0x4a, 0xff, 0x76, 0xa5, 0xff, 0xff, 0xff, 0xff,
    0xff, 0xff, 0xff,
};

const lv_img_dsc_t home_text_ai_img = {
    .header.cf = LV_IMG_CF_TRUE_COLOR_ALPHA,
    .header.always_zero = 0,
    .header.reserved = 0,
    .header.w = 59,
    .header.h = 19,
    .data_size = 59 * 19 * LV_IMG_PX_SIZE_ALPHA_BYTE,
    .data = home_text_ai_img_map,
};

static const LV_ATTRIBUTE_MEM_ALIGN LV_ATTRIBUTE_LARGE_CONST uint8_t home_text_ai_desc_img_map[] = {
    0xff, 0xff, 0xff, 0xff, 0xff, 0xff, 0xff, 0xff, 0xff, 0xff, 0xff, 0xff, 0xff, 0xff, 0xff, 0xff, 0xff, 0xff, 0xff, 0xff, 0xff, 0xff, 0xff, 0xff,
    0xff, 0xff, 0xff, 0xff, 0xff, 0xff, 0xff, 0xff, 0xff, 0xff, 0xff, 0xff, 0xff, 0xff, 0xff, 0xff, 0xff, 0xff, 0xff, 0xff, 0xff, 0xff, 0xff, 0xff,
    0xff, 0xff, 0xff, 0xff, 0xff, 0xff, 0xff, 0xff, 0xff, 0xff, 0xff, 0xff, 0xff, 0xff, 0xff, 0xff, 0xff, 0xff, 0xff, 0xff, 0xff, 0xff, 0xff, 0xff,
    0xff, 0xff, 0xff, 0xff, 0xff, 0xff, 0xff, 0xff, 0xff, 0xff, 0xff, 0xff, 0xff, 0xff, 0xff, 0xff, 0xff, 0xff, 0xff, 0xff, 0xff, 0xbf, 0xf7, 0xff,
    0xfc, 0xde, 0xff, 0xbf, 0xf7, 0xff, 0xff, 0xff, 0xff, 0x5a, 0xc6, 0xff, 0x7e, 0xef, 0xff, 0xff, 0xff, 0xff, 0x3d, 0xe7, 0xff, 0x7a, 0xc6, 0xff,
    0x7a, 0xc6, 0xff, 0x7a, 0xc6, 0xff, 0x7a, 0xc6, 0xff, 0x7a, 0xc6, 0xff, 0x7a, 0xc6, 0xff, 0x7a, 0xc6, 0xff, 0xfc, 0xde, 0xff, 0xff, 0xff, 0xff,
    0xff, 0xff, 0xff, 0xff, 0xff, 0xff, 0xff, 0xff, 0xff, 0xff, 0xff, 0xff, 0xff, 0xff, 0xff, 0x5a, 0xc6, 0xff, 0xf2, 0x6b, 0xff, 0xbb, 0xce, 0xff,
    0xff, 0xff, 0xff, 0xff, 0xff, 0xff, 0xff, 0xff, 0xff, 0xff, 0xff, 0xff, 0xff, 0xff, 0xff, 0xff, 0xff, 0xff, 0xff, 0xff, 0xff, 0x19, 0xbe, 0xff,
    0x33, 0x74, 0xff, 0xff, 0xff, 0xff, 0xff, 0xff, 0xff, 0xff, 0xff, 0xff, 0xff, 0xff, 0xff, 0xfc, 0xde, 0xff, 0xb4, 0x8c, 0xff, 0xfc, 0xde, 0xff,
    0xff, 0xff, 0xff, 0xff, 0xff, 0xff, 0xff, 0xff, 0xff, 0xff, 0xff, 0xff, 0xff, 0xff, 0xff, 0xd8, 0xb5, 0xff, 0x3d, 0xe7, 0xff, 0x97, 0xa5, 0xff,
    0x15, 0x95, 0xff, 0xff, 0xff, 0xff, 0xff, 0xff, 0xff, 0xff, 0xff, 0xff, 0xff, 0xff, 0xff, 0xff, 0xff, 0xff, 0xff, 0xff, 0xff, 0x56, 0x9d, 0xff,
    0x5a, 0xc6, 0xff, 0x7a, 0xc6, 0xff, 0x7a, 0xc6, 0xff, 0x7e, 0xef, 0xff, 0xff, 0xff, 0xff, 0xff, 0xff, 0xff, 0xff, 0xff, 0xff, 0xff, 0xff, 0xff,
    0xbb, 0xce, 0xff, 0x7a, 0xc6, 0xff, 0x7e, 0xef, 0xff, 0xff, 0xff, 0xff, 0xff, 0xff, 0xff, 0xff, 0xff, 0xff, 0xff, 0xff, 0xff, 0xfc, 0xde, 0xff,
    0x19, 0xbe, 0xff, 0xd8, 0xb5, 0xff, 0xbb, 0xce, 0xff, 0xff, 0xff, 0xff, 0xff, 0xff, 0xff, 0xff, 0xff, 0xff, 0xbb, 0xce, 0xff, 0x7a, 0xc6, 0xff,
    0x7a, 0xc6, 0xff, 0xbb, 0xce, 0xff, 0xfc, 0xde, 0xff, 0xbf, 0xf7, 0xff, 0xff, 0xff, 0xff, 0xff, 0xff, 0xff, 0xff, 0xff, 0xff, 0xff, 0xff, 0xff,
    0x5a, 0xc6, 0xff, 0xf2, 0x6b, 0xff, 0xff, 0xff, 0xff, 0x7e, 0xef, 0xff, 0xf2, 0x6b, 0xff, 0x33, 0x74, 0xff, 0x7e, 0xef, 0xff, 0xd8, 0xb5, 0xff,
    0xb1, 0x63, 0xff, 0xb1, 0x63, 0xff, 0xb1, 0x63, 0xff, 0xb1, 0x63, 0xff, 0xb1, 0x63, 0xff, 0xb1, 0x63, 0xff, 0xb1, 0x63, 0xff, 0x56, 0x9d, 0xff,
    0xff, 0xff, 0xff, 0xff, 0xff, 0xff, 0xd4, 0x8c, 0xff, 0xd4, 0x8c, 0xff, 0xd4, 0x8c, 0xff, 0xd4, 0x8c, 0xff, 0x33, 0x74, 0xff, 0xb1, 0x63, 0xff,
    0x33, 0x74, 0xff, 0xd4, 0x8c, 0xff, 0xd4, 0x8c, 0xff, 0xd4, 0x8c, 0xff, 0xd4, 0x8c, 0xff, 0x3d, 0xe7, 0xff, 0xff, 0xff, 0xff, 0xff, 0xff, 0xff,
    0xd8, 0xb5, 0xff, 0xb1, 0x63, 0xff, 0xff, 0xff, 0xff, 0x7e, 0xef, 0xff, 0xfc, 0xde, 0xff, 0xfc, 0xde, 0xff, 0x19, 0xbe, 0xff, 0xb1, 0x63, 0xff,
    0x15, 0x95, 0xff, 0xfc, 0xde, 0xff, 0xfc, 0xde, 0xff, 0xfc, 0xde, 0xff, 0xff, 0xff, 0xff, 0x7e, 0xef, 0xff, 0xb1, 0x63, 0xff, 0x19, 0xbe, 0xff,
    0xb4, 0x8c, 0xff, 0x33, 0x74, 0xff, 0xff, 0xff, 0xff, 0xff, 0xff, 0xff, 0xff, 0xff, 0xff, 0x9b, 0xce, 0xff, 0x56, 0x9d, 0xff, 0xbf, 0xf7, 0xff,
    0xb1, 0x63, 0xff, 0x56, 0x9d, 0xff, 0xb1, 0x63, 0xff, 0xb1, 0x63, 0xff, 0x97, 0xa5, 0xff, 0xff, 0xff, 0xff, 0xff, 0xff, 0xff, 0xff, 0xff, 0xff,
    0x3d, 0xe7, 0xff, 0xb1, 0x63, 0xff, 0xb1, 0x63, 0xff, 0x5a, 0xc6, 0xff, 0xff, 0xff, 0xff, 0xff, 0xff, 0xff, 0xff, 0xff, 0xff, 0x56, 0x9d, 0xff,
    0xb1, 0x63, 0xff, 0xb1, 0x63, 0xff, 0xb1, 0x63, 0xff, 0xb1, 0x63, 0xff, 0x33, 0x74, 0xff, 0xbf, 0xf7, 0xff, 0xff, 0xff, 0xff, 0x33, 0x74, 0xff,
    0xb1, 0x63, 0xff, 0xb1, 0x63, 0xff, 0xb1, 0x63, 0xff, 0xb1, 0x63, 0xff, 0xb1, 0x63, 0xff, 0xd8, 0xb5, 0xff, 0xff, 0xff, 0xff, 0xff, 0xff, 0xff,
    0xff, 0xff, 0xff, 0x56, 0x9d, 0xff, 0xd4, 0x8c, 0xff, 0xff, 0xff, 0xff, 0xff, 0xff, 0xff, 0x3d, 0xe7, 0xff, 0xf2, 0x6b, 0xff, 0xd4, 0x8c, 0xff,
    0xbf, 0xf7, 0xff, 0x7e, 0xef, 0xff, 0x3d, 0xe7, 0xff, 0xb1, 0x63, 0xff, 0x15, 0x95, 0xff, 0x7e, 0xef, 0xff, 0x7e, 0xef, 0xff, 0x7e, 0xef, 0xff,
    0xbf, 0xf7, 0xff, 0xff, 0xff, 0xff, 0xff, 0xff, 0xff, 0xb4, 0x8c, 0xff, 0xb4, 0x8c, 0xff, 0x33, 0x74, 0xff, 0x33, 0x74, 0xff, 0xb4, 0x8c, 0xff,
    0xb4, 0x8c, 0xff, 0xb4, 0x8c, 0xff, 0x73, 0x84, 0xff, 0xf2, 0x6b, 0xff, 0xb4, 0x8c, 0xff, 0xb4, 0x8c, 0xff, 0x3d, 0xe7, 0xff, 0xff, 0xff, 0xff,
    0xbb, 0xce, 0xff, 0xf5, 0x94, 0xff, 0xb1, 0x63, 0xff, 0x7a, 0xc6, 0xff, 0x97, 0xa5, 0xff, 0xb1, 0x63, 0xff, 0xb1, 0x63, 0xff, 0xb1, 0x63, 0xff,
    0xb1, 0x63, 0xff, 0xb1, 0x63, 0xff, 0xb1, 0x63, 0xff, 0xb1, 0x63, 0xff, 0x33, 0x74, 0xff, 0xff, 0xff, 0xff, 0x5a, 0xc6, 0xff, 0xb1, 0x63, 0xff,
    0xb1, 0x63, 0xff, 0xb1, 0x63, 0xff, 0xb1, 0x63, 0xff, 0xb1, 0x63, 0xff, 0xb1, 0x63, 0xff, 0x5a, 0xc6, 0xff, 0xd8, 0xb5, 0xff, 0xb1, 0x63, 0xff,
    0x7e, 0xef, 0xff, 0xb1, 0x63, 0xff, 0x56, 0x9d, 0xff, 0xb1, 0x63, 0xff, 0xb1, 0x63, 0xff, 0xf2, 0x6b, 0xff, 0xbf, 0xf7, 0xff, 0xff, 0xff, 0xff,
    0xff, 0xff, 0xff, 0x56, 0x9d, 0xff, 0xb1, 0x63, 0xff, 0xb1, 0x63, 0xff, 0x5a, 0xc6, 0xff, 0xff, 0xff, 0xff, 0xff, 0xff, 0xff, 0x97, 0xad, 0xff,
    0xb1, 0x63, 0xff, 0x33, 0x74, 0xff, 0x19, 0xbe, 0xff, 0xfc, 0xde, 0xff, 0x56, 0x9d, 0xff, 0x15, 0x95, 0xff, 0xff, 0xff, 0xff, 0xff, 0xff, 0xff,
    0x33, 0x74, 0xff, 0xb1, 0x63, 0xff, 0xd8, 0xb5, 0xff, 0x7a, 0xc6, 0xff, 0x19, 0xbe, 0xff, 0xf2, 0x6b, 0xff, 0xb1, 0x63, 0xff, 0xfc, 0xde, 0xff,
    0xff, 0xff, 0xff, 0xff, 0xff, 0xff, 0x33, 0x74, 0xff, 0x19, 0xbe, 0xff, 0xff, 0xff, 0xff, 0xff, 0xff, 0xff, 0xff, 0xff, 0xff, 0xbb, 0xce, 0xff,
    0x7e, 0xef, 0xff, 0x7e, 0xef, 0xff, 0x33, 0x74, 0xff, 0x33, 0x74, 0xff, 0xb1, 0x63, 0xff, 0xf2, 0x6b, 0xff, 0x33, 0x74, 0xff, 0x33, 0x74, 0xff,
    0x56, 0x9d, 0xff, 0xff, 0xff, 0xff, 0xff, 0xff, 0xff, 0xff, 0xff, 0xff, 0xff, 0xff, 0xff, 0xbe, 0xf7, 0xff, 0xf2, 0x6b, 0xff, 0xd4, 0x8c, 0xff,
    0xff, 0xff, 0xff, 0xff, 0xff, 0xff, 0xff, 0xff, 0xff, 0x56, 0x9d, 0xff, 0xb1, 0x63, 0xff, 0x5a, 0xc6, 0xff, 0xff, 0xff, 0xff, 0xff, 0xff, 0xff,
    0xff, 0xff, 0xff, 0x33, 0x74, 0xff, 0xb1, 0x63, 0xff, 0xb1, 0x63, 0xff, 0xb1, 0x63, 0xff, 0xd4, 0x8c, 0xff, 0xb1, 0x63, 0xff, 0xfc, 0xde, 0xff,
    0x3d, 0xe7, 0xff, 0x7e, 0xef, 0xff, 0x3d, 0xe7, 0xff, 0x7e, 0xef, 0xff, 0x15, 0x95, 0xff, 0x33, 0x74, 0xff, 0xff, 0xff, 0xff, 0x33, 0x74, 0xff,
    0x33, 0x74, 0xff, 0xd8, 0xb5, 0xff, 0x33, 0x74, 0xff, 0xf2, 0x6b, 0xff, 0xd8, 0xb5, 0xff, 0xd8, 0xb5, 0xff, 0x3d, 0xe7, 0xff, 0xd8, 0xb5, 0xff,
    0xb1, 0x63, 0xff, 0x7e, 0xef, 0xff, 0xb1, 0x63, 0xff, 0x56, 0x9d, 0xff, 0xb1, 0x63, 0xff, 0x33, 0x74, 0xff, 0xb1, 0x63, 0xff, 0xfc, 0xde, 0xff,
    0xff, 0xff, 0xff, 0xff, 0xff, 0xff, 0x33, 0x74, 0xff, 0x33, 0x74, 0xff, 0xb1, 0x63, 0xff, 0x5a, 0xc6, 0xff, 0xff, 0xff, 0xff, 0x7e, 0xef, 0xff,
    0xb1, 0x63, 0xff, 0xb1, 0x63, 0xff, 0x7e, 0xef, 0xff, 0xff, 0xff, 0xff, 0xff, 0xff, 0xff, 0xff, 0xff, 0xff, 0xbf, 0xf7, 0xff, 0xff, 0xff, 0xff,
    0xff, 0xff, 0xff, 0x33, 0x74, 0xff, 0xb1, 0x63, 0xff, 0xfc, 0xde, 0xff, 0xff, 0xff, 0xff, 0xff, 0xff, 0xff, 0x97, 0xad, 0xff, 0xb1, 0x63, 0xff,
    0x97, 0xa5, 0xff, 0xff, 0xff, 0xff, 0x7e, 0xef, 0xff, 0xb1, 0x63, 0xff, 0xfc, 0xde, 0xff, 0xff, 0xff, 0xff, 0xd8, 0xb5, 0xff, 0xd8, 0xb5, 0xff,
    0xd8, 0xb5, 0xff, 0x7e, 0xef, 0xff, 0xbe, 0xf7, 0xff, 0x56, 0x9d, 0xff, 0x74, 0x84, 0xff, 0xb1, 0x63, 0xff, 0x15, 0x95, 0xff, 0x56, 0x9d, 0xff,
    0xf2, 0x6b, 0xff, 0xd4, 0x8c, 0xff, 0xff, 0xff, 0xff, 0xff, 0xff, 0xff, 0x5a, 0xc6, 0xff, 0xd8, 0xb5, 0xff, 0xd8, 0xb5, 0xff, 0xf2, 0x6b, 0xff,
    0xb1, 0x63, 0xff, 0x97, 0xa5, 0xff, 0xd8, 0xb5, 0xff, 0xd8, 0xb5, 0xff, 0x33, 0x74, 0xff, 0xb1, 0x63, 0xff, 0xd8, 0xb5, 0xff, 0xd8, 0xb5, 0xff,
    0x19, 0xbe, 0xff, 0xff, 0xff, 0xff, 0x7e, 0xef, 0xff, 0x97, 0xa5, 0xff, 0xb1, 0x63, 0xff, 0x7e, 0xef, 0xff, 0xfc, 0xde, 0xff, 0x7a, 0xc6, 0xff,
    0x97, 0xad, 0xff, 0xb1, 0x63, 0xff, 0xfc, 0xde, 0xff, 0xb4, 0x8c, 0xff, 0x33, 0x74, 0xff, 0xbb, 0xce, 0xff, 0x3d, 0xe7, 0xff, 0xff, 0xff, 0xff,
    0xb5, 0x8c, 0xff, 0xf5, 0x94, 0xff, 0x7a, 0xc6, 0xff, 0x74, 0x84, 0xff, 0xf2, 0x6b, 0xff, 0x7a, 0xc6, 0xff, 0x7a, 0xc6, 0xff, 0xbb, 0xce, 0xff,
    0xd8, 0xb5, 0xff, 0xb1, 0x63, 0xff, 0x7e, 0xef, 0xff, 0xb1, 0x63, 0xff, 0x56, 0x9d, 0xff, 0xb1, 0x63, 0xff, 0x15, 0x95, 0xff, 0xf2, 0x6b, 0xff,
    0xd4, 0x8c, 0xff, 0xff, 0xff, 0xff, 0xfc, 0xde, 0xff, 0xb1, 0x63, 0xff, 0x56, 0x9d, 0xff, 0xb1, 0x63, 0xff, 0x5a, 0xc6, 0xff, 0xff, 0xff, 0xff,
    0x19, 0xbe, 0xff, 0xb1, 0x63, 0xff, 0x15, 0x95, 0xff, 0xff, 0xff, 0xff, 0xff, 0xff, 0xff, 0xff, 0xff, 0xff, 0xff, 0xff, 0xff, 0xff, 0xff, 0xff,
    0xff, 0xff, 0xff, 0xff, 0xff, 0xff, 0x33, 0x74, 0xff, 0xb1, 0x63, 0xff, 0xfc, 0xde, 0xff, 0xff, 0xff, 0xff, 0xff, 0xff, 0xff, 0x97, 0xad, 0xff,
    0xb1, 0x63, 0xff, 0x97, 0xa5, 0xff, 0xff, 0xff, 0xff, 0x5a, 0xc6, 0xff, 0xf2, 0x6b, 0xff, 0xff, 0xff, 0xff, 0xff, 0xff, 0xff, 0xb1, 0x63, 0xff,
    0xb1, 0x63, 0xff, 0xb1, 0x63, 0xff, 0xfc, 0xde, 0xff, 0x7e, 0xef, 0xff, 0x7e, 0xef, 0xff, 0xb4, 0x8c, 0xff, 0xb1, 0x63, 0xff, 0x7e, 0xef, 0xff,
    0x7e, 0xef, 0xff, 0xb1, 0x63, 0xff, 0x15, 0x95, 0xff, 0x7e, 0xef, 0xff, 0xff, 0xff, 0xff, 0xb4, 0x8c, 0xff, 0xb1, 0x63, 0xff, 0xb1, 0x63, 0xff,
    0xb1, 0x63, 0xff, 0xb1, 0x63, 0xff, 0xb1, 0x63, 0xff, 0xb1, 0x63, 0xff, 0xb1, 0x63, 0xff, 0xb1, 0x63, 0xff, 0xb1, 0x63, 0xff, 0xb1, 0x63, 0xff,
    0xb1, 0x63, 0xff, 0x33, 0x74, 0xff, 0xff, 0xff, 0xff, 0xff, 0xff, 0xff, 0xd8, 0xb5, 0xff, 0xb1, 0x63, 0xff, 0xff, 0xff, 0xff, 0x7e, 0xef, 0xff,
    0xb4, 0x8c, 0xff, 0xb1, 0x63, 0xff, 0xd8, 0xb5, 0xff, 0xff, 0xff, 0xff, 0x7e, 0xef, 0xff, 0x33, 0x74, 0xff, 0x33, 0x74, 0xff, 0x3d, 0xe7, 0xff,
    0xff, 0xff, 0xff, 0xb1, 0x63, 0xff, 0xb1, 0x63, 0xff, 0xb1, 0x63, 0xff, 0xb1, 0x63, 0xff, 0xb1, 0x63, 0xff, 0xb1, 0x63, 0xff, 0xb1, 0x63, 0xff,
    0x33, 0x74, 0xff, 0xd8, 0xb5, 0xff, 0xb1, 0x63, 0xff, 0x7e, 0xef, 0xff, 0xb1, 0x63, 0xff, 0x56, 0x9d, 0xff, 0xb1, 0x63, 0xff, 0x73, 0x84, 0xff,
    0x97, 0xad, 0xff, 0xf2, 0x6b, 0xff, 0xbf, 0xf7, 0xff, 0x56, 0x9d, 0xff, 0x33, 0x74, 0xff, 0x19, 0xbe, 0xff, 0xb1, 0x63, 0xff, 0x5a, 0xc6, 0xff,
    0xff, 0xff, 0xff, 0x97, 0xad, 0xff, 0xb1, 0x63, 0xff, 0x97, 0xa5, 0xff, 0xff, 0xff, 0xff, 0xff, 0xff, 0xff, 0xff, 0xff, 0xff, 0xff, 0xff, 0xff,
    0xff, 0xff, 0xff, 0xff, 0xff, 0xff, 0xff, 0xff, 0xff, 0x33, 0x74, 0xff, 0xb1, 0x63, 0xff, 0x19, 0xbe, 0xff, 0xfc, 0xde, 0xff, 0xd8, 0xb5, 0xff,
    0xf2, 0x6b, 0xff, 0xb1, 0x63, 0xff, 0xfc, 0xde, 0xff, 0xff, 0xff, 0xff, 0xf5, 0x94, 0xff, 0xd4, 0x8c, 0xff, 0xff, 0xff, 0xff, 0xff, 0xff, 0xff,
    0xff, 0xff, 0xff, 0xfc, 0xde, 0xff, 0xb1, 0x63, 0xff, 0xfc, 0xde, 0xff, 0xb1, 0x63, 0xff, 0xb1, 0x63, 0xff, 0xb1, 0x63, 0xff, 0xb1, 0x63, 0xff,
    0xb1, 0x63, 0xff, 0xb1, 0x63, 0xff, 0xb1, 0x63, 0xff, 0xb1, 0x63, 0xff, 0xb1, 0x63, 0xff, 0x7e, 0xef, 0xff, 0xff, 0xff, 0xff, 0xff, 0xff, 0xff,
    0x7e, 0xef, 0xff, 0x7e, 0xef, 0xff, 0x7e, 0xef, 0xff, 0x7e, 0xef, 0xff, 0x7e, 0xef, 0xff, 0x7e, 0xef, 0xff, 0x7e, 0xef, 0xff, 0x7e, 0xef, 0xff,
    0x7e, 0xef, 0xff, 0xff, 0xff, 0xff, 0xff, 0xff, 0xff, 0xff, 0xff, 0xff, 0xff, 0xff, 0xff, 0xd8, 0xb5, 0xff, 0xb1, 0x63, 0xff, 0xd8, 0xb5, 0xff,
    0xfc, 0xde, 0xff, 0x33, 0x74, 0xff, 0x19, 0xbe, 0xff, 0xff, 0xff, 0xff, 0xff, 0xff, 0xff, 0xff, 0xff, 0xff, 0x7e, 0xef, 0xff, 0x74, 0x84, 0xff,
    0x3d, 0xe7, 0xff, 0xff, 0xff, 0xff, 0x7e, 0xef, 0xff, 0x7e, 0xef, 0xff, 0x7e, 0xef, 0xff, 0x74, 0x84, 0xff, 0x33, 0x74, 0xff, 0x7e, 0xef, 0xff,
    0x7e, 0xef, 0xff, 0x7e, 0xef, 0xff, 0xd8, 0xb5, 0xff, 0xb1, 0x63, 0xff, 0x7e, 0xef, 0xff, 0xb1, 0x63, 0xff, 0x56, 0x9d, 0xff, 0xb1, 0x63, 0xff,
    0x33, 0x74, 0xff, 0xfc, 0xde, 0xff, 0xb1, 0x63, 0xff, 0x5a, 0xc6, 0xff, 0x33, 0x74, 0xff, 0x56, 0x9d, 0xff, 0xd8, 0xb5, 0xff, 0xb1, 0x63, 0xff,
    0x5a, 0xc6, 0xff, 0xff, 0xff, 0xff, 0x97, 0xad, 0xff, 0xb1, 0x63, 0xff, 0x97, 0xa5, 0xff, 0xff, 0xff, 0xff, 0xff, 0xff, 0xff, 0xff, 0xff, 0xff,
    0xff, 0xff, 0xff, 0xff, 0xff, 0xff, 0xff, 0xff, 0xff, 0xff, 0xff, 0xff, 0x33, 0x74, 0xff, 0xb1, 0x63, 0xff, 0xb1, 0x63, 0xff, 0xb1, 0x63, 0xff,
    0xb1, 0x63, 0xff, 0xf2, 0x6b, 0xff, 0x19, 0xbe, 0xff, 0xff, 0xff, 0xff, 0xff, 0xff, 0xff, 0x33, 0x74, 0xff, 0x19, 0xbe, 0xff, 0xff, 0xff, 0xff,
    0xff, 0xff, 0xff, 0xff, 0xff, 0xff, 0xfc, 0xde, 0xff, 0xb1, 0x63, 0xff, 0xfc, 0xde, 0xff, 0x7a, 0xc6, 0xff, 0x7a, 0xc6, 0xff, 0x7a, 0xc6, 0xff,
    0x7a, 0xc6, 0xff, 0x7a, 0xc6, 0xff, 0x7a, 0xc6, 0xff, 0x7a, 0xc6, 0xff, 0x7a, 0xc6, 0xff, 0x7a, 0xc6, 0xff, 0xbf, 0xf7, 0xff, 0xff, 0xff, 0xff,
    0xff, 0xff, 0xff, 0xb1, 0x63, 0xff, 0xb1, 0x63, 0xff, 0xb1, 0x63, 0xff, 0xb1, 0x63, 0xff, 0xb1, 0x63, 0xff, 0xb1, 0x63, 0xff, 0xb1, 0x63, 0xff,
    0xb1, 0x63, 0xff, 0xb1, 0x63, 0xff, 0xfc, 0xde, 0xff, 0xff, 0xff, 0xff, 0xbe, 0xf7, 0xff, 0x97, 0xa5, 0xff, 0xf2, 0x6b, 0xff, 0xb1, 0x63, 0xff,
    0xb1, 0x63, 0xff, 0xbb, 0xce, 0xff, 0x74, 0x84, 0xff, 0x33, 0x74, 0xff, 0x33, 0x74, 0xff, 0x33, 0x74, 0xff, 0x33, 0x74, 0xff, 0x33, 0x74, 0xff,
    0x33, 0x74, 0xff, 0x7e, 0xef, 0xff, 0xff, 0xff, 0xff, 0xbb, 0xce, 0xff, 0x33, 0x74, 0xff, 0x33, 0x74, 0xff, 0xf2, 0x6b, 0xff, 0xb1, 0x63, 0xff,
    0x33, 0x74, 0xff, 0x33, 0x74, 0xff, 0x97, 0xa5, 0xff, 0xd8, 0xb5, 0xff, 0xb1, 0x63, 0xff, 0x7e, 0xef, 0xff, 0xb1, 0x63, 0xff, 0x56, 0x9d, 0xff,
    0xb1, 0x63, 0xff, 0x33, 0x74, 0xff, 0xff, 0xff, 0xff, 0xf2, 0x6b, 0xff, 0xf2, 0x6b, 0xff, 0xb1, 0x63, 0xff, 0xfc, 0xde, 0xff, 0xd8, 0xb5, 0xff,
    0xb1, 0x63, 0xff, 0x5a, 0xc6, 0xff, 0xff, 0xff, 0xff, 0x19, 0xbe, 0xff, 0xb1, 0x63, 0xff, 0xd4, 0x8c, 0xff, 0xff, 0xff, 0xff, 0xff, 0xff, 0xff,
    0xff, 0xff, 0xff, 0xff, 0xff, 0xff, 0xff, 0xff, 0xff, 0xff, 0xff, 0xff, 0xff, 0xff, 0xff, 0x33, 0x74, 0xff, 0xb1, 0x63, 0xff, 0xd8, 0xb5, 0xff,
    0x7a, 0xc6, 0xff, 0xbb, 0xce, 0xff, 0xbf, 0xf7, 0xff, 0xff, 0xff, 0xff, 0xff, 0xff, 0xff, 0x3d, 0xe7, 0xff, 0xb1, 0x63, 0xff, 0xfc, 0xde, 0xff,
    0xff, 0xff, 0xff, 0xff, 0xff, 0xff, 0xff, 0xff, 0xff, 0xfc, 0xde, 0xff, 0xb1, 0x63, 0xff, 0xfc, 0xde, 0xff, 0xff, 0xff, 0xff, 0x33, 0x74, 0xff,
    0x33, 0x74, 0xff, 0x33, 0x74, 0xff, 0x33, 0x74, 0xff, 0x33, 0x74, 0xff, 0x33, 0x74, 0xff, 0x33, 0x74, 0xff, 0x3d, 0xe7, 0xff, 0xff, 0xff, 0xff,
    0xff, 0xff, 0xff, 0xff, 0xff, 0xff, 0xb1, 0x63, 0xff, 0xd4, 0x8c, 0xff, 0xfc, 0xde, 0xff, 0xfc, 0xde, 0xff, 0xfc, 0xde, 0xff, 0xfc, 0xde, 0xff,
    0xfc, 0xde, 0xff, 0x56, 0x9d, 0xff, 0xb1, 0x63, 0xff, 0xfc, 0xde, 0xff, 0xff, 0xff, 0xff, 0xff, 0xff, 0xff, 0xf2, 0x6b, 0xff, 0xf2, 0x6b, 0xff,
    0xb1, 0x63, 0xff, 0xbf, 0xf7, 0xff, 0xff, 0xff, 0xff, 0x97, 0xa5, 0xff, 0x56, 0x9d, 0xff, 0xb4, 0x8c, 0xff, 0xb1, 0x63, 0xff, 0x74, 0x84, 0xff,
    0x56, 0x9d, 0xff, 0x56, 0x9d, 0xff, 0xbf, 0xf7, 0xff, 0xff, 0xff, 0xff, 0x7a, 0xc6, 0xff, 0xb1, 0x63, 0xff, 0x15, 0x95, 0xff, 0xf2, 0x6b, 0xff,
    0xf2, 0x6b, 0xff, 0x56, 0x9d, 0xff, 0xf2, 0x6b, 0xff, 0x56, 0x9d, 0xff, 0xd8, 0xb5, 0xff, 0xb1, 0x63, 0xff, 0x7e, 0xef, 0xff, 0xb1, 0x63, 0xff,
    0x56, 0x9d, 0xff, 0xb1, 0x63, 0xff, 0x33, 0x74, 0xff, 0xff, 0xff, 0xff, 0xd8, 0xb5, 0xff, 0xb1, 0x63, 0xff, 0x33, 0x74, 0xff, 0xff, 0xff, 0xff,
    0xd8, 0xb5, 0xff, 0xb1, 0x63, 0xff, 0x5a, 0xc6, 0xff, 0xff, 0xff, 0xff, 0xbe, 0xf7, 0xff, 0xb1, 0x63, 0xff, 0xb1, 0x63, 0xff, 0xfc, 0xde, 0xff,
    0xff, 0xff, 0xff, 0xff, 0xff, 0xff, 0xbf, 0xf7, 0xff, 0xfc, 0xde, 0xff, 0xff, 0xff, 0xff, 0xff, 0xff, 0xff, 0x33, 0x74, 0xff, 0xb1, 0x63, 0xff,
    0xfc, 0xde, 0xff, 0xff, 0xff, 0xff, 0xff, 0xff, 0xff, 0xff, 0xff, 0xff, 0xff, 0xff, 0xff, 0xff, 0xff, 0xff, 0x5a, 0xc6, 0xff, 0xf2, 0x6b, 0xff,
    0xff, 0xff, 0xff, 0xff, 0xff, 0xff, 0xff, 0xff, 0xff, 0xff, 0xff, 0xff, 0xfc, 0xde, 0xff, 0xb1, 0x63, 0xff, 0xbb, 0xce, 0xff, 0xfc, 0xde, 0xff,
    0xb1, 0x63, 0xff, 0x74, 0x84, 0xff, 0x56, 0x9d, 0xff, 0x56, 0x9d, 0xff, 0x56, 0x9d, 0xff, 0x74, 0x84, 0xff, 0xb1, 0x63, 0xff, 0xfc, 0xde, 0xff,
    0xff, 0xff, 0xff, 0xff, 0xff, 0xff, 0xff, 0xff, 0xff, 0xb1, 0x63, 0xff, 0xf2, 0x6b, 0xff, 0x33, 0x74, 0xff, 0x33, 0x74, 0xff, 0x33, 0x74, 0xff,
    0x33, 0x74, 0xff, 0x33, 0x74, 0xff, 0xf2, 0x6b, 0xff, 0xb1, 0x63, 0xff, 0xfc, 0xde, 0xff, 0xff, 0xff, 0xff, 0xff, 0xff, 0xff, 0xbf, 0xf7, 0xff,
    0xd8, 0xb5, 0xff, 0xb1, 0x63, 0xff, 0xff, 0xff, 0xff, 0xff, 0xff, 0xff, 0xff, 0xff, 0xff, 0xff, 0xff, 0xff, 0xfc, 0xde, 0xff, 0xb1, 0x63, 0xff,
    0xd8, 0xb5, 0xff, 0xff, 0xff, 0xff, 0xff, 0xff, 0xff, 0xff, 0xff, 0xff, 0xff, 0xff, 0xff, 0x7a, 0xc6, 0xff, 0xb1, 0x63, 0xff, 0x7e, 0xef, 0xff,
    0xb4, 0x8c, 0xff, 0x33, 0x74, 0xff, 0xff, 0xff, 0xff, 0x33, 0x74, 0xff, 0x56, 0x9d, 0xff, 0x7e, 0xef, 0xff, 0xfc, 0xde, 0xff, 0xff, 0xff, 0xff,
    0xb1, 0x63, 0xff, 0x56, 0x9d, 0xff, 0xb1, 0x63, 0xff, 0x33, 0x74, 0xff, 0xff, 0xff, 0xff, 0x7e, 0xef, 0xff, 0xb1, 0x63, 0xff, 0xd8, 0xb5, 0xff,
    0xff, 0xff, 0xff, 0xd8, 0xb5, 0xff, 0xb1, 0x63, 0xff, 0x5a, 0xc6, 0xff, 0xff, 0xff, 0xff, 0xff, 0xff, 0xff, 0x19, 0xbe, 0xff, 0xb1, 0x63, 0xff,
    0xb1, 0x63, 0xff, 0x15, 0x95, 0xff, 0x97, 0xa5, 0xff, 0x33, 0x74, 0xff, 0xb1, 0x63, 0xff, 0x3d, 0xe7, 0xff, 0xff, 0xff, 0xff, 0x33, 0x74, 0xff,
    0xb1, 0x63, 0xff, 0xfc, 0xde, 0xff, 0xff, 0xff, 0xff, 0xff, 0xff, 0xff, 0xff, 0xff, 0xff, 0xff, 0xff, 0xff, 0xff, 0xff, 0xff, 0xf5, 0x94, 0xff,
    0xd4, 0x8c, 0xff, 0xff, 0xff, 0xff, 0xff, 0xff, 0xff, 0xff, 0xff, 0xff, 0xff, 0xff, 0xff, 0xbb, 0xce, 0xff, 0xb1, 0x63, 0xff, 0xb1, 0x63, 0xff,
    0x33, 0x74, 0xff, 0xb1, 0x63, 0xff, 0xd8, 0xb5, 0xff, 0xff, 0xff, 0xff, 0xff, 0xff, 0xff, 0xff, 0xff, 0xff, 0xd8, 0xb5, 0xff, 0xb1, 0x63, 0xff,
    0xfc, 0xde, 0xff, 0xff, 0xff, 0xff, 0xff, 0xff, 0xff, 0xff, 0xff, 0xff, 0xb1, 0x63, 0xff, 0x74, 0x84, 0xff, 0xd8, 0xb5, 0xff, 0xd8, 0xb5, 0xff,
    0xd8, 0xb5, 0xff, 0xd8, 0xb5, 0xff, 0xd8, 0xb5, 0xff, 0xb4, 0x8c, 0xff, 0xb1, 0x63, 0xff, 0xfc, 0xde, 0xff, 0xff, 0xff, 0xff, 0xff, 0xff, 0xff,
    0xff, 0xff, 0xff, 0xd8, 0xb5, 0xff, 0xb1, 0x63, 0xff, 0xff, 0xff, 0xff, 0xff, 0xff, 0xff, 0xff, 0xff, 0xff, 0xff, 0xff, 0xff, 0xfc, 0xde, 0xff,
    0xb1, 0x63, 0xff, 0xd8, 0xb5, 0xff, 0xff, 0xff, 0xff, 0xff, 0xff, 0xff, 0xff, 0xff, 0xff, 0xff, 0xff, 0xff, 0x7a, 0xc6, 0xff, 0xb1, 0x63, 0xff,
    0x7e, 0xef, 0xff, 0xb4, 0x8c, 0xff, 0x33, 0x74, 0xff, 0x7e, 0xef, 0xff, 0xf2, 0x6b, 0xff, 0x56, 0x9d, 0xff, 0xff, 0xff, 0xff, 0xff, 0xff, 0xff,
    0xff, 0xff, 0xff, 0xb1, 0x63, 0xff, 0x56, 0x9d, 0xff, 0xb1, 0x63, 0xff, 0x33, 0x74, 0xff, 0xff, 0xff, 0xff, 0xff, 0xff, 0xff, 0x7e, 0xef, 0xff,
    0xbf, 0xf7, 0xff, 0xff, 0xff, 0xff, 0xd8, 0xb5, 0xff, 0xb1, 0x63, 0xff, 0x5a, 0xc6, 0xff, 0xff, 0xff, 0xff, 0xff, 0xff, 0xff, 0xff, 0xff, 0xff,
    0xd8, 0xb5, 0xff, 0x33, 0x74, 0xff, 0xb1, 0x63, 0xff, 0xb1, 0x63, 0xff, 0xb1, 0x63, 0xff, 0x97, 0xa5, 0xff, 0xff, 0xff, 0xff, 0xff, 0xff, 0xff,
    0x33, 0x74, 0xff, 0xb1, 0x63, 0xff, 0xfc, 0xde, 0xff, 0xff, 0xff, 0xff, 0xff, 0xff, 0xff, 0xff, 0xff, 0xff, 0xff, 0xff, 0xff, 0xff, 0xff, 0xff,
    0x33, 0x74, 0xff, 0x19, 0xbe, 0xff, 0xff, 0xff, 0xff, 0xff, 0xff, 0xff, 0xff, 0xff, 0xff, 0xff, 0xff, 0xff, 0xb4, 0x8c, 0xff, 0xb1, 0x63, 0xff,
    0x74, 0x84, 0xff, 0x7e, 0xef, 0xff, 0xb1, 0x63, 0xff, 0x74, 0x84, 0xff, 0x56, 0x9d, 0xff, 0x56, 0x9d, 0xff, 0x56, 0x9d, 0xff, 0x74, 0x84, 0xff,
    0xb1, 0x63, 0xff, 0xfc, 0xde, 0xff, 0xff, 0xff, 0xff, 0xff, 0xff, 0xff, 0xff, 0xff, 0xff, 0xb1, 0x63, 0xff, 0x74, 0x84, 0xff, 0xd8, 0xb5, 0xff,
    0xd8, 0xb5, 0xff, 0xd8, 0xb5, 0xff, 0xd8, 0xb5, 0xff, 0xd8, 0xb5, 0xff, 0xb4, 0x8c, 0xff, 0xb1, 0x63, 0xff, 0xfc, 0xde, 0xff, 0xff, 0xff, 0xff,
    0xff, 0xff, 0xff, 0x5a, 0xc6, 0xff, 0xb4, 0x8c, 0xff, 0xb1, 0x63, 0xff, 0xff, 0xff, 0xff, 0x97, 0xad, 0xff, 0x56, 0x9d, 0xff, 0x56, 0x9d, 0xff,
    0x15, 0x95, 0xff, 0xb1, 0x63, 0xff, 0x74, 0x84, 0xff, 0x56, 0x9d, 0xff, 0x56, 0x9d, 0xff, 0x56, 0x9d, 0xff, 0xbf, 0xf7, 0xff, 0x7a, 0xc6, 0xff,
    0xb1, 0x63, 0xff, 0x7e, 0xef, 0xff, 0xb4, 0x8c, 0xff, 0x33, 0x74, 0xff, 0xb4, 0x8c, 0xff, 0xb1, 0x63, 0xff, 0x5a, 0xc6, 0xff, 0xff, 0xff, 0xff,
    0xbb, 0xce, 0xff, 0x7a, 0xc6, 0xff, 0xb1, 0x63, 0xff, 0x56, 0x9d, 0xff, 0xff, 0xff, 0xff, 0xff, 0xff, 0xff, 0xff, 0xff, 0xff, 0xff, 0xff, 0xff,
    0xff, 0xff, 0xff, 0xff, 0xff, 0xff, 0xff, 0xff, 0xff, 0xff, 0xff, 0xff, 0xff, 0xff, 0xff, 0xff, 0xff, 0xff, 0xff, 0xff, 0xff, 0xff, 0xff, 0xff,
    0xff, 0xff, 0xff, 0xff, 0xff, 0xff, 0xff, 0xff, 0xff, 0xfc, 0xde, 0xff, 0xfc, 0xde, 0xff, 0xbf, 0xf7, 0xff, 0xff, 0xff, 0xff, 0xff, 0xff, 0xff,
    0xff, 0xff, 0xff, 0xff, 0xff, 0xff, 0xff, 0xff, 0xff, 0xff, 0xff, 0xff, 0xff, 0xff, 0xff, 0xff, 0xff, 0xff, 0xff, 0xff, 0xff, 0xff, 0xff, 0xff,
    0x3d, 0xe7, 0xff, 0xb1, 0x63, 0xff, 0xfc, 0xde, 0xff, 0xff, 0xff, 0xff, 0xff, 0xff, 0xff, 0xff, 0xff, 0xff, 0xff, 0xff, 0xff, 0xd8, 0xb5, 0xff,
    0x97, 0xa5, 0xff, 0xbf, 0xf7, 0xff, 0xff, 0xff, 0xff, 0xb1, 0x63, 0xff, 0xf2, 0x6b, 0xff, 0x33, 0x74, 0xff, 0x33, 0x74, 0xff, 0x33, 0x74, 0xff,
    0xf2, 0x6b, 0xff, 0xb1, 0x63, 0xff, 0xfc, 0xde, 0xff, 0xff, 0xff, 0xff, 0xff, 0xff, 0xff, 0xff, 0xff, 0xff, 0xb1, 0x63, 0xff, 0xf2, 0x6b, 0xff,
    0x33, 0x74, 0xff, 0x33, 0x74, 0xff, 0x33, 0x74, 0xff, 0x33, 0x74, 0xff, 0x33, 0x74, 0xff, 0xf2, 0x6b, 0xff, 0xb1, 0x63, 0xff, 0xfc, 0xde, 0xff,
    0xff, 0xff, 0xff, 0xff, 0xff, 0xff, 0x97, 0xad, 0xff, 0xb1, 0x63, 0xff, 0xb4, 0x8c, 0xff, 0xff, 0xff, 0xff, 0xb4, 0x8c, 0xff, 0x33, 0x74, 0xff,
    0x33, 0x74, 0xff, 0x33, 0x74, 0xff, 0x33, 0x74, 0xff, 0x33, 0x74, 0xff, 0x33, 0x74, 0xff, 0x33, 0x74, 0xff, 0x33, 0x74, 0xff, 0x7e, 0xef, 0xff,
    0xbf, 0xf7, 0xff, 0x7e, 0xef, 0xff, 0xff, 0xff, 0xff, 0xb4, 0x8c, 0xff, 0x33, 0x74, 0xff, 0x3d, 0xe7, 0xff, 0x3d, 0xe7, 0xff, 0xff, 0xff, 0xff,
    0xff, 0xff, 0xff, 0x56, 0x9d, 0xff, 0xb1, 0x63, 0xff, 0xb1, 0x63, 0xff, 0x5a, 0xc6, 0xff, 0xff, 0xff, 0xff, 0xff, 0xff, 0xff, 0xff, 0xff, 0xff,
    0xff, 0xff, 0xff, 0xff, 0xff, 0xff, 0xff, 0xff, 0xff, 0xff, 0xff, 0xff, 0xff, 0xff, 0xff, 0xff, 0xff, 0xff, 0xff, 0xff, 0xff, 0xff, 0xff, 0xff,
    0xff, 0xff, 0xff, 0xff, 0xff, 0xff, 0xff, 0xff, 0xff, 0xff, 0xff, 0xff, 0xff, 0xff, 0xff, 0xff, 0xff, 0xff, 0xff, 0xff, 0xff, 0xff, 0xff, 0xff,
    0xff, 0xff, 0xff, 0xff, 0xff, 0xff, 0xff, 0xff, 0xff, 0xff, 0xff, 0xff, 0xff, 0xff, 0xff, 0xff, 0xff, 0xff, 0xff, 0xff, 0xff, 0xff, 0xff, 0xff,
    0xff, 0xff, 0xff, 0x5a, 0xc6, 0xff, 0xf2, 0x6b, 0xff, 0xff, 0xff, 0xff, 0xff, 0xff, 0xff, 0xff, 0xff, 0xff, 0xff, 0xff, 0xff, 0xff, 0xff, 0xff,
    0xff, 0xff, 0xff, 0xff, 0xff, 0xff, 0xff, 0xff, 0xff, 0xff, 0xff, 0xff, 0xfc, 0xde, 0xff, 0x7e, 0xef, 0xff, 0xff, 0xff, 0xff, 0xff, 0xff, 0xff,
    0xff, 0xff, 0xff, 0x7e, 0xef, 0xff, 0xfc, 0xde, 0xff, 0xbf, 0xf7, 0xff, 0xff, 0xff, 0xff, 0xff, 0xff, 0xff, 0xff, 0xff, 0xff, 0x7a, 0xc6, 0xff,
    0xfc, 0xde, 0xff, 0xff, 0xff, 0xff, 0xff, 0xff, 0xff, 0xff, 0xff, 0xff, 0xff, 0xff, 0xff, 0xff, 0xff, 0xff, 0x3d, 0xe7, 0xff, 0x7a, 0xc6, 0xff,
    0x7e, 0xef, 0xff, 0xff, 0xff, 0xff, 0xff, 0xff, 0xff, 0xbf, 0xf7, 0xff, 0xbf, 0xf7, 0xff, 0xff, 0xff, 0xff, 0xff, 0xff, 0xff, 0xff, 0xff, 0xff,
    0xff, 0xff, 0xff, 0xff, 0xff, 0xff, 0xff, 0xff, 0xff, 0xff, 0xff, 0xff, 0xff, 0xff, 0xff, 0xff, 0xff, 0xff, 0xff, 0xff, 0xff, 0xff, 0xff, 0xff,
    0xff, 0xff, 0xff, 0xff, 0xff, 0xff, 0xff, 0xff, 0xff, 0xff, 0xff, 0xff, 0x3d, 0xe7, 0xff, 0x3d, 0xe7, 0xff, 0xff, 0xff, 0xff, 0xff, 0xff, 0xff,
    0xff, 0xff, 0xff, 0xff, 0xff, 0xff, 0x7e, 0xef, 0xff, 0xfc, 0xde, 0xff, 0x7e, 0xef, 0xff, 0xff, 0xff, 0xff, 0xff, 0xff, 0xff, 0xff, 0xff, 0xff,
    0xff, 0xff, 0xff, 0xff, 0xff, 0xff, 0xff, 0xff, 0xff, 0xff, 0xff, 0xff, 0xff, 0xff, 0xff, 0xff, 0xff, 0xff, 0xff, 0xff, 0xff, 0xff, 0xff, 0xff,
    0xff, 0xff, 0xff, 0xff, 0xff, 0xff, 0xff, 0xff, 0xff, 0xff, 0xff, 0xff, 0xff, 0xff, 0xff, 0xff, 0xff, 0xff, 0xff, 0xff, 0xff, 0xff, 0xff, 0xff,
    0xff, 0xff, 0xff, 0xff, 0xff, 0xff, 0xff, 0xff, 0xff, 0xff, 0xff, 0xff, 0xff, 0xff, 0xff, 0xff, 0xff, 0xff, 0xff, 0xff, 0xff, 0xff, 0xff, 0xff,
    0xff, 0xff, 0xff, 0xff, 0xff, 0xff, 0x5a, 0xc6, 0xff, 0xd8, 0xb5, 0xff, 0xff, 0xff, 0xff, 0xff, 0xff, 0xff, 0xff, 0xff, 0xff, 0xff, 0xff, 0xff,
    0xff, 0xff, 0xff, 0xff, 0xff, 0xff, 0xff, 0xff, 0xff, 0xff, 0xff, 0xff, 0xff, 0xff, 0xff, 0xff, 0xff, 0xff, 0xff, 0xff, 0xff, 0xff, 0xff, 0xff,
    0xff, 0xff, 0xff, 0xff, 0xff, 0xff, 0xff, 0xff, 0xff, 0xff, 0xff, 0xff, 0xff, 0xff, 0xff, 0xff, 0xff, 0xff, 0xff, 0xff, 0xff, 0xff, 0xff, 0xff,
    0xff, 0xff, 0xff, 0xff, 0xff, 0xff, 0xff, 0xff, 0xff, 0xff, 0xff, 0xff, 0xff, 0xff, 0xff, 0xff, 0xff, 0xff, 0xff, 0xff, 0xff, 0xff, 0xff, 0xff,
    0xff, 0xff, 0xff, 0xff, 0xff, 0xff, 0xff, 0xff, 0xff, 0xff, 0xff, 0xff, 0xff, 0xff, 0xff, 0xff, 0xff, 0xff, 0xff, 0xff, 0xff, 0xff, 0xff, 0xff,
    0xff, 0xff, 0xff, 0xff, 0xff, 0xff, 0xff, 0xff, 0xff, 0xff, 0xff, 0xff, 0xff, 0xff, 0xff, 0xff, 0xff, 0xff, 0xff, 0xff, 0xff, 0xff, 0xff, 0xff,
    0xff, 0xff, 0xff, 0xff, 0xff, 0xff, 0xff, 0xff, 0xff, 0xff, 0xff, 0xff, 0xff, 0xff, 0xff, 0xff, 0xff, 0xff, 0xff, 0xff, 0xff, 0xff, 0xff, 0xff,
    0xff, 0xff, 0xff, 0xff, 0xff, 0xff, 0xff, 0xff, 0xff, 0xff, 0xff, 0xff, 0xff, 0xff, 0xff, 0xff, 0xff, 0xff, 0xff, 0xff, 0xff,
};

const lv_img_dsc_t home_text_ai_desc_img = {
    .header.cf = LV_IMG_CF_TRUE_COLOR_ALPHA,
    .header.always_zero = 0,
    .header.reserved = 0,
    .header.w = 89,
    .header.h = 15,
    .data_size = 89 * 15 * LV_IMG_PX_SIZE_ALPHA_BYTE,
    .data = home_text_ai_desc_img_map,
};

static const LV_ATTRIBUTE_MEM_ALIGN LV_ATTRIBUTE_LARGE_CONST uint8_t home_text_settings_img_map[] = {
    0xff, 0xff, 0xff, 0xff, 0xff, 0xff, 0xb0, 0x6b, 0xff, 0x93, 0x84, 0xff, 0xff, 0xff, 0xff, 0xff, 0xff, 0xff, 0xff, 0xff, 0xff, 0xff, 0xff, 0xff,
    0x59, 0xc6, 0xff, 0xb0, 0x6b, 0xff, 0xb0, 0x6b, 0xff, 0xb0, 0x6b, 0xff, 0xb0, 0x6b, 0xff, 0xb0, 0x6b, 0xff, 0xb0, 0x6b, 0xff, 0x32, 0x7c, 0xff,
    0xff, 0xff, 0xff, 0xff, 0xff, 0xff, 0xff, 0xff, 0xff, 0xff, 0xff, 0xff, 0xff, 0xff, 0xff, 0xd8, 0xb5, 0xff, 0x93, 0x84, 0xff, 0x93, 0x84, 0xff,
    0x93, 0x84, 0xff, 0x93, 0x84, 0xff, 0x93, 0x84, 0xff, 0x93, 0x84, 0xff, 0x93, 0x84, 0xff, 0x93, 0x84, 0xff, 0x93, 0x84, 0xff, 0x93, 0x84, 0xff,
    0x93, 0x84, 0xff, 0x93, 0x84, 0xff, 0x93, 0x84, 0xff, 0x93, 0x84, 0xff, 0x93, 0x84, 0xff, 0xbb, 0xd6, 0xff, 0xff, 0xff, 0xff, 0xff, 0xff, 0xff,
    0xd8, 0xb5, 0xff, 0x27, 0x11, 0xff, 0x27, 0x11, 0xff, 0x93, 0x84, 0xff, 0xff, 0xff, 0xff, 0xff, 0xff, 0xff, 0xff, 0xff, 0xff, 0x76, 0xa5, 0xff,
    0x27, 0x11, 0xff, 0x27, 0x11, 0xff, 0x27, 0x11, 0xff, 0x27, 0x11, 0xff, 0x27, 0x11, 0xff, 0x27, 0x11, 0xff, 0xea, 0x29, 0xff, 0xff, 0xff, 0xff,
    0xff, 0xff, 0xff, 0xff, 0xff, 0xff, 0xff, 0xff, 0xff, 0xff, 0xff, 0xff, 0xb0, 0x6b, 0xff, 0x27, 0x11, 0xff, 0x27, 0x11, 0xff, 0x27, 0x11, 0xff,
    0x27, 0x11, 0xff, 0x27, 0x11, 0xff, 0x27, 0x11, 0xff, 0x27, 0x11, 0xff, 0x27, 0x11, 0xff, 0x27, 0x11, 0xff, 0x27, 0x11, 0xff, 0x27, 0x11, 0xff,
    0x27, 0x11, 0xff, 0x27, 0x11, 0xff, 0x27, 0x11, 0xff, 0x27, 0x11, 0xff, 0x76, 0xa5, 0xff, 0xff, 0xff, 0xff, 0xff, 0xff, 0xff, 0xff, 0xff, 0xff,
    0x93, 0x84, 0xff, 0x27, 0x11, 0xff, 0x27, 0x11, 0xff, 0x93, 0x84, 0xff, 0xff, 0xff, 0xff, 0xff, 0xff, 0xff, 0x76, 0xa5, 0xff, 0x27, 0x11, 0xff,
    0x89, 0x19, 0xff, 0xb0, 0x6b, 0xff, 0xb0, 0x6b, 0xff, 0xcd, 0x4a, 0xff, 0x27, 0x11, 0xff, 0xea, 0x29, 0xff, 0xff, 0xff, 0xff, 0xff, 0xff, 0xff,
    0xff, 0xff, 0xff, 0xff, 0xff, 0xff, 0xff, 0xff, 0xff, 0xb0, 0x6b, 0xff, 0x27, 0x11, 0xff, 0xcd, 0x4a, 0xff, 0xff, 0xff, 0xff, 0x1c, 0xe7, 0xff,
    0x27, 0x11, 0xff, 0x27, 0x11, 0xff, 0x1c, 0xe7, 0xff, 0xff, 0xff, 0xff, 0xb0, 0x6b, 0xff, 0x27, 0x11, 0xff, 0xb0, 0x6b, 0xff, 0xff, 0xff, 0xff,
    0x1c, 0xe7, 0xff, 0x27, 0x11, 0xff, 0x27, 0x11, 0xff, 0x76, 0xa5, 0xff, 0xff, 0xff, 0xff, 0xff, 0xff, 0xff, 0xff, 0xff, 0xff, 0xff, 0xff, 0xff,
    0x93, 0x84, 0xff, 0x27, 0x11, 0xff, 0x12, 0x7c, 0xff, 0xff, 0xff, 0xff, 0xff, 0xff, 0xff, 0xf5, 0x94, 0xff, 0x27, 0x11, 0xff, 0x6c, 0x3a, 0xff,
    0xff, 0xff, 0xff, 0xff, 0xff, 0xff, 0x76, 0xa5, 0xff, 0x27, 0x11, 0xff, 0xea, 0x29, 0xff, 0xff, 0xff, 0xff, 0xff, 0xff, 0xff, 0xff, 0xff, 0xff,
    0xff, 0xff, 0xff, 0xff, 0xff, 0xff, 0xb0, 0x6b, 0xff, 0x27, 0x11, 0xff, 0x89, 0x19, 0xff, 0xcd, 0x4a, 0xff, 0x6c, 0x3a, 0xff, 0x27, 0x11, 0xff,
    0x27, 0x11, 0xff, 0xcd, 0x4a, 0xff, 0xcd, 0x4a, 0xff, 0x89, 0x19, 0xff, 0x27, 0x11, 0xff, 0xea, 0x29, 0xff, 0xcd, 0x4a, 0xff, 0x6c, 0x3a, 0xff,
    0x27, 0x11, 0xff, 0x27, 0x11, 0xff, 0x76, 0xa5, 0xff, 0xff, 0xff, 0xff, 0xff, 0xff, 0xff, 0xff, 0xff, 0xff, 0xff, 0xff, 0xff, 0xff, 0xff, 0xff,
    0xf5, 0x94, 0xff, 0xff, 0xff, 0xff, 0xff, 0xff, 0xff, 0xff, 0xff, 0xff, 0x4f, 0x5b, 0xff, 0x27, 0x11, 0xff, 0x2f, 0x5b, 0xff, 0xff, 0xff, 0xff,
    0xff, 0xff, 0xff, 0x76, 0xa5, 0xff, 0x27, 0x11, 0xff, 0xea, 0x29, 0xff, 0xff, 0xff, 0xff, 0xff, 0xff, 0xff, 0xff, 0xff, 0xff, 0xff, 0xff, 0xff,
    0xff, 0xff, 0xff, 0x12, 0x7c, 0xff, 0xea, 0x29, 0xff, 0xea, 0x29, 0xff, 0xea, 0x29, 0xff, 0xea, 0x29, 0xff, 0xea, 0x29, 0xff, 0xea, 0x29, 0xff,
    0x27, 0x11, 0xff, 0x27, 0x11, 0xff, 0x89, 0x19, 0xff, 0xea, 0x29, 0xff, 0xea, 0x29, 0xff, 0xea, 0x29, 0xff, 0xea, 0x29, 0xff, 0xea, 0x29, 0xff,
    0xea, 0x29, 0xff, 0xd8, 0xb5, 0xff, 0xff, 0xff, 0xff, 0x1c, 0xe7, 0xff, 0x1c, 0xe7, 0xff, 0x1c, 0xe7, 0xff, 0x1c, 0xe7, 0xff, 0x9e, 0xf7, 0xff,
    0xff, 0xff, 0xff, 0xff, 0xff, 0xff, 0x93, 0x84, 0xff, 0x27, 0x11, 0xff, 0x27, 0x11, 0xff, 0x76, 0xa5, 0xff, 0xff, 0xff, 0xff, 0xff, 0xff, 0xff,
    0x76, 0xa5, 0xff, 0x27, 0x11, 0xff, 0x89, 0x19, 0xff, 0x76, 0xa5, 0xff, 0x76, 0xa5, 0xff, 0xbb, 0xd6, 0xff, 0xff, 0xff, 0xff, 0x3c, 0xe7, 0xff,
    0x76, 0xa5, 0xff, 0x76, 0xa5, 0xff, 0x76, 0xa5, 0xff, 0x76, 0xa5, 0xff, 0x76, 0xa5, 0xff, 0x76, 0xa5, 0xff, 0xf5, 0x94, 0xff, 0x27, 0x11, 0xff,
    0x27, 0x11, 0xff, 0xb0, 0x6b, 0xff, 0x76, 0xa5, 0xff, 0x76, 0xa5, 0xff, 0x76, 0xa5, 0xff, 0x76, 0xa5, 0xff, 0x76, 0xa5, 0xff, 0x76, 0xa5, 0xff,
    0x59, 0xc6, 0xff, 0xff, 0xff, 0xff, 0x27, 0x11, 0xff, 0x27, 0x11, 0xff, 0x27, 0x11, 0xff, 0x27, 0x11, 0xff, 0xcd, 0x4a, 0xff, 0xff, 0xff, 0xff,
    0xcd, 0x4a, 0xff, 0x27, 0x11, 0xff, 0x27, 0x11, 0xff, 0x4f, 0x5b, 0xff, 0xff, 0xff, 0xff, 0xff, 0xff, 0xff, 0xff, 0xff, 0xff, 0xbb, 0xd6, 0xff,
    0x27, 0x11, 0xff, 0x27, 0x11, 0xff, 0x27, 0x11, 0xff, 0x27, 0x11, 0xff, 0x76, 0xa5, 0xff, 0xff, 0xff, 0xff, 0x76, 0xa5, 0xff, 0x27, 0x11, 0xff,
    0x27, 0x11, 0xff, 0x27, 0x11, 0xff, 0x27, 0x11, 0xff, 0x27, 0x11, 0xff, 0x27, 0x11, 0xff, 0x27, 0x11, 0xff, 0x27, 0x11, 0xff, 0x27, 0x11, 0xff,
    0x27, 0x11, 0xff, 0x27, 0x11, 0xff, 0x27, 0x11, 0xff, 0x27, 0x11, 0xff, 0x27, 0x11, 0xff, 0x27, 0x11, 0xff, 0x27, 0x11, 0xff, 0xcd, 0x4a, 0xff,
    0xff, 0xff, 0xff, 0x27, 0x11, 0xff, 0x27, 0x11, 0xff, 0x27, 0x11, 0xff, 0x27, 0x11, 0xff, 0xcd, 0x4a, 0xff, 0xff, 0xff, 0xff, 0x1c, 0xe7, 0xff,
    0x89, 0x19, 0xff, 0x12, 0x7c, 0xff, 0x9e, 0xf7, 0xff, 0xff, 0xff, 0xff, 0xff, 0xff, 0xff, 0xff, 0xff, 0xff, 0xff, 0xff, 0xff, 0x76, 0xa5, 0xff,
    0x12, 0x7c, 0xff, 0xb0, 0x6b, 0xff, 0xb0, 0x6b, 0xff, 0x59, 0xc6, 0xff, 0xff, 0xff, 0xff, 0x1c, 0xe7, 0xff, 0x76, 0xa5, 0xff, 0x76, 0xa5, 0xff,
    0x76, 0xa5, 0xff, 0x76, 0xa5, 0xff, 0x76, 0xa5, 0xff, 0x76, 0xa5, 0xff, 0xb0, 0x6b, 0xff, 0x27, 0x11, 0xff, 0x27, 0x11, 0xff, 0x76, 0xa5, 0xff,
    0x76, 0xa5, 0xff, 0x76, 0xa5, 0xff, 0x76, 0xa5, 0xff, 0x76, 0xa5, 0xff, 0x76, 0xa5, 0xff, 0x76, 0xa5, 0xff, 0xd8, 0xb5, 0xff, 0xff, 0xff, 0xff,
    0x39, 0xc6, 0xff, 0x39, 0xc6, 0xff, 0x2f, 0x5b, 0xff, 0x27, 0x11, 0xff, 0xcd, 0x4a, 0xff, 0xff, 0xff, 0xff, 0x9e, 0xf7, 0xff, 0xb0, 0x6b, 0xff,
    0x93, 0x84, 0xff, 0x93, 0x84, 0xff, 0x93, 0x84, 0xff, 0x93, 0x84, 0xff, 0x93, 0x84, 0xff, 0x93, 0x84, 0xff, 0x93, 0x84, 0xff, 0x12, 0x7c, 0xff,
    0x93, 0x84, 0xff, 0x3c, 0xe7, 0xff, 0xff, 0xff, 0xff, 0xff, 0xff, 0xff, 0xff, 0xff, 0xff, 0xff, 0xff, 0xff, 0xd8, 0xb5, 0xff, 0x0a, 0x2a, 0xff,
    0x0a, 0x2a, 0xff, 0x0a, 0x2a, 0xff, 0x0a, 0x2a, 0xff, 0x89, 0x19, 0xff, 0x27, 0x11, 0xff, 0x27, 0x11, 0xff, 0x0a, 0x2a, 0xff, 0x0a, 0x2a, 0xff,
    0x0a, 0x2a, 0xff, 0x0a, 0x2a, 0xff, 0x0a, 0x2a, 0xff, 0xcd, 0x4a, 0xff, 0xff, 0xff, 0xff, 0xff, 0xff, 0xff, 0xff, 0xff, 0xff, 0xff, 0xff, 0xff,
    0xff, 0xff, 0xff, 0xb0, 0x6b, 0xff, 0x27, 0x11, 0xff, 0xcd, 0x4a, 0xff, 0xff, 0xff, 0xff, 0x1c, 0xe7, 0xff, 0x27, 0x11, 0xff, 0x27, 0x11, 0xff,
    0x27, 0x11, 0xff, 0x27, 0x11, 0xff, 0x27, 0x11, 0xff, 0x27, 0x11, 0xff, 0x27, 0x11, 0xff, 0x27, 0x11, 0xff, 0x27, 0x11, 0xff, 0x27, 0x11, 0xff,
    0x76, 0xa5, 0xff, 0xff, 0xff, 0xff, 0xff, 0xff, 0xff, 0xff, 0xff, 0xff, 0xff, 0xff, 0xff, 0x76, 0xa5, 0xff, 0x27, 0x11, 0xff, 0x89, 0x19, 0xff,
    0xb0, 0x6b, 0xff, 0xb0, 0x6b, 0xff, 0xb0, 0x6b, 0xff, 0xb0, 0x6b, 0xff, 0xb0, 0x6b, 0xff, 0xb0, 0x6b, 0xff, 0xb0, 0x6b, 0xff, 0xb0, 0x6b, 0xff,
    0x6c, 0x3a, 0xff, 0x27, 0x11, 0xff, 0xea, 0x29, 0xff, 0xff, 0xff, 0xff, 0xff, 0xff, 0xff, 0xff, 0xff, 0xff, 0xff, 0xff, 0xff, 0xff, 0xff, 0xff,
    0xb0, 0x6b, 0xff, 0x27, 0x11, 0xff, 0xcd, 0x4a, 0xff, 0xff, 0xff, 0xff, 0x9e, 0xf7, 0xff, 0x2f, 0x5b, 0xff, 0x27, 0x11, 0xff, 0x89, 0x19, 0xff,
    0xb0, 0x6b, 0xff, 0xb0, 0x6b, 0xff, 0xb0, 0x6b, 0xff, 0xb0, 0x6b, 0xff, 0x6c, 0x3a, 0xff, 0x27, 0x11, 0xff, 0x27, 0x11, 0xff, 0x1c, 0xe7, 0xff,
    0xff, 0xff, 0xff, 0xff, 0xff, 0xff, 0xff, 0xff, 0xff, 0xff, 0xff, 0xff, 0x76, 0xa5, 0xff, 0x27, 0x11, 0xff, 0x89, 0x19, 0xff, 0xb0, 0x6b, 0xff,
    0xb0, 0x6b, 0xff, 0xb0, 0x6b, 0xff, 0xb0, 0x6b, 0xff, 0xb0, 0x6b, 0xff, 0xb0, 0x6b, 0xff, 0xb0, 0x6b, 0xff, 0xb0, 0x6b, 0xff, 0x6c, 0x3a, 0xff,
    0x27, 0x11, 0xff, 0xea, 0x29, 0xff, 0xff, 0xff, 0xff, 0xff, 0xff, 0xff, 0xff, 0xff, 0xff, 0xff, 0xff, 0xff, 0xff, 0xff, 0xff, 0xb0, 0x6b, 0xff,
    0x27, 0x11, 0xff, 0xcd, 0x4a, 0xff, 0xff, 0xff, 0xff, 0xff, 0xff, 0xff, 0x39, 0xc6, 0xff, 0x27, 0x11, 0xff, 0x27, 0x11, 0xff, 0x59, 0xc6, 0xff,
    0xff, 0xff, 0xff, 0xff, 0xff, 0xff, 0x3c, 0xe7, 0xff, 0xea, 0x29, 0xff, 0x27, 0x11, 0xff, 0xb0, 0x6b, 0xff, 0xff, 0xff, 0xff, 0xff, 0xff, 0xff,
    0xff, 0xff, 0xff, 0xff, 0xff, 0xff, 0xff, 0xff, 0xff, 0x76, 0xa5, 0xff, 0x27, 0x11, 0xff, 0x89, 0x19, 0xff, 0xb0, 0x6b, 0xff, 0xb0, 0x6b, 0xff,
    0xb0, 0x6b, 0xff, 0xb0, 0x6b, 0xff, 0xb0, 0x6b, 0xff, 0xb0, 0x6b, 0xff, 0xb0, 0x6b, 0xff, 0xb0, 0x6b, 0xff, 0x6c, 0x3a, 0xff, 0x27, 0x11, 0xff,
    0xea, 0x29, 0xff, 0xff, 0xff, 0xff, 0xff, 0xff, 0xff, 0xff, 0xff, 0xff, 0xff, 0xff, 0xff, 0xff, 0xff, 0xff, 0xb0, 0x6b, 0xff, 0x27, 0x11, 0xff,
    0xcd, 0x4a, 0xff, 0xbb, 0xd6, 0xff, 0xf5, 0x94, 0xff, 0xff, 0xff, 0xff, 0x32, 0x7c, 0xff, 0x27, 0x11, 0xff, 0x89, 0x19, 0xff, 0x3c, 0xe7, 0xff,
    0xff, 0xff, 0xff, 0x4f, 0x5b, 0xff, 0x27, 0x11, 0xff, 0xea, 0x29, 0xff, 0x1c, 0xe7, 0xff, 0xff, 0xff, 0xff, 0xff, 0xff, 0xff, 0xff, 0xff, 0xff,
    0xff, 0xff, 0xff, 0xff, 0xff, 0xff, 0x76, 0xa5, 0xff, 0x27, 0x11, 0xff, 0x89, 0x19, 0xff, 0xb0, 0x6b, 0xff, 0xb0, 0x6b, 0xff, 0xb0, 0x6b, 0xff,
    0xb0, 0x6b, 0xff, 0xb0, 0x6b, 0xff, 0xb0, 0x6b, 0xff, 0xb0, 0x6b, 0xff, 0xb0, 0x6b, 0xff, 0x6c, 0x3a, 0xff, 0x27, 0x11, 0xff, 0xea, 0x29, 0xff,
    0xff, 0xff, 0xff, 0xff, 0xff, 0xff, 0xff, 0xff, 0xff, 0xff, 0xff, 0xff, 0xff, 0xff, 0xff, 0xb0, 0x6b, 0xff, 0x27, 0x11, 0xff, 0x89, 0x19, 0xff,
    0x89, 0x19, 0xff, 0x89, 0x19, 0xff, 0x9e, 0xf7, 0xff, 0x9e, 0xf7, 0xff, 0xea, 0x29, 0xff, 0x27, 0x11, 0xff, 0xea, 0x29, 0xff, 0x4f, 0x5b, 0xff,
    0x27, 0x11, 0xff, 0x27, 0x11, 0xff, 0x76, 0xa5, 0xff, 0xff, 0xff, 0xff, 0xff, 0xff, 0xff, 0xff, 0xff, 0xff, 0xff, 0xff, 0xff, 0xff, 0xff, 0xff,
    0xff, 0xff, 0xff, 0x76, 0xa5, 0xff, 0x27, 0x11, 0xff, 0x89, 0x19, 0xff, 0x93, 0x84, 0xff, 0x93, 0x84, 0xff, 0x93, 0x84, 0xff, 0x93, 0x84, 0xff,
    0x93, 0x84, 0xff, 0x93, 0x84, 0xff, 0x93, 0x84, 0xff, 0x93, 0x84, 0xff, 0xcd, 0x4a, 0xff, 0x27, 0x11, 0xff, 0xea, 0x29, 0xff, 0xff, 0xff, 0xff,
    0xff, 0xff, 0xff, 0xff, 0xff, 0xff, 0xff, 0xff, 0xff, 0xff, 0xff, 0xff, 0x4f, 0x5b, 0xff, 0x27, 0x11, 0xff, 0x27, 0x11, 0xff, 0x27, 0x11, 0xff,
    0xcd, 0x4a, 0xff, 0x9e, 0xf7, 0xff, 0xff, 0xff, 0xff, 0x1c, 0xe7, 0xff, 0x89, 0x19, 0xff, 0x27, 0x11, 0xff, 0x27, 0x11, 0xff, 0x27, 0x11, 0xff,
    0x12, 0x7c, 0xff, 0xff, 0xff, 0xff, 0xff, 0xff, 0xff, 0xff, 0xff, 0xff, 0xff, 0xff, 0xff, 0xff, 0xff, 0xff, 0xff, 0xff, 0xff, 0xff, 0xff, 0xff,
    0x76, 0xa5, 0xff, 0x27, 0x11, 0xff, 0x89, 0x19, 0xff, 0xb0, 0x6b, 0xff, 0xb0, 0x6b, 0xff, 0xb0, 0x6b, 0xff, 0xb0, 0x6b, 0xff, 0xb0, 0x6b, 0xff,
    0xb0, 0x6b, 0xff, 0xb0, 0x6b, 0xff, 0xb0, 0x6b, 0xff, 0x6c, 0x3a, 0xff, 0x27, 0x11, 0xff, 0xea, 0x29, 0xff, 0xff, 0xff, 0xff, 0xff, 0xff, 0xff,
    0xff, 0xff, 0xff, 0xff, 0xff, 0xff, 0x3c, 0xe7, 0xff, 0xea, 0x29, 0xff, 0x27, 0x11, 0xff, 0x27, 0x11, 0xff, 0x12, 0x7c, 0xff, 0xff, 0xff, 0xff,
    0x9e, 0xf7, 0xff, 0xf5, 0x94, 0xff, 0xcd, 0x4a, 0xff, 0x27, 0x11, 0xff, 0x27, 0x11, 0xff, 0x27, 0x11, 0xff, 0x27, 0x11, 0xff, 0xea, 0x29, 0xff,
    0xb0, 0x6b, 0xff, 0xbb, 0xd6, 0xff, 0xff, 0xff, 0xff, 0xff, 0xff, 0xff, 0xff, 0xff, 0xff, 0xff, 0xff, 0xff, 0xff, 0xff, 0xff, 0x76, 0xa5, 0xff,
    0x27, 0x11, 0xff, 0x89, 0x19, 0xff, 0x93, 0x84, 0xff, 0x93, 0x84, 0xff, 0x93, 0x84, 0xff, 0x93, 0x84, 0xff, 0x93, 0x84, 0xff, 0x93, 0x84, 0xff,
    0x93, 0x84, 0xff, 0x93, 0x84, 0xff, 0xcd, 0x4a, 0xff, 0x27, 0x11, 0xff, 0xea, 0x29, 0xff, 0xff, 0xff, 0xff, 0xff, 0xff, 0xff, 0xff, 0xff, 0xff,
    0xff, 0xff, 0xff, 0x76, 0xa5, 0xff, 0x27, 0x11, 0xff, 0x27, 0x11, 0xff, 0x93, 0x84, 0xff, 0xbb, 0xd6, 0xff, 0xcd, 0x4a, 0xff, 0x27, 0x11, 0xff,
    0x27, 0x11, 0xff, 0x27, 0x11, 0xff, 0x27, 0x11, 0xff, 0xcd, 0x4a, 0xff, 0xb0, 0x6b, 0xff, 0x27, 0x11, 0xff, 0x27, 0x11, 0xff, 0x27, 0x11, 0xff,
    0x27, 0x11, 0xff, 0xea, 0x29, 0xff, 0x76, 0xa5, 0xff, 0xff, 0xff, 0xff, 0x76, 0xa5, 0xff, 0xb0, 0x6b, 0xff, 0xcd, 0x4a, 0xff, 0x27, 0x11, 0xff,
    0x89, 0x19, 0xff, 0xb0, 0x6b, 0xff, 0xb0, 0x6b, 0xff, 0xb0, 0x6b, 0xff, 0xb0, 0x6b, 0xff, 0xb0, 0x6b, 0xff, 0xb0, 0x6b, 0xff, 0xb0, 0x6b, 0xff,
    0xb0, 0x6b, 0xff, 0x6c, 0x3a, 0xff, 0x27, 0x11, 0xff, 0x89, 0x19, 0xff, 0xb0, 0x6b, 0xff, 0xb0, 0x6b, 0xff, 0x59, 0xc6, 0xff, 0xff, 0xff, 0xff,
    0xff, 0xff, 0xff, 0xcd, 0x4a, 0xff, 0x76, 0xa5, 0xff, 0xff, 0xff, 0xff, 0xff, 0xff, 0xff, 0xcd, 0x4a, 0xff, 0x27, 0x11, 0xff, 0x89, 0x19, 0xff,
    0x12, 0x7c, 0xff, 0x59, 0xc6, 0xff, 0xff, 0xff, 0xff, 0xff, 0xff, 0xff, 0x1c, 0xe7, 0xff, 0xb0, 0x6b, 0xff, 0x27, 0x11, 0xff, 0x27, 0x11, 0xff,
    0xea, 0x29, 0xff, 0x1c, 0xe7, 0xff, 0xff, 0xff, 0xff, 0xb0, 0x6b, 0xff, 0x27, 0x11, 0xff, 0x27, 0x11, 0xff, 0x27, 0x11, 0xff, 0x27, 0x11, 0xff,
    0x27, 0x11, 0xff, 0x27, 0x11, 0xff, 0x27, 0x11, 0xff, 0x27, 0x11, 0xff, 0x27, 0x11, 0xff, 0x27, 0x11, 0xff, 0x27, 0x11, 0xff, 0x27, 0x11, 0xff,
    0x27, 0x11, 0xff, 0x27, 0x11, 0xff, 0x27, 0x11, 0xff, 0x27, 0x11, 0xff, 0x27, 0x11, 0xff, 0x76, 0xa5, 0xff, 0xff, 0xff, 0xff, 0xff, 0xff, 0xff,
    0x9e, 0xf7, 0xff, 0xff, 0xff, 0xff, 0xff, 0xff, 0xff, 0xff, 0xff, 0xff, 0xbb, 0xd6, 0xff, 0x59, 0xc6, 0xff, 0x9e, 0xf7, 0xff, 0xff, 0xff, 0xff,
    0xff, 0xff, 0xff, 0xff, 0xff, 0xff, 0xff, 0xff, 0xff, 0xff, 0xff, 0xff, 0xff, 0xff, 0xff, 0x9e, 0xf7, 0xff, 0xd8, 0xb5, 0xff, 0x59, 0xc6, 0xff,
    0xff, 0xff, 0xff, 0xff, 0xff, 0xff, 0xff, 0xff, 0xff, 0xff, 0xff, 0xff, 0xff, 0xff, 0xff, 0xff, 0xff, 0xff, 0xff, 0xff, 0xff, 0xff, 0xff, 0xff,
    0xff, 0xff, 0xff, 0xff, 0xff, 0xff, 0xff, 0xff, 0xff, 0xff, 0xff, 0xff, 0xff, 0xff, 0xff, 0xff, 0xff, 0xff, 0xff, 0xff, 0xff, 0xff, 0xff, 0xff,
    0xff, 0xff, 0xff, 0xff, 0xff, 0xff, 0xff, 0xff, 0xff, 0xff, 0xff, 0xff, 0xff, 0xff, 0xff,
};

const lv_img_dsc_t home_text_settings_img = {
    .header.cf = LV_IMG_CF_TRUE_COLOR_ALPHA,
    .header.always_zero = 0,
    .header.reserved = 0,
    .header.w = 39,
    .header.h = 19,
    .data_size = 39 * 19 * LV_IMG_PX_SIZE_ALPHA_BYTE,
    .data = home_text_settings_img_map,
};

static const LV_ATTRIBUTE_MEM_ALIGN LV_ATTRIBUTE_LARGE_CONST uint8_t home_text_settings_desc_img_map[] = {
    0x7a, 0xc6, 0xff, 0x7a, 0xc6, 0xff, 0x7a, 0xc6, 0xff, 0x7a, 0xc6, 0xff, 0x7a, 0xc6, 0xff, 0x7a, 0xc6, 0xff, 0x7e, 0xef, 0xff, 0xfc, 0xde, 0xff,
    0xfc, 0xde, 0xff, 0xfc, 0xde, 0xff, 0xfc, 0xde, 0xff, 0xfc, 0xde, 0xff, 0x7e, 0xef, 0xff, 0xff, 0xff, 0xff, 0xbe, 0xf7, 0xff, 0x7a, 0xc6, 0xff,
    0x7a, 0xc6, 0xff, 0x7a, 0xc6, 0xff, 0x7a, 0xc6, 0xff, 0x7a, 0xc6, 0xff, 0x7a, 0xc6, 0xff, 0x7a, 0xc6, 0xff, 0x7a, 0xc6, 0xff, 0x7a, 0xc6, 0xff,
    0x7a, 0xc6, 0xff, 0x7a, 0xc6, 0xff, 0xff, 0xff, 0xff, 0xff, 0xff, 0xff, 0xff, 0xff, 0xff, 0xff, 0xff, 0xff, 0x9b, 0xce, 0xff, 0x56, 0x9d, 0xff,
    0xbf, 0xf7, 0xff, 0xff, 0xff, 0xff, 0xff, 0xff, 0xff, 0xd8, 0xb5, 0xff, 0xd8, 0xb5, 0xff, 0xff, 0xff, 0xff, 0xff, 0xff, 0xff, 0xff, 0xff, 0xff,
    0xff, 0xff, 0xff, 0xff, 0xff, 0xff, 0xff, 0xff, 0xff, 0xff, 0xff, 0xff, 0xff, 0xff, 0xff, 0xff, 0xff, 0xff, 0xff, 0xff, 0xff, 0x97, 0xad, 0xff,
    0x33, 0x74, 0xff, 0xfc, 0xde, 0xff, 0xff, 0xff, 0xff, 0xff, 0xff, 0xff, 0xff, 0xff, 0xff, 0xff, 0xff, 0xff, 0xff, 0xff, 0xff, 0xff, 0xff, 0xff,
    0xff, 0xff, 0xff, 0xff, 0xff, 0xff, 0xff, 0xff, 0xff, 0x3d, 0xe7, 0xff, 0x7e, 0xef, 0xff, 0xff, 0xff, 0xff, 0xff, 0xff, 0xff, 0xff, 0xff, 0xff,
    0xff, 0xff, 0xff, 0xff, 0xff, 0xff, 0xff, 0xff, 0xff, 0xff, 0xff, 0xff, 0xff, 0xff, 0xff, 0xff, 0xff, 0xff, 0xff, 0xff, 0xff, 0xff, 0xff, 0xff,
    0xff, 0xff, 0xff, 0xff, 0xff, 0xff, 0x3d, 0xe7, 0xff, 0xfc, 0xde, 0xff, 0xff, 0xff, 0xff, 0xff, 0xff, 0xff, 0xff, 0xff, 0xff, 0xff, 0xff, 0xff,
    0x3d, 0xe7, 0xff, 0xbb, 0xce, 0xff, 0x3d, 0xe7, 0xff, 0xbf, 0xf7, 0xff, 0xbb, 0xce, 0xff, 0xbf, 0xf7, 0xff, 0xb1, 0x63, 0xff, 0xb1, 0x63, 0xff,
    0xb1, 0x63, 0xff, 0xb1, 0x63, 0xff, 0xb1, 0x63, 0xff, 0xb1, 0x63, 0xff, 0xd8, 0xb5, 0xff, 0xb1, 0x63, 0xff, 0xb1, 0x63, 0xff, 0xb1, 0x63, 0xff,
    0xb1, 0x63, 0xff, 0xb1, 0x63, 0xff, 0xd8, 0xb5, 0xff, 0xff, 0xff, 0xff, 0x7e, 0xef, 0xff, 0xb1, 0x63, 0xff, 0x33, 0x74, 0xff, 0xb4, 0x8c, 0xff,
    0xb1, 0x63, 0xff, 0xf2, 0x6b, 0xff, 0xb4, 0x8c, 0xff, 0xf2, 0x6b, 0xff, 0xf2, 0x6b, 0xff, 0xb4, 0x8c, 0xff, 0x33, 0x74, 0xff, 0xb1, 0x63, 0xff,
    0xff, 0xff, 0xff, 0xff, 0xff, 0xff, 0xff, 0xff, 0xff, 0xff, 0xff, 0xff, 0x74, 0x84, 0xff, 0x33, 0x74, 0xff, 0xff, 0xff, 0xff, 0xff, 0xff, 0xff,
    0xff, 0xff, 0xff, 0xd8, 0xb5, 0xff, 0xb1, 0x63, 0xff, 0xfc, 0xde, 0xff, 0xff, 0xff, 0xff, 0xff, 0xff, 0xff, 0xff, 0xff, 0xff, 0xff, 0xff, 0xff,
    0xff, 0xff, 0xff, 0xff, 0xff, 0xff, 0x56, 0x9d, 0xff, 0x56, 0x9d, 0xff, 0x56, 0x9d, 0xff, 0x33, 0x74, 0xff, 0xb1, 0x63, 0xff, 0x56, 0x9d, 0xff,
    0x56, 0x9d, 0xff, 0x56, 0x9d, 0xff, 0x97, 0xad, 0xff, 0xff, 0xff, 0xff, 0xff, 0xff, 0xff, 0xff, 0xff, 0xff, 0xff, 0xff, 0xff, 0xff, 0xff, 0xff,
    0x7e, 0xef, 0xff, 0xb1, 0x63, 0xff, 0xfc, 0xde, 0xff, 0xff, 0xff, 0xff, 0xff, 0xff, 0xff, 0xff, 0xff, 0xff, 0xff, 0xff, 0xff, 0xff, 0xff, 0xff,
    0xff, 0xff, 0xff, 0xff, 0xff, 0xff, 0xff, 0xff, 0xff, 0xff, 0xff, 0xff, 0xff, 0xff, 0xff, 0xff, 0xff, 0xff, 0xff, 0xff, 0xff, 0xbe, 0xf7, 0xff,
    0xb1, 0x63, 0xff, 0xb1, 0x63, 0xff, 0x3d, 0xe7, 0xff, 0xff, 0xff, 0xff, 0xff, 0xff, 0xff, 0xf5, 0x94, 0xff, 0xb1, 0x63, 0xff, 0xb1, 0x63, 0xff,
    0x15, 0x95, 0xff, 0x97, 0xad, 0xff, 0xb1, 0x63, 0xff, 0x56, 0x9d, 0xff, 0x7e, 0xef, 0xff, 0xfc, 0xde, 0xff, 0xb1, 0x63, 0xff, 0x97, 0xa5, 0xff,
    0x15, 0x95, 0xff, 0x7e, 0xef, 0xff, 0x7e, 0xef, 0xff, 0x7a, 0xc6, 0xff, 0x7a, 0xc6, 0xff, 0x7a, 0xc6, 0xff, 0x19, 0xbe, 0xff, 0xb1, 0x63, 0xff,
    0xd8, 0xb5, 0xff, 0xff, 0xff, 0xff, 0x7e, 0xef, 0xff, 0xb1, 0x63, 0xff, 0xf5, 0x94, 0xff, 0x7a, 0xc6, 0xff, 0xb1, 0x63, 0xff, 0xb4, 0x8c, 0xff,
    0x7a, 0xc6, 0xff, 0xf2, 0x6b, 0xff, 0x33, 0x74, 0xff, 0x7a, 0xc6, 0xff, 0xb5, 0x8c, 0xff, 0xb1, 0x63, 0xff, 0xff, 0xff, 0xff, 0xff, 0xff, 0xff,
    0xff, 0xff, 0xff, 0xfc, 0xde, 0xff, 0xb1, 0x63, 0xff, 0x97, 0xa5, 0xff, 0x56, 0x9d, 0xff, 0x56, 0x9d, 0xff, 0x56, 0x9d, 0xff, 0x15, 0x95, 0xff,
    0xf2, 0x6b, 0xff, 0x15, 0x95, 0xff, 0x56, 0x9d, 0xff, 0x56, 0x9d, 0xff, 0x97, 0xad, 0xff, 0xff, 0xff, 0xff, 0xff, 0xff, 0xff, 0xff, 0xff, 0xff,
    0xb1, 0x63, 0xff, 0x33, 0x74, 0xff, 0x56, 0x9d, 0xff, 0x56, 0x9d, 0xff, 0x56, 0x9d, 0xff, 0x56, 0x9d, 0xff, 0x56, 0x9d, 0xff, 0xf2, 0x6b, 0xff,
    0x33, 0x74, 0xff, 0xff, 0xff, 0xff, 0xff, 0xff, 0xff, 0xff, 0xff, 0xff, 0xff, 0xff, 0xff, 0xff, 0xff, 0xff, 0xbb, 0xce, 0xff, 0xb1, 0x63, 0xff,
    0xff, 0xff, 0xff, 0xff, 0xff, 0xff, 0xff, 0xff, 0xff, 0xff, 0xff, 0xff, 0xff, 0xff, 0xff, 0xff, 0xff, 0xff, 0xff, 0xff, 0xff, 0xff, 0xff, 0xff,
    0xff, 0xff, 0xff, 0xff, 0xff, 0xff, 0xff, 0xff, 0xff, 0xff, 0xff, 0xff, 0xff, 0xff, 0xff, 0xbe, 0xf7, 0xff, 0x74, 0x84, 0xff, 0x74, 0x84, 0xff,
    0x7e, 0xef, 0xff, 0xff, 0xff, 0xff, 0xfc, 0xde, 0xff, 0xb1, 0x63, 0xff, 0x33, 0x74, 0xff, 0xbb, 0xce, 0xff, 0x3d, 0xe7, 0xff, 0x19, 0xbe, 0xff,
    0x33, 0x74, 0xff, 0x19, 0xbe, 0xff, 0x97, 0xa5, 0xff, 0x74, 0x84, 0xff, 0xb1, 0x63, 0xff, 0x33, 0x74, 0xff, 0x33, 0x74, 0xff, 0xd4, 0x8c, 0xff,
    0x7e, 0xef, 0xff, 0xff, 0xff, 0xff, 0xff, 0xff, 0xff, 0xff, 0xff, 0xff, 0x7e, 0xef, 0xff, 0xb1, 0x63, 0xff, 0xd8, 0xb5, 0xff, 0xff, 0xff, 0xff,
    0x7e, 0xef, 0xff, 0xb4, 0x8c, 0xff, 0xb4, 0x8c, 0xff, 0xb4, 0x8c, 0xff, 0xb4, 0x8c, 0xff, 0x33, 0x74, 0xff, 0xb1, 0x63, 0xff, 0x74, 0x84, 0xff,
    0xb4, 0x8c, 0xff, 0xb4, 0x8c, 0xff, 0xb4, 0x8c, 0xff, 0xb4, 0x8c, 0xff, 0xff, 0xff, 0xff, 0xff, 0xff, 0xff, 0xff, 0xff, 0xff, 0x33, 0x74, 0xff,
    0xb1, 0x63, 0xff, 0x7a, 0xc6, 0xff, 0xb4, 0x8c, 0xff, 0xb4, 0x8c, 0xff, 0xb4, 0x8c, 0xff, 0xb4, 0x8c, 0xff, 0xb4, 0x8c, 0xff, 0xb4, 0x8c, 0xff,
    0xb4, 0x8c, 0xff, 0xb4, 0x8c, 0xff, 0x56, 0x9d, 0xff, 0xff, 0xff, 0xff, 0xff, 0xff, 0xff, 0xff, 0xff, 0xff, 0xb1, 0x63, 0xff, 0x33, 0x74, 0xff,
    0xd4, 0x8c, 0xff, 0xd4, 0x8c, 0xff, 0xd4, 0x8c, 0xff, 0xd4, 0x8c, 0xff, 0xd4, 0x8c, 0xff, 0xb1, 0x63, 0xff, 0x33, 0x74, 0xff, 0xff, 0xff, 0xff,
    0xff, 0xff, 0xff, 0xff, 0xff, 0xff, 0xff, 0xff, 0xff, 0xff, 0xff, 0xff, 0x56, 0x9d, 0xff, 0xd4, 0x8c, 0xff, 0xff, 0xff, 0xff, 0xff, 0xff, 0xff,
    0xff, 0xff, 0xff, 0xff, 0xff, 0xff, 0xff, 0xff, 0xff, 0xff, 0xff, 0xff, 0xff, 0xff, 0xff, 0xff, 0xff, 0xff, 0xff, 0xff, 0xff, 0xff, 0xff, 0xff,
    0xff, 0xff, 0xff, 0xff, 0xff, 0xff, 0xff, 0xff, 0xff, 0xff, 0xff, 0xff, 0xff, 0xff, 0xff, 0xff, 0xff, 0xff, 0xff, 0xff, 0xff, 0xff, 0xff, 0xff,
    0x7a, 0xc6, 0xff, 0xb1, 0x63, 0xff, 0x15, 0x95, 0xff, 0xff, 0xff, 0xff, 0xff, 0xff, 0xff, 0xff, 0xff, 0xff, 0xff, 0xff, 0xff, 0xff, 0xff, 0xff,
    0xb4, 0x8c, 0xff, 0x74, 0x84, 0xff, 0xf2, 0x6b, 0xff, 0x33, 0x74, 0xff, 0xb4, 0x8c, 0xff, 0xb1, 0x63, 0xff, 0x7e, 0xef, 0xff, 0xff, 0xff, 0xff,
    0xff, 0xff, 0xff, 0xff, 0xff, 0xff, 0x7e, 0xef, 0xff, 0xb1, 0x63, 0xff, 0xd8, 0xb5, 0xff, 0xff, 0xff, 0xff, 0x19, 0xbe, 0xff, 0xd4, 0x8c, 0xff,
    0xd4, 0x8c, 0xff, 0xd4, 0x8c, 0xff, 0xd4, 0x8c, 0xff, 0xf2, 0x6b, 0xff, 0xb1, 0x63, 0xff, 0xd4, 0x8c, 0xff, 0xd4, 0x8c, 0xff, 0xd4, 0x8c, 0xff,
    0xd4, 0x8c, 0xff, 0xd4, 0x8c, 0xff, 0xbb, 0xce, 0xff, 0xff, 0xff, 0xff, 0xd8, 0xb5, 0xff, 0xb1, 0x63, 0xff, 0xb1, 0x63, 0xff, 0x7e, 0xef, 0xff,
    0x3d, 0xe7, 0xff, 0x56, 0x9d, 0xff, 0x56, 0x9d, 0xff, 0x56, 0x9d, 0xff, 0x56, 0x9d, 0xff, 0x56, 0x9d, 0xff, 0x56, 0x9d, 0xff, 0x97, 0xad, 0xff,
    0xff, 0xff, 0xff, 0xff, 0xff, 0xff, 0xff, 0xff, 0xff, 0xff, 0xff, 0xff, 0xb1, 0x63, 0xff, 0x74, 0x84, 0xff, 0xd8, 0xb5, 0xff, 0xd8, 0xb5, 0xff,
    0xd8, 0xb5, 0xff, 0xd8, 0xb5, 0xff, 0xd8, 0xb5, 0xff, 0xf2, 0x6b, 0xff, 0x33, 0x74, 0xff, 0xff, 0xff, 0xff, 0xff, 0xff, 0xff, 0xff, 0xff, 0xff,
    0xff, 0xff, 0xff, 0xff, 0xff, 0xff, 0x74, 0x84, 0xff, 0xd8, 0xb5, 0xff, 0xff, 0xff, 0xff, 0xd8, 0xb5, 0xff, 0xd4, 0x8c, 0xff, 0xbb, 0xce, 0xff,
    0xff, 0xff, 0xff, 0xbe, 0xf7, 0xff, 0xd4, 0x8c, 0xff, 0xd4, 0x8c, 0xff, 0xff, 0xff, 0xff, 0xff, 0xff, 0xff, 0x9b, 0xce, 0xff, 0xd4, 0x8c, 0xff,
    0xbb, 0xce, 0xff, 0xff, 0xff, 0xff, 0xd4, 0x8c, 0xff, 0xd4, 0x8c, 0xff, 0x7e, 0xef, 0xff, 0x5a, 0xc6, 0xff, 0x33, 0x74, 0xff, 0xb1, 0x63, 0xff,
    0x33, 0x74, 0xff, 0xd4, 0x8c, 0xff, 0x7e, 0xef, 0xff, 0x5a, 0xc6, 0xff, 0xd4, 0x8c, 0xff, 0x5a, 0xc6, 0xff, 0xb4, 0x8c, 0xff, 0xd8, 0xb5, 0xff,
    0x33, 0x74, 0xff, 0x56, 0x9d, 0xff, 0x7a, 0xc6, 0xff, 0xb1, 0x63, 0xff, 0x7e, 0xef, 0xff, 0xb1, 0x63, 0xff, 0xb1, 0x63, 0xff, 0xb1, 0x63, 0xff,
    0xb1, 0x63, 0xff, 0xb1, 0x63, 0xff, 0xd8, 0xb5, 0xff, 0xff, 0xff, 0xff, 0xbb, 0xce, 0xff, 0xd8, 0xb5, 0xff, 0xd8, 0xb5, 0xff, 0xd8, 0xb5, 0xff,
    0xd8, 0xb5, 0xff, 0x33, 0x74, 0xff, 0xf2, 0x6b, 0xff, 0xd8, 0xb5, 0xff, 0xd8, 0xb5, 0xff, 0xd8, 0xb5, 0xff, 0xd8, 0xb5, 0xff, 0xd8, 0xb5, 0xff,
    0x3d, 0xe7, 0xff, 0x7e, 0xef, 0xff, 0xb1, 0x63, 0xff, 0xb1, 0x63, 0xff, 0xb1, 0x63, 0xff, 0x7e, 0xef, 0xff, 0x3d, 0xe7, 0xff, 0xb4, 0x8c, 0xff,
    0xb4, 0x8c, 0xff, 0xb4, 0x8c, 0xff, 0xb4, 0x8c, 0xff, 0xb4, 0x8c, 0xff, 0xb4, 0x8c, 0xff, 0x56, 0x9d, 0xff, 0xff, 0xff, 0xff, 0xff, 0xff, 0xff,
    0xff, 0xff, 0xff, 0xff, 0xff, 0xff, 0xb1, 0x63, 0xff, 0xf2, 0x6b, 0xff, 0x33, 0x74, 0xff, 0x33, 0x74, 0xff, 0x33, 0x74, 0xff, 0x33, 0x74, 0xff,
    0x33, 0x74, 0xff, 0xb1, 0x63, 0xff, 0x33, 0x74, 0xff, 0xff, 0xff, 0xff, 0xff, 0xff, 0xff, 0xff, 0xff, 0xff, 0xff, 0xff, 0xff, 0x7e, 0xef, 0xff,
    0xb1, 0x63, 0xff, 0xfc, 0xde, 0xff, 0xff, 0xff, 0xff, 0x19, 0xbe, 0xff, 0xb1, 0x63, 0xff, 0x97, 0xa5, 0xff, 0xff, 0xff, 0xff, 0xbb, 0xce, 0xff,
    0xb1, 0x63, 0xff, 0xb1, 0x63, 0xff, 0x7e, 0xef, 0xff, 0xff, 0xff, 0xff, 0xf5, 0x94, 0xff, 0xb1, 0x63, 0xff, 0x3d, 0xe7, 0xff, 0xff, 0xff, 0xff,
    0xb1, 0x63, 0xff, 0xb1, 0x63, 0xff, 0x7e, 0xef, 0xff, 0x19, 0xbe, 0xff, 0xf2, 0x6b, 0xff, 0xb1, 0x63, 0xff, 0xf2, 0x6b, 0xff, 0x33, 0x74, 0xff,
    0x7e, 0xef, 0xff, 0xd8, 0xb5, 0xff, 0xb1, 0x63, 0xff, 0xd8, 0xb5, 0xff, 0xb4, 0x8c, 0xff, 0xd8, 0xb5, 0xff, 0x74, 0x84, 0xff, 0x56, 0x9d, 0xff,
    0x7a, 0xc6, 0xff, 0xb1, 0x63, 0xff, 0x7e, 0xef, 0xff, 0xb1, 0x63, 0xff, 0x33, 0x74, 0xff, 0x56, 0x9d, 0xff, 0x15, 0x95, 0xff, 0xb1, 0x63, 0xff,
    0xd8, 0xb5, 0xff, 0xff, 0xff, 0xff, 0xff, 0xff, 0xff, 0xfc, 0xde, 0xff, 0xb1, 0x63, 0xff, 0xb1, 0x63, 0xff, 0xb1, 0x63, 0xff, 0xb1, 0x63, 0xff,
    0xb1, 0x63, 0xff, 0xb1, 0x63, 0xff, 0xb1, 0x63, 0xff, 0xb1, 0x63, 0xff, 0xb1, 0x63, 0xff, 0xff, 0xff, 0xff, 0xff, 0xff, 0xff, 0xff, 0xff, 0xff,
    0x15, 0x95, 0xff, 0xd8, 0xb5, 0xff, 0xb1, 0x63, 0xff, 0x7e, 0xef, 0xff, 0x7e, 0xef, 0xff, 0xd8, 0xb5, 0xff, 0xd8, 0xb5, 0xff, 0xd8, 0xb5, 0xff,
    0xd8, 0xb5, 0xff, 0xd8, 0xb5, 0xff, 0xd8, 0xb5, 0xff, 0x19, 0xbe, 0xff, 0xff, 0xff, 0xff, 0xff, 0xff, 0xff, 0xff, 0xff, 0xff, 0xff, 0xff, 0xff,
    0xb1, 0x63, 0xff, 0xd4, 0x8c, 0xff, 0x7a, 0xc6, 0xff, 0x7a, 0xc6, 0xff, 0x7a, 0xc6, 0xff, 0x7a, 0xc6, 0xff, 0x7a, 0xc6, 0xff, 0xf2, 0x6b, 0xff,
    0x33, 0x74, 0xff, 0xff, 0xff, 0xff, 0xff, 0xff, 0xff, 0xff, 0xff, 0xff, 0xff, 0xff, 0xff, 0xbb, 0xce, 0xff, 0xb1, 0x63, 0xff, 0xff, 0xff, 0xff,
    0xff, 0xff, 0xff, 0x3d, 0xe7, 0xff, 0xb1, 0x63, 0xff, 0xd4, 0x8c, 0xff, 0xff, 0xff, 0xff, 0x97, 0xad, 0xff, 0x74, 0x84, 0xff, 0xb1, 0x63, 0xff,
    0x19, 0xbe, 0xff, 0xff, 0xff, 0xff, 0x33, 0x74, 0xff, 0xf2, 0x6b, 0xff, 0xff, 0xff, 0xff, 0xff, 0xff, 0xff, 0xb1, 0x63, 0xff, 0xb1, 0x63, 0xff,
    0x7e, 0xef, 0xff, 0xff, 0xff, 0xff, 0x7a, 0xc6, 0xff, 0xb1, 0x63, 0xff, 0x56, 0x9d, 0xff, 0xff, 0xff, 0xff, 0xff, 0xff, 0xff, 0xd8, 0xb5, 0xff,
    0xb1, 0x63, 0xff, 0xd8, 0xb5, 0xff, 0xb4, 0x8c, 0xff, 0x74, 0x84, 0xff, 0x56, 0x9d, 0xff, 0x19, 0xbe, 0xff, 0xf2, 0x6b, 0xff, 0xb1, 0x63, 0xff,
    0x7e, 0xef, 0xff, 0xb1, 0x63, 0xff, 0x56, 0x9d, 0xff, 0xff, 0xff, 0xff, 0xbe, 0xf7, 0xff, 0xd8, 0xb5, 0xff, 0xfc, 0xde, 0xff, 0xff, 0xff, 0xff,
    0xff, 0xff, 0xff, 0xfc, 0xde, 0xff, 0xb1, 0x63, 0xff, 0x15, 0x95, 0xff, 0xd8, 0xb5, 0xff, 0xd8, 0xb5, 0xff, 0xd8, 0xb5, 0xff, 0xd8, 0xb5, 0xff,
    0xd8, 0xb5, 0xff, 0x74, 0x84, 0xff, 0xb1, 0x63, 0xff, 0xff, 0xff, 0xff, 0xff, 0xff, 0xff, 0xff, 0xff, 0xff, 0xff, 0xff, 0xff, 0x7a, 0xc6, 0xff,
    0xb1, 0x63, 0xff, 0x7e, 0xef, 0xff, 0x3d, 0xe7, 0xff, 0xb4, 0x8c, 0xff, 0xb4, 0x8c, 0xff, 0xb4, 0x8c, 0xff, 0xb4, 0x8c, 0xff, 0xb4, 0x8c, 0xff,
    0xb4, 0x8c, 0xff, 0x56, 0x9d, 0xff, 0xff, 0xff, 0xff, 0xff, 0xff, 0xff, 0xff, 0xff, 0xff, 0xff, 0xff, 0xff, 0xb1, 0x63, 0xff, 0xb1, 0x63, 0xff,
    0xb1, 0x63, 0xff, 0xb1, 0x63, 0xff, 0xb1, 0x63, 0xff, 0xb1, 0x63, 0xff, 0xb1, 0x63, 0xff, 0xb1, 0x63, 0xff, 0x33, 0x74, 0xff, 0xff, 0xff, 0xff,
    0xff, 0xff, 0xff, 0xff, 0xff, 0xff, 0xff, 0xff, 0xff, 0x56, 0x9d, 0xff, 0xd4, 0x8c, 0xff, 0xff, 0xff, 0xff, 0xff, 0xff, 0xff, 0xff, 0xff, 0xff,
    0xf2, 0x6b, 0xff, 0xf2, 0x6b, 0xff, 0xbf, 0xf7, 0xff, 0x74, 0x84, 0xff, 0x97, 0xa5, 0xff, 0xf2, 0x6b, 0xff, 0x56, 0x9d, 0xff, 0x7e, 0xef, 0xff,
    0xb1, 0x63, 0xff, 0x15, 0x95, 0xff, 0xff, 0xff, 0xff, 0xff, 0xff, 0xff, 0xb1, 0x63, 0xff, 0xb1, 0x63, 0xff, 0x7e, 0xef, 0xff, 0xff, 0xff, 0xff,
    0x7a, 0xc6, 0xff, 0xb1, 0x63, 0xff, 0x56, 0x9d, 0xff, 0xff, 0xff, 0xff, 0xff, 0xff, 0xff, 0xd8, 0xb5, 0xff, 0xb1, 0x63, 0xff, 0xd8, 0xb5, 0xff,
    0xb4, 0x8c, 0xff, 0x97, 0xa5, 0xff, 0x3d, 0xe7, 0xff, 0x7e, 0xef, 0xff, 0xfc, 0xde, 0xff, 0xb1, 0x63, 0xff, 0x7e, 0xef, 0xff, 0xb1, 0x63, 0xff,
    0x56, 0x9d, 0xff, 0xff, 0xff, 0xff, 0xff, 0xff, 0xff, 0xff, 0xff, 0xff, 0xff, 0xff, 0xff, 0xff, 0xff, 0xff, 0xff, 0xff, 0xff, 0xfc, 0xde, 0xff,
    0xb1, 0x63, 0xff, 0x56, 0x9d, 0xff, 0x7a, 0xc6, 0xff, 0x7a, 0xc6, 0xff, 0x7a, 0xc6, 0xff, 0x7a, 0xc6, 0xff, 0x7a, 0xc6, 0xff, 0xb5, 0x8c, 0xff,
    0xb1, 0x63, 0xff, 0xff, 0xff, 0xff, 0xff, 0xff, 0xff, 0xff, 0xff, 0xff, 0xff, 0xff, 0xff, 0x7a, 0xc6, 0xff, 0xb1, 0x63, 0xff, 0x7e, 0xef, 0xff,
    0x7e, 0xef, 0xff, 0x7a, 0xc6, 0xff, 0x7a, 0xc6, 0xff, 0x7a, 0xc6, 0xff, 0x7a, 0xc6, 0xff, 0x7a, 0xc6, 0xff, 0x7a, 0xc6, 0xff, 0x7a, 0xc6, 0xff,
    0xff, 0xff, 0xff, 0xff, 0xff, 0xff, 0xff, 0xff, 0xff, 0xff, 0xff, 0xff, 0xfc, 0xde, 0xff, 0xfc, 0xde, 0xff, 0xfc, 0xde, 0xff, 0x56, 0x9d, 0xff,
    0xb1, 0x63, 0xff, 0x5a, 0xc6, 0xff, 0xfc, 0xde, 0xff, 0xfc, 0xde, 0xff, 0xfc, 0xde, 0xff, 0x7e, 0xef, 0xff, 0xff, 0xff, 0xff, 0xff, 0xff, 0xff,
    0xff, 0xff, 0xff, 0x33, 0x74, 0xff, 0xd8, 0xb5, 0xff, 0xff, 0xff, 0xff, 0xff, 0xff, 0xff, 0xff, 0xff, 0xff, 0xf5, 0x94, 0xff, 0xb1, 0x63, 0xff,
    0xfc, 0xde, 0xff, 0xb1, 0x63, 0xff, 0x5a, 0xc6, 0xff, 0xf5, 0x94, 0xff, 0xf2, 0x6b, 0xff, 0xbb, 0xce, 0xff, 0xb1, 0x63, 0xff, 0x19, 0xbe, 0xff,
    0xff, 0xff, 0xff, 0xff, 0xff, 0xff, 0xb1, 0x63, 0xff, 0xb1, 0x63, 0xff, 0x7e, 0xef, 0xff, 0xff, 0xff, 0xff, 0x7a, 0xc6, 0xff, 0xb1, 0x63, 0xff,
    0x56, 0x9d, 0xff, 0xff, 0xff, 0xff, 0xff, 0xff, 0xff, 0xd8, 0xb5, 0xff, 0xb1, 0x63, 0xff, 0xd8, 0xb5, 0xff, 0xb4, 0x8c, 0xff, 0xb1, 0x63, 0xff,
    0xb1, 0x63, 0xff, 0xb1, 0x63, 0xff, 0xb1, 0x63, 0xff, 0xb1, 0x63, 0xff, 0x7e, 0xef, 0xff, 0xb1, 0x63, 0xff, 0x56, 0x9d, 0xff, 0xff, 0xff, 0xff,
    0xff, 0xff, 0xff, 0xfc, 0xde, 0xff, 0x7e, 0xef, 0xff, 0xff, 0xff, 0xff, 0xff, 0xff, 0xff, 0xfc, 0xde, 0xff, 0xb1, 0x63, 0xff, 0x33, 0x74, 0xff,
    0xb4, 0x8c, 0xff, 0xb4, 0x8c, 0xff, 0xb4, 0x8c, 0xff, 0xb4, 0x8c, 0xff, 0xb4, 0x8c, 0xff, 0x33, 0x74, 0xff, 0xb1, 0x63, 0xff, 0xff, 0xff, 0xff,
    0xff, 0xff, 0xff, 0xff, 0xff, 0xff, 0xff, 0xff, 0xff, 0x7a, 0xc6, 0xff, 0xb1, 0x63, 0xff, 0x7e, 0xef, 0xff, 0x7a, 0xc6, 0xff, 0xb1, 0x63, 0xff,
    0x33, 0x74, 0xff, 0x33, 0x74, 0xff, 0x33, 0x74, 0xff, 0x33, 0x74, 0xff, 0xf2, 0x6b, 0xff, 0xb1, 0x63, 0xff, 0xff, 0xff, 0xff, 0xff, 0xff, 0xff,
    0x7e, 0xef, 0xff, 0x33, 0x74, 0xff, 0x5a, 0xc6, 0xff, 0x33, 0x74, 0xff, 0x97, 0xa5, 0xff, 0x7e, 0xef, 0xff, 0xf2, 0x6b, 0xff, 0x74, 0x84, 0xff,
    0xff, 0xff, 0xff, 0xff, 0xff, 0xff, 0x33, 0x74, 0xff, 0x74, 0x84, 0xff, 0xff, 0xff, 0xff, 0xff, 0xff, 0xff, 0x7e, 0xef, 0xff, 0xb1, 0x63, 0xff,
    0xfc, 0xde, 0xff, 0xff, 0xff, 0xff, 0xff, 0xff, 0xff, 0xff, 0xff, 0xff, 0x19, 0xbe, 0xff, 0xb1, 0x63, 0xff, 0x56, 0x9d, 0xff, 0xb1, 0x63, 0xff,
    0x3d, 0xe7, 0xff, 0x19, 0xbe, 0xff, 0xb1, 0x63, 0xff, 0x56, 0x9d, 0xff, 0xb1, 0x63, 0xff, 0xfc, 0xde, 0xff, 0xff, 0xff, 0xff, 0xff, 0xff, 0xff,
    0xb1, 0x63, 0xff, 0xb1, 0x63, 0xff, 0x7e, 0xef, 0xff, 0xff, 0xff, 0xff, 0x7a, 0xc6, 0xff, 0xb1, 0x63, 0xff, 0x56, 0x9d, 0xff, 0xff, 0xff, 0xff,
    0xff, 0xff, 0xff, 0xd8, 0xb5, 0xff, 0xb1, 0x63, 0xff, 0xd8, 0xb5, 0xff, 0xb4, 0x8c, 0xff, 0x97, 0xa5, 0xff, 0x7e, 0xef, 0xff, 0x7e, 0xef, 0xff,
    0xfc, 0xde, 0xff, 0xb1, 0x63, 0xff, 0x7e, 0xef, 0xff, 0xb1, 0x63, 0xff, 0x56, 0x9d, 0xff, 0xff, 0xff, 0xff, 0xff, 0xff, 0xff, 0xd8, 0xb5, 0xff,
    0xb1, 0x63, 0xff, 0xff, 0xff, 0xff, 0xff, 0xff, 0xff, 0xfc, 0xde, 0xff, 0xb1, 0x63, 0xff, 0xb4, 0x8c, 0xff, 0x56, 0x9d, 0xff, 0x56, 0x9d, 0xff,
    0x56, 0x9d, 0xff, 0x56, 0x9d, 0xff, 0x56, 0x9d, 0xff, 0x33, 0x74, 0xff, 0xb1, 0x63, 0xff, 0xff, 0xff, 0xff, 0xff, 0xff, 0xff, 0xff, 0xff, 0xff,
    0xff, 0xff, 0xff, 0x7a, 0xc6, 0xff, 0xb1, 0x63, 0xff, 0x7e, 0xef, 0xff, 0x7a, 0xc6, 0xff, 0xb1, 0x63, 0xff, 0xff, 0xff, 0xff, 0xff, 0xff, 0xff,
    0xff, 0xff, 0xff, 0xff, 0xff, 0xff, 0xd8, 0xb5, 0xff, 0xb1, 0x63, 0xff, 0xff, 0xff, 0xff, 0xff, 0xff, 0xff, 0x5a, 0xc6, 0xff, 0xb1, 0x63, 0xff,
    0xbb, 0xce, 0xff, 0xb1, 0x63, 0xff, 0x56, 0x9d, 0xff, 0xff, 0xff, 0xff, 0x19, 0xbe, 0xff, 0x97, 0xa5, 0xff, 0xbb, 0xce, 0xff, 0x56, 0x9d, 0xff,
    0x56, 0x9d, 0xff, 0xb1, 0x63, 0xff, 0x5a, 0xc6, 0xff, 0xff, 0xff, 0xff, 0x5a, 0xc6, 0xff, 0xb1, 0x63, 0xff, 0xff, 0xff, 0xff, 0xff, 0xff, 0xff,
    0xff, 0xff, 0xff, 0xff, 0xff, 0xff, 0x7e, 0xef, 0xff, 0xb1, 0x63, 0xff, 0xf2, 0x6b, 0xff, 0xf2, 0x6b, 0xff, 0xff, 0xff, 0xff, 0xfc, 0xde, 0xff,
    0xb1, 0x63, 0xff, 0xb1, 0x63, 0xff, 0xf2, 0x6b, 0xff, 0xff, 0xff, 0xff, 0xff, 0xff, 0xff, 0xff, 0xff, 0xff, 0xb1, 0x63, 0xff, 0xb1, 0x63, 0xff,
    0x7e, 0xef, 0xff, 0xff, 0xff, 0xff, 0x7a, 0xc6, 0xff, 0xb1, 0x63, 0xff, 0x56, 0x9d, 0xff, 0xff, 0xff, 0xff, 0xff, 0xff, 0xff, 0xd8, 0xb5, 0xff,
    0xb1, 0x63, 0xff, 0xd8, 0xb5, 0xff, 0xb4, 0x8c, 0xff, 0xb1, 0x63, 0xff, 0xb1, 0x63, 0xff, 0xb1, 0x63, 0xff, 0xb1, 0x63, 0xff, 0xb1, 0x63, 0xff,
    0x7e, 0xef, 0xff, 0xb1, 0x63, 0xff, 0x74, 0x84, 0xff, 0xd8, 0xb5, 0xff, 0xd8, 0xb5, 0xff, 0x33, 0x74, 0xff, 0x73, 0x84, 0xff, 0xff, 0xff, 0xff,
    0x3d, 0xe7, 0xff, 0x19, 0xbe, 0xff, 0xb1, 0x63, 0xff, 0x15, 0x95, 0xff, 0xd8, 0xb5, 0xff, 0xd8, 0xb5, 0xff, 0xd8, 0xb5, 0xff, 0xd8, 0xb5, 0xff,
    0xd8, 0xb5, 0xff, 0x74, 0x84, 0xff, 0xb1, 0x63, 0xff, 0xfc, 0xde, 0xff, 0x3d, 0xe7, 0xff, 0xff, 0xff, 0xff, 0xff, 0xff, 0xff, 0x7a, 0xc6, 0xff,
    0xb1, 0x63, 0xff, 0x7e, 0xef, 0xff, 0x7a, 0xc6, 0xff, 0xb1, 0x63, 0xff, 0xd8, 0xb5, 0xff, 0xd8, 0xb5, 0xff, 0xd8, 0xb5, 0xff, 0xd8, 0xb5, 0xff,
    0xb4, 0x8c, 0xff, 0xb1, 0x63, 0xff, 0xff, 0xff, 0xff, 0xff, 0xff, 0xff, 0x33, 0x74, 0xff, 0x33, 0x74, 0xff, 0xff, 0xff, 0xff, 0xb1, 0x63, 0xff,
    0x74, 0x84, 0xff, 0xd8, 0xb5, 0xff, 0xd8, 0xb5, 0xff, 0xd8, 0xb5, 0xff, 0x56, 0x9d, 0xff, 0xb1, 0x63, 0xff, 0xbb, 0xce, 0xff, 0xf2, 0x6b, 0xff,
    0x97, 0xa5, 0xff, 0xff, 0xff, 0xff, 0x56, 0x9d, 0xff, 0xd4, 0x8c, 0xff, 0xff, 0xff, 0xff, 0xff, 0xff, 0xff, 0xff, 0xff, 0xff, 0xff, 0xff, 0xff,
    0xff, 0xff, 0xff, 0xf2, 0x6b, 0xff, 0xb1, 0x63, 0xff, 0xd4, 0x8c, 0xff, 0xff, 0xff, 0xff, 0xff, 0xff, 0xff, 0xf2, 0x6b, 0xff, 0xb1, 0x63, 0xff,
    0xd4, 0x8c, 0xff, 0xff, 0xff, 0xff, 0xff, 0xff, 0xff, 0xff, 0xff, 0xff, 0xb1, 0x63, 0xff, 0xb1, 0x63, 0xff, 0x7e, 0xef, 0xff, 0xff, 0xff, 0xff,
    0x7a, 0xc6, 0xff, 0xb1, 0x63, 0xff, 0x56, 0x9d, 0xff, 0xff, 0xff, 0xff, 0xff, 0xff, 0xff, 0xd8, 0xb5, 0xff, 0xb1, 0x63, 0xff, 0xd8, 0xb5, 0xff,
    0xb4, 0x8c, 0xff, 0x15, 0x95, 0xff, 0x7a, 0xc6, 0xff, 0x7a, 0xc6, 0xff, 0x19, 0xbe, 0xff, 0xb1, 0x63, 0xff, 0x7e, 0xef, 0xff, 0x97, 0xad, 0xff,
    0xb1, 0x63, 0xff, 0xb1, 0x63, 0xff, 0xb1, 0x63, 0xff, 0xb1, 0x63, 0xff, 0xd8, 0xb5, 0xff, 0xff, 0xff, 0xff, 0xb4, 0x8c, 0xff, 0x33, 0x74, 0xff,
    0x33, 0x74, 0xff, 0x33, 0x74, 0xff, 0x33, 0x74, 0xff, 0x33, 0x74, 0xff, 0x33, 0x74, 0xff, 0x33, 0x74, 0xff, 0x33, 0x74, 0xff, 0x33, 0x74, 0xff,
    0x33, 0x74, 0xff, 0x33, 0x74, 0xff, 0x15, 0x95, 0xff, 0xff, 0xff, 0xff, 0xff, 0xff, 0xff, 0x7a, 0xc6, 0xff, 0xb1, 0x63, 0xff, 0x7e, 0xef, 0xff,
    0x7a, 0xc6, 0xff, 0xb1, 0x63, 0xff, 0x33, 0x74, 0xff, 0x33, 0x74, 0xff, 0x33, 0x74, 0xff, 0x33, 0x74, 0xff, 0xf2, 0x6b, 0xff, 0xb1, 0x63, 0xff,
    0xff, 0xff, 0xff, 0xff, 0xff, 0xff, 0x7e, 0xef, 0xff, 0xfc, 0xde, 0xff, 0xff, 0xff, 0xff, 0x97, 0xad, 0xff, 0xb1, 0x63, 0xff, 0xb1, 0x63, 0xff,
    0xb1, 0x63, 0xff, 0xb1, 0x63, 0xff, 0xb1, 0x63, 0xff, 0xb4, 0x8c, 0xff, 0xff, 0xff, 0xff, 0x3d, 0xe7, 0xff, 0xff, 0xff, 0xff, 0xff, 0xff, 0xff,
    0x33, 0x74, 0xff, 0xd8, 0xb5, 0xff, 0xff, 0xff, 0xff, 0xff, 0xff, 0xff, 0xff, 0xff, 0xff, 0xff, 0xff, 0xff, 0xff, 0xff, 0xff, 0xff, 0xff, 0xff,
    0xff, 0xff, 0xff, 0xff, 0xff, 0xff, 0xff, 0xff, 0xff, 0xff, 0xff, 0xff, 0xff, 0xff, 0xff, 0xff, 0xff, 0xff, 0xff, 0xff, 0xff, 0xff, 0xff, 0xff,
    0xff, 0xff, 0xff, 0xff, 0xff, 0xff, 0xff, 0xff, 0xff, 0xff, 0xff, 0xff, 0xff, 0xff, 0xff, 0xff, 0xff, 0xff, 0xff, 0xff, 0xff, 0xff, 0xff, 0xff,
    0xff, 0xff, 0xff, 0xff, 0xff, 0xff, 0xff, 0xff, 0xff, 0xff, 0xff, 0xff, 0xff, 0xff, 0xff, 0xff, 0xff, 0xff, 0x3d, 0xe7, 0xff, 0x7e, 0xef, 0xff,
    0xff, 0xff, 0xff, 0xff, 0xff, 0xff, 0xff, 0xff, 0xff, 0xff, 0xff, 0xff, 0xff, 0xff, 0xff, 0xff, 0xff, 0xff, 0xbf, 0xf7, 0xff, 0x7e, 0xef, 0xff,
    0x7e, 0xef, 0xff, 0xbf, 0xf7, 0xff, 0xff, 0xff, 0xff, 0xff, 0xff, 0xff, 0xff, 0xff, 0xff, 0xff, 0xff, 0xff, 0xff, 0xff, 0xff, 0xff, 0xff, 0xff,
    0xff, 0xff, 0xff, 0xff, 0xff, 0xff, 0xff, 0xff, 0xff, 0xff, 0xff, 0xff, 0xff, 0xff, 0xff, 0xff, 0xff, 0xff, 0xff, 0xff, 0xff, 0xff, 0xff, 0xff,
    0xff, 0xff, 0xff, 0xff, 0xff, 0xff, 0xff, 0xff, 0xff, 0x7e, 0xef, 0xff, 0x7a, 0xc6, 0xff, 0xbf, 0xf7, 0xff, 0x7e, 0xef, 0xff, 0xfc, 0xde, 0xff,
    0xff, 0xff, 0xff, 0xff, 0xff, 0xff, 0xff, 0xff, 0xff, 0xff, 0xff, 0xff, 0x7e, 0xef, 0xff, 0xfc, 0xde, 0xff, 0xff, 0xff, 0xff, 0xff, 0xff, 0xff,
    0xff, 0xff, 0xff, 0xff, 0xff, 0xff, 0xff, 0xff, 0xff, 0xff, 0xff, 0xff, 0xff, 0xff, 0xff, 0xff, 0xff, 0xff, 0xff, 0xff, 0xff, 0xff, 0xff, 0xff,
    0xff, 0xff, 0xff, 0xff, 0xff, 0xff, 0xff, 0xff, 0xff, 0xff, 0xff, 0xff, 0xff, 0xff, 0xff, 0x7e, 0xef, 0xff, 0xb1, 0x63, 0xff, 0xfc, 0xde, 0xff,
    0xff, 0xff, 0xff, 0xff, 0xff, 0xff, 0xff, 0xff, 0xff, 0xff, 0xff, 0xff, 0xff, 0xff, 0xff, 0xff, 0xff, 0xff, 0xff, 0xff, 0xff, 0xff, 0xff, 0xff,
    0xff, 0xff, 0xff, 0xff, 0xff, 0xff, 0xff, 0xff, 0xff, 0xff, 0xff, 0xff, 0xff, 0xff, 0xff, 0xff, 0xff, 0xff, 0xff, 0xff, 0xff, 0xff, 0xff, 0xff,
    0xff, 0xff, 0xff, 0xff, 0xff, 0xff, 0xff, 0xff, 0xff, 0xff, 0xff, 0xff, 0xff, 0xff, 0xff, 0xff, 0xff, 0xff, 0xff, 0xff, 0xff, 0xff, 0xff, 0xff,
    0xff, 0xff, 0xff, 0xff, 0xff, 0xff, 0xff, 0xff, 0xff, 0xff, 0xff, 0xff, 0xff, 0xff, 0xff, 0xff, 0xff, 0xff, 0xff, 0xff, 0xff, 0xff, 0xff, 0xff,
    0xff, 0xff, 0xff, 0xff, 0xff, 0xff, 0xff, 0xff, 0xff, 0xff, 0xff, 0xff, 0xff, 0xff, 0xff, 0xff, 0xff, 0xff, 0xff, 0xff, 0xff, 0xff, 0xff, 0xff,
    0xff, 0xff, 0xff, 0xff, 0xff, 0xff, 0xff, 0xff, 0xff, 0xff, 0xff, 0xff, 0xff, 0xff, 0xff, 0xff, 0xff, 0xff, 0xff, 0xff, 0xff, 0xff, 0xff, 0xff,
    0xff, 0xff, 0xff, 0xff, 0xff, 0xff, 0xff, 0xff, 0xff, 0xff, 0xff, 0xff, 0xff, 0xff, 0xff, 0xff, 0xff, 0xff, 0xff, 0xff, 0xff, 0xff, 0xff, 0xff,
    0xff, 0xff, 0xff, 0xff, 0xff, 0xff, 0xff, 0xff, 0xff, 0xff, 0xff, 0xff, 0xff, 0xff, 0xff, 0xff, 0xff, 0xff, 0xff, 0xff, 0xff, 0xff, 0xff, 0xff,
    0xff, 0xff, 0xff, 0xff, 0xff, 0xff, 0xff, 0xff, 0xff, 0xff, 0xff, 0xff, 0xff, 0xff, 0xff, 0xff, 0xff, 0xff, 0xff, 0xff, 0xff, 0xff, 0xff, 0xff,
    0xff, 0xff, 0xff, 0xff, 0xff, 0xff, 0xff, 0xff, 0xff, 0xff, 0xff, 0xff, 0xff, 0xff, 0xff, 0xff, 0xff, 0xff, 0xff, 0xff, 0xff, 0xff, 0xff, 0xff,
    0xff, 0xff, 0xff, 0xff, 0xff, 0xff, 0xff, 0xff, 0xff, 0x3d, 0xe7, 0xff, 0x56, 0x9d, 0xff, 0xff, 0xff, 0xff, 0xff, 0xff, 0xff, 0xff, 0xff, 0xff,
    0xff, 0xff, 0xff, 0xff, 0xff, 0xff, 0xff, 0xff, 0xff, 0xff, 0xff, 0xff, 0xff, 0xff, 0xff, 0xff, 0xff, 0xff, 0xff, 0xff, 0xff, 0xff, 0xff, 0xff,
    0xff, 0xff, 0xff, 0xff, 0xff, 0xff, 0xff, 0xff, 0xff, 0xff, 0xff, 0xff, 0xff, 0xff, 0xff, 0xff, 0xff, 0xff, 0xff, 0xff, 0xff, 0xff, 0xff, 0xff,
    0xff, 0xff, 0xff, 0xff, 0xff, 0xff, 0xff, 0xff, 0xff, 0xff, 0xff, 0xff, 0xff, 0xff, 0xff, 0xff, 0xff, 0xff, 0xff, 0xff, 0xff, 0xff, 0xff, 0xff,
    0xff, 0xff, 0xff, 0xff, 0xff, 0xff,
};

const lv_img_dsc_t home_text_settings_desc_img = {
    .header.cf = LV_IMG_CF_TRUE_COLOR_ALPHA,
    .header.always_zero = 0,
    .header.reserved = 0,
    .header.w = 86,
    .header.h = 15,
    .data_size = 86 * 15 * LV_IMG_PX_SIZE_ALPHA_BYTE,
    .data = home_text_settings_desc_img_map,
};
